replacement_id,replace_sample_id,source_name,source_record_id,source_file_claims,source_file_corpus,source_file_hashes,claim_text,source_evidence_refs,evidence_text,source_label_raw,evidence_status,license_note,candidate_status,candidate_reason,annotator_1_id,annotator_1_label,annotator_1_evidence_status,annotator_1_evidence_locator,annotator_1_reason,annotator_2_id,annotator_2_label,annotator_2_evidence_status,annotator_2_evidence_locator,annotator_2_reason,adjudicated_label,adjudicated_evidence_status,adjudication_reason,notes
replacement_01,demo_06,Sarol-Dev,11,C:\Users\y\Desktop\学术引用不端\成员1反馈 Data\multivers-format\claims-dev.jsonl,C:\Users\y\Desktop\学术引用不端\成员1反馈 Data\multivers-format\corpus.jsonl,claims-dev.jsonl=F7B6DEF22DB00A74D6447DBDCA4299D60D3773FA4D221065A26B85AF1BC8D81A; corpus.jsonl=59F2309E1124C9D2EF8240D9C725E1A9377CED43AE34A13F222C7C42D40D8167,"In a European registry study of 745 patients with COVID-19, Marjot et al. found that cirrhosis patients had a significantly higher mortality rate than patients without cirrhosis (32% vs. 8%, p < 0.001) [<|cit|>].","[{""doc_id"":""31004"",""sentences"":[0],""label"":""ACCURATE""},{""doc_id"":""31003"",""sentences"":[0],""label"":""ACCURATE""}]","[doc_id=31004; sentence=0] Mortality was 32% in patients with cirrhosis compared to 8% in those without (p <0.001).
[doc_id=31003; sentence=0] Between 25th March and 8th July 2020, data on 745 patients with CLD and SARS- CoV-2 (including 386 with and 359 without cirrhosis) were collected by 2 international registries and compared to data on non-CLD patients with SARS- CoV-2 from a UK hospital network.",ACCURATE|ACCURATE,已定位,沿用原 Sarol-Dev 来源许可说明；候选仅作项目内部质控，不对外再发布全文。,候选待确认；陈明进独立复核空表,原示范行无 evidence；该候选来自同一 claims-dev/corpus 版本，保留原始 evidence 文本和句号，供双方独立复核；不把 source_label_raw 直接当作项目标签。,member1_chenmingjin,,,,,,,,,,,,,独立复核空表；不含李云标签和理由；确认替换后再并入 demo30 主表。
replacement_02,demo_08,Sarol-Dev,13,C:\Users\y\Desktop\学术引用不端\成员1反馈 Data\multivers-format\claims-dev.jsonl,C:\Users\y\Desktop\学术引用不端\成员1反馈 Data\multivers-format\corpus.jsonl,claims-dev.jsonl=F7B6DEF22DB00A74D6447DBDCA4299D60D3773FA4D221065A26B85AF1BC8D81A; corpus.jsonl=59F2309E1124C9D2EF8240D9C725E1A9377CED43AE34A13F222C7C42D40D8167,Preexisting chronic liver disease (CLD) may predispose a person to adverse outcomes following COVID-19 because of immune dysregulation. <|cit|>,"[{""doc_id"":""31002"",""sentences"":[0],""label"":""ACCURATE""}]","[doc_id=31002; sentence=0] Chronic liver disease (CLD) and cirrhosis are associated with immune dysregulation, leading to concerns that affected patients may be at risk of adverse outcomes following SARS-CoV-2 infection.",ACCURATE,已定位,沿用原 Sarol-Dev 来源许可说明；候选仅作项目内部质控，不对外再发布全文。,候选待确认；陈明进独立复核空表,原示范行无 evidence；该候选来自同一 claims-dev/corpus 版本，保留原始 evidence 文本和句号，供双方独立复核；不把 source_label_raw 直接当作项目标签。,member1_chenmingjin,,,,,,,,,,,,,独立复核空表；不含李云标签和理由；确认替换后再并入 demo30 主表。
replacement_03,demo_09,Sarol-Dev,14,C:\Users\y\Desktop\学术引用不端\成员1反馈 Data\multivers-format\claims-dev.jsonl,C:\Users\y\Desktop\学术引用不端\成员1反馈 Data\multivers-format\corpus.jsonl,claims-dev.jsonl=F7B6DEF22DB00A74D6447DBDCA4299D60D3773FA4D221065A26B85AF1BC8D81A; corpus.jsonl=59F2309E1124C9D2EF8240D9C725E1A9377CED43AE34A13F222C7C42D40D8167,Liver cirrhosis in SARS-CoV-2 infected patients is described as a predictor of mortality[<|multi_cit|>].,"[{""doc_id"":""31004"",""sentences"":[1],""label"":""ACCURATE""},{""doc_id"":""31004"",""sentences"":[2],""label"":""ACCURATE""}]","[doc_id=31004; sentence=1] Mortality in patients with cirrhosis increased according to Child- Pugh class (A [19%], B [35%], C [51%]) and the main cause of death was from respiratory failure (71%).
[doc_id=31004; sentence=2] After adjusting for baseline characteristics, factors associated with death in the total CLD cohort were age (odds ratio [OR] 1.02; 1.01–1.04), Child-Pugh A (OR 1.90; 1.03–3.52), B (OR 4.14; 2.4–7.65), or C (OR 9.32; 4.80–18.08) cirrhosis and alcohol-related liver disease (OR 1.79; 1.03–3.13).",ACCURATE|ACCURATE,已定位,沿用原 Sarol-Dev 来源许可说明；候选仅作项目内部质控，不对外再发布全文。,候选待确认；陈明进独立复核空表,原示范行无 evidence；该候选来自同一 claims-dev/corpus 版本，保留原始 evidence 文本和句号，供双方独立复核；不把 source_label_raw 直接当作项目标签。,member1_chenmingjin,,,,,,,,,,,,,独立复核空表；不含李云标签和理由；确认替换后再并入 demo30 主表。
replacement_04,demo_10,Sarol-Dev,19,C:\Users\y\Desktop\学术引用不端\成员1反馈 Data\multivers-format\claims-dev.jsonl,C:\Users\y\Desktop\学术引用不端\成员1反馈 Data\multivers-format\corpus.jsonl,claims-dev.jsonl=F7B6DEF22DB00A74D6447DBDCA4299D60D3773FA4D221065A26B85AF1BC8D81A; corpus.jsonl=59F2309E1124C9D2EF8240D9C725E1A9377CED43AE34A13F222C7C42D40D8167,"a recent large international registry study demonstrated that patients with CLD without cirrhosis appeared to have a similar risk of mortality following SARS-CoV-2 infection than those without CLD. However, patients with cirrhosis are at increased risk of death from COVID-19 [<|cit|>]","[{""doc_id"":""31004"",""sentences"":[0],""label"":""ACCURATE""},{""doc_id"":""31004"",""sentences"":[2],""label"":""ACCURATE""},{""doc_id"":""31004"",""sentences"":[3],""label"":""ACCURATE""}]","[doc_id=31004; sentence=0] Mortality was 32% in patients with cirrhosis compared to 8% in those without (p <0.001).
[doc_id=31004; sentence=2] After adjusting for baseline characteristics, factors associated with death in the total CLD cohort were age (odds ratio [OR] 1.02; 1.01–1.04), Child-Pugh A (OR 1.90; 1.03–3.52), B (OR 4.14; 2.4–7.65), or C (OR 9.32; 4.80–18.08) cirrhosis and alcohol-related liver disease (OR 1.79; 1.03–3.13).
[doc_id=31004; sentence=3] Compared to patients without CLD (n = 620), propensity-score-matched analysis revealed significant increases in mortality in those with Child-Pugh B (+20.0% [8.8%–31.3%]) and C (+38.1% [27.1%–49.2%]) cirrhosis.",ACCURATE|ACCURATE|ACCURATE,已定位,沿用原 Sarol-Dev 来源许可说明；候选仅作项目内部质控，不对外再发布全文。,候选待确认；陈明进独立复核空表,原示范行无 evidence；该候选来自同一 claims-dev/corpus 版本，保留原始 evidence 文本和句号，供双方独立复核；不把 source_label_raw 直接当作项目标签。,member1_chenmingjin,,,,,,,,,,,,,独立复核空表；不含李云标签和理由；确认替换后再并入 demo30 主表。
replacement_05,demo_23,Sarol-Dev,20,C:\Users\y\Desktop\学术引用不端\成员1反馈 Data\multivers-format\claims-dev.jsonl,C:\Users\y\Desktop\学术引用不端\成员1反馈 Data\multivers-format\corpus.jsonl,claims-dev.jsonl=F7B6DEF22DB00A74D6447DBDCA4299D60D3773FA4D221065A26B85AF1BC8D81A; corpus.jsonl=59F2309E1124C9D2EF8240D9C725E1A9377CED43AE34A13F222C7C42D40D8167,SARS-CoV-2 infections in patients with cirrhosis is particularly lethal due to the dysregulated immune responses and disordered coagulation[<|cit|>].,"[{""doc_id"":""31091"",""sentences"":[5],""label"":""ACCURATE""},{""doc_id"":""31091"",""sentences"":[6],""label"":""ACCURATE""},{""doc_id"":""31091"",""sentences"":[7],""label"":""ACCURATE""}]","[doc_id=31091; sentence=5] Furthermore, using propensity score-matched analysis we demonstrate an incremental rise in the risk of death with each liver disease stage compared to a contemporaneous UK cohort of patients without CLD who tested positive for SARS-CoV-2.
[doc_id=31091; sentence=6] These trends remain after restricting the analysis to CLD patients from the UK, including a statistically significant increased risk of death with Child-Pugh B and Child-Pugh C cirrhosis.
[doc_id=31091; sentence=7] SARS- CoV-2 infection in patients with cirrhosis therefore appears to be a particularly lethal combination and represents the coming together of biological processes characterised by immune dysregulation in the context of viral infection and disordered coagulation.",ACCURATE|ACCURATE|ACCURATE,已定位,沿用原 Sarol-Dev 来源许可说明；候选仅作项目内部质控，不对外再发布全文。,候选待确认；陈明进独立复核空表,原示范行无 evidence；该候选来自同一 claims-dev/corpus 版本，保留原始 evidence 文本和句号，供双方独立复核；不把 source_label_raw 直接当作项目标签。,member1_chenmingjin,,,,,,,,,,,,,独立复核空表；不含李云标签和理由；确认替换后再并入 demo30 主表。
replacement_06,demo_25,Sarol-Dev,21,C:\Users\y\Desktop\学术引用不端\成员1反馈 Data\multivers-format\claims-dev.jsonl,C:\Users\y\Desktop\学术引用不端\成员1反馈 Data\multivers-format\corpus.jsonl,claims-dev.jsonl=F7B6DEF22DB00A74D6447DBDCA4299D60D3773FA4D221065A26B85AF1BC8D81A; corpus.jsonl=59F2309E1124C9D2EF8240D9C725E1A9377CED43AE34A13F222C7C42D40D8167,"acute-on-chronic liver failure develops in up to 12–50% of COVID19 patients with CLD, with liver disease severity as a strong predictor of developing severe COVID-19 [<|cit|>]","[{""doc_id"":""31004"",""sentences"":[4],""label"":""ACCURATE""},{""doc_id"":""31004"",""sentences"":[5],""label"":""ACCURATE""},{""doc_id"":""31057"",""sentences"":[1],""label"":""ACCURATE""},{""doc_id"":""31057"",""sentences"":[2],""label"":""ACCURATE""},{""doc_id"":""31084"",""sentences"":[0],""label"":""ACCURATE""},{""doc_id"":""31085"",""sentences"":[0],""label"":""ACCURATE""}]","[doc_id=31004; sentence=4] Acute hepatic decompensation occurred in 46% of patients with cirrhosis, of whom 21% had no respiratory symptoms.
[doc_id=31004; sentence=5] Half of those with hepatic decompensation had acute-on-chronic liver failure.
[doc_id=31057; sentence=1] When comparing CLD without cirrhosis to Child- Pugh A/B/C cirrhosis, there were no differences in rates of hospitalisation (p = 0.690).
[doc_id=31057; sentence=2] However, there were significantly higher rates of requirement for ICU (p <0.001), admission to ICU (p <0.001), renal replacement therapy (p = 0.002), and death (p = <0.001) with increasing liver disease severity (Fig. 2 ).
[doc_id=31084; sentence=0] #### Acute hepatic decompensation and acute-on-chronic liver failure
[doc_id=31085; sentence=0] Within the 386 patients with cirrhosis, acute hepatic decompensation events following SARS-CoV-2 infection were reported to have occurred in 179 (46%) patients.",ACCURATE|ACCURATE|ACCURATE|ACCURATE|ACCURATE|ACCURATE,已定位,沿用原 Sarol-Dev 来源许可说明；候选仅作项目内部质控，不对外再发布全文。,候选待确认；陈明进独立复核空表,原示范行无 evidence；该候选来自同一 claims-dev/corpus 版本，保留原始 evidence 文本和句号，供双方独立复核；不把 source_label_raw 直接当作项目标签。,member1_chenmingjin,,,,,,,,,,,,,独立复核空表；不含李云标签和理由；确认替换后再并入 demo30 主表。
replacement_07,demo_29,Sarol-Dev,26,C:\Users\y\Desktop\学术引用不端\成员1反馈 Data\multivers-format\claims-dev.jsonl,C:\Users\y\Desktop\学术引用不端\成员1反馈 Data\multivers-format\corpus.jsonl,claims-dev.jsonl=F7B6DEF22DB00A74D6447DBDCA4299D60D3773FA4D221065A26B85AF1BC8D81A; corpus.jsonl=59F2309E1124C9D2EF8240D9C725E1A9377CED43AE34A13F222C7C42D40D8167,"a strong correlation between the stage of liver disease and the rate of intensive care unit (ICU) admissions, renal replacement therapy, and death was found. <|cit|>","[{""doc_id"":""31057"",""sentences"":[1],""label"":""ACCURATE""},{""doc_id"":""31057"",""sentences"":[2],""label"":""ACCURATE""}]","[doc_id=31057; sentence=1] When comparing CLD without cirrhosis to Child- Pugh A/B/C cirrhosis, there were no differences in rates of hospitalisation (p = 0.690).
[doc_id=31057; sentence=2] However, there were significantly higher rates of requirement for ICU (p <0.001), admission to ICU (p <0.001), renal replacement therapy (p = 0.002), and death (p = <0.001) with increasing liver disease severity (Fig. 2 ).",ACCURATE|ACCURATE,已定位,沿用原 Sarol-Dev 来源许可说明；候选仅作项目内部质控，不对外再发布全文。,候选待确认；陈明进独立复核空表,原示范行无 evidence；该候选来自同一 claims-dev/corpus 版本，保留原始 evidence 文本和句号，供双方独立复核；不把 source_label_raw 直接当作项目标签。,member1_chenmingjin,,,,,,,,,,,,,独立复核空表；不含李云标签和理由；确认替换后再并入 demo30 主表。
replacement_08,demo_30,Sarol-Dev,29,C:\Users\y\Desktop\学术引用不端\成员1反馈 Data\multivers-format\claims-dev.jsonl,C:\Users\y\Desktop\学术引用不端\成员1反馈 Data\multivers-format\corpus.jsonl,claims-dev.jsonl=F7B6DEF22DB00A74D6447DBDCA4299D60D3773FA4D221065A26B85AF1BC8D81A; corpus.jsonl=59F2309E1124C9D2EF8240D9C725E1A9377CED43AE34A13F222C7C42D40D8167,"Marjot and colleagues found that patients with ARLD had a higher risk of mortality from COVID-19 [odds ratio (OR) 3.11, 95% CI 2.12–4.55, P < 0.001] compared to other aetiologies [<|cit|>].","[{""doc_id"":""31074"",""sentences"":[2],""label"":""ACCURATE""},{""doc_id"":""31074"",""sentences"":[3],""label"":""ACCURATE""}]","[doc_id=31074; sentence=2] Child-Pugh class was also associated with death compared to CLD without cirrhosis; Child-Pugh A (OR 2.94; 95% CI 1.70–5.08; p <0.001), B (OR 6.76; 95% CI 3.95–11.58; p <0.001), and C (OR 12.57; 95% CI 7.12–22.18; p <0.001).
[doc_id=31074; sentence=3] Regarding aetiology of liver disease, negative associations for mortality were found for NAFLD (OR 0.55; 95% CI 0.38–0.81; p = 0.002) and HBV (0.45; 95% CI 0.23-0.88; p = 0.02), whereas ALD showed a positive association with death (OR 3.11; 95% CI 2.12–4.55; p <0.001) (Table 1).",ACCURATE|ACCURATE,已定位,沿用原 Sarol-Dev 来源许可说明；候选仅作项目内部质控，不对外再发布全文。,候选待确认；陈明进独立复核空表,原示范行无 evidence；该候选来自同一 claims-dev/corpus 版本，保留原始 evidence 文本和句号，供双方独立复核；不把 source_label_raw 直接当作项目标签。,member1_chenmingjin,,,,,,,,,,,,,独立复核空表；不含李云标签和理由；确认替换后再并入 demo30 主表。
