"sample_id","claim_id","claims_sha256","corpus_sha256","doc_id","sentence_no","source_label","claims_label","label_match","doc_exists","sentence_exists","sentence_boundary_check","duplicate_ref_in_row","evidence_excerpt"
"demo_01","0","F7B6DEF22DB00A74D6447DBDCA4299D60D3773FA4D221065A26B85AF1BC8D81A","59F2309E1124C9D2EF8240D9C725E1A9377CED43AE34A13F222C7C42D40D8167","31094","3","ACCURATE","ACCURATE","是","是","是","通过：句末标点后接文献号","否","The association between liver disease and adverse COVID-19 outcomes is also evidenced by recent findings from our registries which show that restoring hepatic function by liver tra…"
"demo_01","0","F7B6DEF22DB00A74D6447DBDCA4299D60D3773FA4D221065A26B85AF1BC8D81A","59F2309E1124C9D2EF8240D9C725E1A9377CED43AE34A13F222C7C42D40D8167","31004","4","ACCURATE","ACCURATE","是","是","是","通过：句末有标点","否","Acute hepatic decompensation occurred in 46% of patients with cirrhosis, of whom 21% had no respiratory symptoms."
"demo_01","0","F7B6DEF22DB00A74D6447DBDCA4299D60D3773FA4D221065A26B85AF1BC8D81A","59F2309E1124C9D2EF8240D9C725E1A9377CED43AE34A13F222C7C42D40D8167","31004","5","ACCURATE","ACCURATE","是","是","是","通过：句末有标点","否","Half of those with hepatic decompensation had acute-on-chronic liver failure."
"demo_02","2","F7B6DEF22DB00A74D6447DBDCA4299D60D3773FA4D221065A26B85AF1BC8D81A","59F2309E1124C9D2EF8240D9C725E1A9377CED43AE34A13F222C7C42D40D8167","31004","0","ACCURATE","ACCURATE","是","是","是","通过：句末有标点","否","Mortality was 32% in patients with cirrhosis compared to 8% in those without (p <0.001)."
"demo_03","3","F7B6DEF22DB00A74D6447DBDCA4299D60D3773FA4D221065A26B85AF1BC8D81A","59F2309E1124C9D2EF8240D9C725E1A9377CED43AE34A13F222C7C42D40D8167","31004","3","ACCURATE","ACCURATE","是","是","是","通过：句末有标点","否","Compared to patients without CLD (n = 620), propensity-score-matched analysis revealed significant increases in mortality in those with Child-Pugh B (+20.0% [8.8%–31.3%]) and C (+3…"
"demo_03","3","F7B6DEF22DB00A74D6447DBDCA4299D60D3773FA4D221065A26B85AF1BC8D81A","59F2309E1124C9D2EF8240D9C725E1A9377CED43AE34A13F222C7C42D40D8167","31004","4","ACCURATE","ACCURATE","是","是","是","通过：句末有标点","否","Acute hepatic decompensation occurred in 46% of patients with cirrhosis, of whom 21% had no respiratory symptoms."
"demo_04","5","F7B6DEF22DB00A74D6447DBDCA4299D60D3773FA4D221065A26B85AF1BC8D81A","59F2309E1124C9D2EF8240D9C725E1A9377CED43AE34A13F222C7C42D40D8167","31004","0","ACCURATE","ACCURATE","是","是","是","通过：句末有标点","否","Mortality was 32% in patients with cirrhosis compared to 8% in those without (p <0.001)."
"demo_04","5","F7B6DEF22DB00A74D6447DBDCA4299D60D3773FA4D221065A26B85AF1BC8D81A","59F2309E1124C9D2EF8240D9C725E1A9377CED43AE34A13F222C7C42D40D8167","31004","1","ACCURATE","ACCURATE","是","是","是","通过：句末有标点","否","Mortality in patients with cirrhosis increased according to Child- Pugh class (A [19%], B [35%], C [51%]) and the main cause of death was from respiratory failure (71%)."
"demo_05","1","F7B6DEF22DB00A74D6447DBDCA4299D60D3773FA4D221065A26B85AF1BC8D81A","59F2309E1124C9D2EF8240D9C725E1A9377CED43AE34A13F222C7C42D40D8167","31050","1","NOT_SUBSTANTIATE","NOT_SUBSTANTIATE","是","是","是","通过：句末有标点","否","After excluding those with a previous liver transplant (n = 1), CLD (n = 8), those where hospitalisation or mortality status was unknown (n = 6), and cases <16 years old (n = 8), a…"
"demo_05","1","F7B6DEF22DB00A74D6447DBDCA4299D60D3773FA4D221065A26B85AF1BC8D81A","59F2309E1124C9D2EF8240D9C725E1A9377CED43AE34A13F222C7C42D40D8167","31050","2","NOT_SUBSTANTIATE","NOT_SUBSTANTIATE","是","是","是","通过：句末有标点","否","The non-CLD cohort differed significantly from the CLD cohort with regards to age, sex, ethnicity, smoking status, baseline serum creatinine, and rates of co-morbidities including …"
"demo_05","1","F7B6DEF22DB00A74D6447DBDCA4299D60D3773FA4D221065A26B85AF1BC8D81A","59F2309E1124C9D2EF8240D9C725E1A9377CED43AE34A13F222C7C42D40D8167","31057","0","NOT_SUBSTANTIATE","NOT_SUBSTANTIATE","是","是","是","通过：句末有标点","否","Within the total CLD cohort, 668 (90%) were hospitalised, 235 (32%) were judged to require ICU care, 177 (24%) were ultimately admitted to ICU, 132 (18%) received invasive ventilat…"
"demo_07","6","F7B6DEF22DB00A74D6447DBDCA4299D60D3773FA4D221065A26B85AF1BC8D81A","59F2309E1124C9D2EF8240D9C725E1A9377CED43AE34A13F222C7C42D40D8167","31088","2","NOT_SUBSTANTIATE","NOT_SUBSTANTIATE","是","是","是","通过：句末标点后接文献号","否","(B) Case fatality rates separated according to CLIF-C organ failure score (using EASL-Chronic Liver Failure Consortium organ failures definition).17"
"demo_07","6","F7B6DEF22DB00A74D6447DBDCA4299D60D3773FA4D221065A26B85AF1BC8D81A","59F2309E1124C9D2EF8240D9C725E1A9377CED43AE34A13F222C7C42D40D8167","31089","0","NOT_SUBSTANTIATE","NOT_SUBSTANTIATE","是","是","是","通过：句末有标点","否","Among the 179 patients with cirrhosis and acute hepatic decompensation, 89 (50%) met criteria for ACLF."
"demo_21","12","F7B6DEF22DB00A74D6447DBDCA4299D60D3773FA4D221065A26B85AF1BC8D81A","59F2309E1124C9D2EF8240D9C725E1A9377CED43AE34A13F222C7C42D40D8167","31004","0","MISQUOTE","MISQUOTE","是","是","是","通过：句末有标点","否","Mortality was 32% in patients with cirrhosis compared to 8% in those without (p <0.001)."
"demo_21","12","F7B6DEF22DB00A74D6447DBDCA4299D60D3773FA4D221065A26B85AF1BC8D81A","59F2309E1124C9D2EF8240D9C725E1A9377CED43AE34A13F222C7C42D40D8167","31004","1","MISQUOTE","MISQUOTE","是","是","是","通过：句末有标点","否","Mortality in patients with cirrhosis increased according to Child- Pugh class (A [19%], B [35%], C [51%]) and the main cause of death was from respiratory failure (71%)."
"demo_21","12","F7B6DEF22DB00A74D6447DBDCA4299D60D3773FA4D221065A26B85AF1BC8D81A","59F2309E1124C9D2EF8240D9C725E1A9377CED43AE34A13F222C7C42D40D8167","31004","0","MISQUOTE","MISQUOTE","是","是","是","通过：句末有标点","是","Mortality was 32% in patients with cirrhosis compared to 8% in those without (p <0.001)."
"demo_22","16","F7B6DEF22DB00A74D6447DBDCA4299D60D3773FA4D221065A26B85AF1BC8D81A","59F2309E1124C9D2EF8240D9C725E1A9377CED43AE34A13F222C7C42D40D8167","31002","0","NOT_SUBSTANTIATE","NOT_SUBSTANTIATE","是","是","是","通过：句末有标点","否","Chronic liver disease (CLD) and cirrhosis are associated with immune dysregulation, leading to concerns that affected patients may be at risk of adverse outcomes following SARS-CoV…"
"demo_24","24","F7B6DEF22DB00A74D6447DBDCA4299D60D3773FA4D221065A26B85AF1BC8D81A","59F2309E1124C9D2EF8240D9C725E1A9377CED43AE34A13F222C7C42D40D8167","31090","1","CONTRADICT","CONTRADICT","是","是","是","通过：句末有标点","否","As the severity of liver disease progresses from CLD without cirrhosis through to each Child-Pugh class of cirrhosis we observed a stepwise increased risk of all major adverse outc…"
"demo_24","24","F7B6DEF22DB00A74D6447DBDCA4299D60D3773FA4D221065A26B85AF1BC8D81A","59F2309E1124C9D2EF8240D9C725E1A9377CED43AE34A13F222C7C42D40D8167","31091","0","CONTRADICT","CONTRADICT","是","是","是","通过：句末有标点","否","Whilst patients with CLD without cirrhosis appear to have a similar risk of mortality following SARS-CoV-2 infection to patients without liver disease, patients with cirrhosis have…"
"demo_26","35","F7B6DEF22DB00A74D6447DBDCA4299D60D3773FA4D221065A26B85AF1BC8D81A","59F2309E1124C9D2EF8240D9C725E1A9377CED43AE34A13F222C7C42D40D8167","31095","4","NOT_SUBSTANTIATE","NOT_SUBSTANTIATE","是","是","是","通过：句末有标点","否","However, given the profound multi-systemic involvement of COVID-19, particularly in the severe and critical forms of disease, liver injury is likely to be multifactorial with contr…"
"demo_27","8","F7B6DEF22DB00A74D6447DBDCA4299D60D3773FA4D221065A26B85AF1BC8D81A","59F2309E1124C9D2EF8240D9C725E1A9377CED43AE34A13F222C7C42D40D8167","31093","2","ACCURATE","ACCURATE","是","是","是","通过：句末有标点","否","Only 46% of hospitalised patients with Child-Pugh C cirrhosis survived, and this proportion dropped to 21% in those admitted to ICU and further still to 10% in those receiving inva…"
"demo_27","8","F7B6DEF22DB00A74D6447DBDCA4299D60D3773FA4D221065A26B85AF1BC8D81A","59F2309E1124C9D2EF8240D9C725E1A9377CED43AE34A13F222C7C42D40D8167","31093","3","ACCURATE","ACCURATE","是","是","是","通过：句末有标点","否","These findings have important prognostic implications and highlight the need for careful monitoring of patients with cirrhosis throughout their hospital admission."
"demo_27","8","F7B6DEF22DB00A74D6447DBDCA4299D60D3773FA4D221065A26B85AF1BC8D81A","59F2309E1124C9D2EF8240D9C725E1A9377CED43AE34A13F222C7C42D40D8167","31093","4","ACCURATE","ACCURATE","是","是","是","通过：句末标点后接文献号","否","Our data will also help inform clinical decisions regarding both the escalation of care to ICU and the use of COVID-19 palliative care guidelines in patients with advanced liver di…"
"demo_28","9","F7B6DEF22DB00A74D6447DBDCA4299D60D3773FA4D221065A26B85AF1BC8D81A","59F2309E1124C9D2EF8240D9C725E1A9377CED43AE34A13F222C7C42D40D8167","31005","0","ACCURATE","ACCURATE","是","是","是","通过：句末有标点","否","In the largest such cohort to date, we demonstrate that baseline liver disease stage and alcohol-related liver disease are independent risk factors for death from COVID-19."
