citation_id,source_name,source_record_id,source_url,license_name,license_url,file_version,file_hash,citing_doc_id,citing_doc_doi,cited_doc_id,cited_doc_doi,citation_context,cited_evidence_text,evidence_doc_id,evidence_sentence_id,evidence_page_or_paragraph,evidence_char_start,evidence_char_end,evidence_status,original_label,label_mapping_version,project_label,annotator_1_id,annotator_1_label,annotator_1_evidence_status,annotator_1_evidence_locator,annotator_1_reason,annotator_2_id,annotator_2_label,annotator_2_evidence_status,annotator_2_evidence_locator,annotator_2_reason,adjudicated_label,adjudicated_evidence_status,adjudication_reason,adjudicator_id,adjudication_date,split,cited_paper_group_id,natural_or_constructed,eligibility_status,exclusion_reason,notes
SciFact:train-389,SciFact,389,https://github.com/allenai/scifact,CC BY 4.0 (claims) / ODC-By 1.0 (corpus),https://github.com/allenai/scifact/blob/master/LICENSE.md,release/latest (获取2026-10-01),data.tar.gz=11C621288D41AC144D29B13B0F8503B3820B7D6E8B1F6FF24DFF335C196D76BE; claims_train.jsonl=F4C8FA82D8BD0653A9CC8D61A6EA48C25EACEA64E90AF5DBF390EBB1B74372F0; claims_dev.jsonl=86F0435D08FDB65D1AA41D1472684F57E6E71930626497BDF4D7A9EC1A632217; claims_test.jsonl=558930D75215C73F84A28FE538307D6D397C9DE1EC7239514CF45F80D75D2CA3; corpus.jsonl=B8D6C89624CB2ED74DEE8938EFFC4F5D8BD2086887880AF8110D64BE4CEADE62,null,null,1148122,null,Ethanol stress increases the expression of IBP in bacteria.,,,,,,,源文缺失,NEI,project-3class-v1.0,,member1_chenmingjin,,源文缺失,locator_missing,无证据文本，被引文献未收录，待核,member2_liyun,NOT_ACCURATE,已定位,PMC2913397 XML；“Contribution from stress response pathways”段。全文说明乙醇诱导热休克/包膜应激反应，但全文未检出 IBP/ibp 表达证据。,全文研究乙醇耐受和应激通路，支持乙醇可诱导热休克/包膜应激，但没有支持“乙醇胁迫提高 IBP 表达”的句子；个人初判 NOT_ACCURATE。,,,,,,new_pilot,1148122,constructed,处理后用,,claim为专家重写声明，缺施引原文上下文；NEI无证据待核；副本修正：SciFact claim 为专家重写构造样本，缺失文献 ID 以 null 表示；同版 corpus 证据文本已回填。；李云盲复核副本：project_label、双方新值和裁决字段已清空，只在 annotator_2_* 中填写。；李云已于 2026-10-01 按证据建议人工确认 annotator_2_*；不代表最终裁决。；2026-10-02 已完成同版 SciFact corpus 对应文献全文个人定位；不代表最终裁决。；规范化副本：原回传 annotator_1_label=待核，按字段字典留空；待核原因保留在 annotator_1_reason。
SciFact:train-78,SciFact,78,https://github.com/allenai/scifact,CC BY 4.0 (claims) / ODC-By 1.0 (corpus),https://github.com/allenai/scifact/blob/master/LICENSE.md,release/latest (获取2026-10-01),data.tar.gz=11C621288D41AC144D29B13B0F8503B3820B7D6E8B1F6FF24DFF335C196D76BE; claims_train.jsonl=F4C8FA82D8BD0653A9CC8D61A6EA48C25EACEA64E90AF5DBF390EBB1B74372F0; claims_dev.jsonl=86F0435D08FDB65D1AA41D1472684F57E6E71930626497BDF4D7A9EC1A632217; claims_test.jsonl=558930D75215C73F84A28FE538307D6D397C9DE1EC7239514CF45F80D75D2CA3; corpus.jsonl=B8D6C89624CB2ED74DEE8938EFFC4F5D8BD2086887880AF8110D64BE4CEADE62,null,null,5099266,null,Active caspase-11 participate in regulating phagosome-lysosome fusion.,"[doc_id=5099266; sentence=7] However, caspase-11 was dispensable for the fusion of lysosomes with phagosomes containing nonpathogenic bacteria, uncovering a fundamental difference in the trafficking of phagosomes according to their cargo.",5099266,5099266#s7,,,,已定位,SUPPORT,project-3class-v1.0,ACCURATE,member1_chenmingjin,NOT_ACCURATE,已定位,5099266#s7,证据称对非致病菌吞噬体融合非必需，不一定参与调节,member2_liyun,ACCURATE,已定位,5099266#s7,证据句直接讨论 caspase-11 与吞噬体-溶酶体融合的条件性作用；按支持关系初审为 ACCURATE，并保留非致病菌货物这一条件。,ACCURATE,已定位,师兄裁决：证据句对 caspase-11 与吞噬体-溶酶体融合的条件性作用支持 claim。,member1_chenmingjin,2026-10-03,new_pilot,5099266,constructed,处理后用,,证据句可在corpus按句号定位；副本修正：SciFact claim 为专家重写构造样本，缺失文献 ID 以 null 表示；同版 corpus 证据文本已回填。；李云盲复核副本：project_label、双方新值和裁决字段已清空，只在 annotator_2_* 中填写。；李云已于 2026-10-01 按证据建议人工确认 annotator_2_*；不代表最终裁决。
SciFact:train-979,SciFact,979,https://github.com/allenai/scifact,CC BY 4.0 (claims) / ODC-By 1.0 (corpus),https://github.com/allenai/scifact/blob/master/LICENSE.md,release/latest (获取2026-10-01),data.tar.gz=11C621288D41AC144D29B13B0F8503B3820B7D6E8B1F6FF24DFF335C196D76BE; claims_train.jsonl=F4C8FA82D8BD0653A9CC8D61A6EA48C25EACEA64E90AF5DBF390EBB1B74372F0; claims_dev.jsonl=86F0435D08FDB65D1AA41D1472684F57E6E71930626497BDF4D7A9EC1A632217; claims_test.jsonl=558930D75215C73F84A28FE538307D6D397C9DE1EC7239514CF45F80D75D2CA3; corpus.jsonl=B8D6C89624CB2ED74DEE8938EFFC4F5D8BD2086887880AF8110D64BE4CEADE62,null,null,11659421,null,Progerin induces premature aging in stem cells.,"[doc_id=11659421; sentence=3] We found that expression of progerin in iPSC-derived fibroblasts and neurons induces multiple aging-related markers and characteristics, including dopamine-specific phenotypes such as neuromelanin accumulation.
[doc_id=11659421; sentence=5] Thus, our study suggests that progerin-induced aging can be used to reveal late-onset age-related disease features in hiPSC-based disease models.",11659421,11659421#s3;11659421#s5,,,,已定位,SUPPORT,project-3class-v1.0,ACCURATE,member1_chenmingjin,ACCURATE,已定位,11659421#s3,证据支持 progerin 诱导衰老相关表型，是干细胞范畴,member2_liyun,ACCURATE,已定位,11659421#s3;11659421#s5,证据报告 progerin 在 iPSC 衍生细胞中诱导多项衰老标志和特征，支持其诱导过早衰老的核心命题。,ACCURATE,已定位,双方独立标签一致（ACCURATE），双方证据状态均为已定位，按一致结果裁决。,member1_chenmingjin,2026-10-03,new_pilot,11659421,constructed,处理后用,,证据句可在corpus按句号定位；副本修正：SciFact claim 为专家重写构造样本，缺失文献 ID 以 null 表示；同版 corpus 证据文本已回填。；李云盲复核副本：project_label、双方新值和裁决字段已清空，只在 annotator_2_* 中填写。；李云已于 2026-10-01 按证据建议人工确认 annotator_2_*；不代表最终裁决。
SciFact:train-876,SciFact,876,https://github.com/allenai/scifact,CC BY 4.0 (claims) / ODC-By 1.0 (corpus),https://github.com/allenai/scifact/blob/master/LICENSE.md,release/latest (获取2026-10-01),data.tar.gz=11C621288D41AC144D29B13B0F8503B3820B7D6E8B1F6FF24DFF335C196D76BE; claims_train.jsonl=F4C8FA82D8BD0653A9CC8D61A6EA48C25EACEA64E90AF5DBF390EBB1B74372F0; claims_dev.jsonl=86F0435D08FDB65D1AA41D1472684F57E6E71930626497BDF4D7A9EC1A632217; claims_test.jsonl=558930D75215C73F84A28FE538307D6D397C9DE1EC7239514CF45F80D75D2CA3; corpus.jsonl=B8D6C89624CB2ED74DEE8938EFFC4F5D8BD2086887880AF8110D64BE4CEADE62,null,null,195689316,null,Obesity raises life quality.,,,,,,,源文缺失,NEI,project-3class-v1.0,,member1_chenmingjin,,源文缺失,locator_missing,无证据文本，被引文献未收录，待核,member2_liyun,NOT_ACCURATE,已定位,PMC2662372 XML；Summary Findings 与 Discussion/limitations 段。,全文显示较高 BMI 与更高总体及特定原因死亡率相关，并明确说研究不能量化肥胖对生活质量的影响；不能支持“肥胖提高生活质量”，个人初判 NOT_ACCURATE。,,,,,,new_pilot,195689316,constructed,处理后用,,claim为专家重写声明，缺施引原文上下文；NEI无证据待核；副本修正：SciFact claim 为专家重写构造样本，缺失文献 ID 以 null 表示；同版 corpus 证据文本已回填。；李云盲复核副本：project_label、双方新值和裁决字段已清空，只在 annotator_2_* 中填写。；李云已于 2026-10-01 按证据建议人工确认 annotator_2_*；不代表最终裁决。；2026-10-02 已完成同版 SciFact corpus 对应文献全文个人定位；不代表最终裁决。；规范化副本：原回传 annotator_1_label=待核，按字段字典留空；待核原因保留在 annotator_1_reason。
SciFact:train-788,SciFact,788,https://github.com/allenai/scifact,CC BY 4.0 (claims) / ODC-By 1.0 (corpus),https://github.com/allenai/scifact/blob/master/LICENSE.md,release/latest (获取2026-10-01),data.tar.gz=11C621288D41AC144D29B13B0F8503B3820B7D6E8B1F6FF24DFF335C196D76BE; claims_train.jsonl=F4C8FA82D8BD0653A9CC8D61A6EA48C25EACEA64E90AF5DBF390EBB1B74372F0; claims_dev.jsonl=86F0435D08FDB65D1AA41D1472684F57E6E71930626497BDF4D7A9EC1A632217; claims_test.jsonl=558930D75215C73F84A28FE538307D6D397C9DE1EC7239514CF45F80D75D2CA3; corpus.jsonl=B8D6C89624CB2ED74DEE8938EFFC4F5D8BD2086887880AF8110D64BE4CEADE62,null,null,4740447,null,Microcin J25 inhibits nucleoside triphosphate (NTP) binding.,[doc_id=4740447; sentence=1] Biochemical results indicate that inhibition of transcription occurs at the level of NTP uptake or NTP binding by RNAP.,4740447,4740447#s1,,,,已定位,SUPPORT,project-3class-v1.0,NOT_ACCURATE,member1_chenmingjin,NOT_ACCURATE,已定位,4740447#s1,证据句子未提到Microcin J25,member2_liyun,ACCURATE,已定位,4740447#s1,证据报告转录抑制发生在 NTP 摄取或与 RNAP 的 NTP 结合层面，支持 Microcin J25 抑制 NTP 结合。,NOT_ACCURATE,已定位,师兄裁决：被引证据未直接提及 claim 主体 Microcin J25。,member1_chenmingjin,2026-10-03,new_pilot,4740447,constructed,处理后用,,证据句可在corpus按句号定位；副本修正：SciFact claim 为专家重写构造样本，缺失文献 ID 以 null 表示；同版 corpus 证据文本已回填。；李云盲复核副本：project_label、双方新值和裁决字段已清空，只在 annotator_2_* 中填写。；李云已于 2026-10-01 按证据建议人工确认 annotator_2_*；不代表最终裁决。
SciFact:train-486,SciFact,486,https://github.com/allenai/scifact,CC BY 4.0 (claims) / ODC-By 1.0 (corpus),https://github.com/allenai/scifact/blob/master/LICENSE.md,release/latest (获取2026-10-01),data.tar.gz=11C621288D41AC144D29B13B0F8503B3820B7D6E8B1F6FF24DFF335C196D76BE; claims_train.jsonl=F4C8FA82D8BD0653A9CC8D61A6EA48C25EACEA64E90AF5DBF390EBB1B74372F0; claims_dev.jsonl=86F0435D08FDB65D1AA41D1472684F57E6E71930626497BDF4D7A9EC1A632217; claims_test.jsonl=558930D75215C73F84A28FE538307D6D397C9DE1EC7239514CF45F80D75D2CA3; corpus.jsonl=B8D6C89624CB2ED74DEE8938EFFC4F5D8BD2086887880AF8110D64BE4CEADE62,null,null,14637235,null,"H4 G94P proteins inhibit chromatin assembly, which decreases free histones.",,,,,,,源文缺失,NEI,project-3class-v1.0,,member1_chenmingjin,,源文缺失,locator_missing,无证据文本，被引文献未收录，待核,member2_liyun,NOT_ACCURATE,已定位,PMC2720428 XML；Abstract 与 Results 中 histone degradation 段。,全文讨论过量游离组蛋白的 Rad53 依赖降解和染色质组蛋白稳态，但没有 H4 G94P 或该突变抑制染色质装配的证据；个人初判 NOT_ACCURATE。,,,,,,new_pilot,14637235,constructed,处理后用,,claim为专家重写声明，缺施引原文上下文；NEI无证据待核；副本修正：SciFact claim 为专家重写构造样本，缺失文献 ID 以 null 表示；同版 corpus 证据文本已回填。；李云盲复核副本：project_label、双方新值和裁决字段已清空，只在 annotator_2_* 中填写。；李云已于 2026-10-01 按证据建议人工确认 annotator_2_*；不代表最终裁决。；2026-10-02 已完成同版 SciFact corpus 对应文献全文个人定位；不代表最终裁决。；规范化副本：原回传 annotator_1_label=待核，按字段字典留空；待核原因保留在 annotator_1_reason。
SciFact:train-361,SciFact,361,https://github.com/allenai/scifact,CC BY 4.0 (claims) / ODC-By 1.0 (corpus),https://github.com/allenai/scifact/blob/master/LICENSE.md,release/latest (获取2026-10-01),data.tar.gz=11C621288D41AC144D29B13B0F8503B3820B7D6E8B1F6FF24DFF335C196D76BE; claims_train.jsonl=F4C8FA82D8BD0653A9CC8D61A6EA48C25EACEA64E90AF5DBF390EBB1B74372F0; claims_dev.jsonl=86F0435D08FDB65D1AA41D1472684F57E6E71930626497BDF4D7A9EC1A632217; claims_test.jsonl=558930D75215C73F84A28FE538307D6D397C9DE1EC7239514CF45F80D75D2CA3; corpus.jsonl=B8D6C89624CB2ED74DEE8938EFFC4F5D8BD2086887880AF8110D64BE4CEADE62,null,null,38587347,null,During the primary early antibody response activated B cells migrate toward the inner-and outer follicular areas where oxysterol accumulation is generated by stromal cells.,,,,,,,源文缺失,NEI,project-3class-v1.0,,member1_chenmingjin,,源文缺失,locator_missing,无证据文本，被引文献未收录，待核,member2_liyun,NOT_ACCURATE,已定位,PMC2877811 XML；Fig. 2 caption/“EBI2 and the inter and outer follicular niches”段。,全文支持活化 B 细胞在 1–2 天后迁移到 inter/outer follicular regions，并说明 EBI2 ligand 可能在此处浓度最高；但没有把该配体明确写成由基质细胞产生的 oxysterol，命题超出证据，个人初判 NOT_ACCURATE。,,,,,,new_pilot,38587347,constructed,处理后用,,claim为专家重写声明，缺施引原文上下文；NEI无证据待核；副本修正：SciFact claim 为专家重写构造样本，缺失文献 ID 以 null 表示；同版 corpus 证据文本已回填。；李云盲复核副本：project_label、双方新值和裁决字段已清空，只在 annotator_2_* 中填写。；李云已于 2026-10-01 按证据建议人工确认 annotator_2_*；不代表最终裁决。；2026-10-02 已完成同版 SciFact corpus 对应文献全文个人定位；不代表最终裁决。；规范化副本：原回传 annotator_1_label=待核，按字段字典留空；待核原因保留在 annotator_1_reason。
SciFact:train-309,SciFact,309,https://github.com/allenai/scifact,CC BY 4.0 (claims) / ODC-By 1.0 (corpus),https://github.com/allenai/scifact/blob/master/LICENSE.md,release/latest (获取2026-10-01),data.tar.gz=11C621288D41AC144D29B13B0F8503B3820B7D6E8B1F6FF24DFF335C196D76BE; claims_train.jsonl=F4C8FA82D8BD0653A9CC8D61A6EA48C25EACEA64E90AF5DBF390EBB1B74372F0; claims_dev.jsonl=86F0435D08FDB65D1AA41D1472684F57E6E71930626497BDF4D7A9EC1A632217; claims_test.jsonl=558930D75215C73F84A28FE538307D6D397C9DE1EC7239514CF45F80D75D2CA3; corpus.jsonl=B8D6C89624CB2ED74DEE8938EFFC4F5D8BD2086887880AF8110D64BE4CEADE62,null,null,7821634,null,DUSP4 increases apoptosis.,"[doc_id=7821634; sentence=6] DUSP4 overexpression increased chemotherapy-induced apoptosis, whereas DUSP4 depletion dampened the response to chemotherapy.",7821634,7821634#s6,,,,已定位,SUPPORT,project-3class-v1.0,ACCURATE,member1_chenmingjin,NOT_ACCURATE,已定位,7821634#s6,DUSP4是对化疗诱导的细胞凋零还要过表达，而不是全部细胞,member2_liyun,ACCURATE,已定位,7821634#s6,证据明确报告 DUSP4 过表达增加化疗诱导的凋亡，支持 DUSP4 增加凋亡。,ACCURATE,已定位,师兄裁决：证据支持 DUSP4 过表达增加化疗诱导凋亡。,member1_chenmingjin,2026-10-03,new_pilot,7821634,constructed,处理后用,,证据句可在corpus按句号定位；副本修正：SciFact claim 为专家重写构造样本，缺失文献 ID 以 null 表示；同版 corpus 证据文本已回填。；李云盲复核副本：project_label、双方新值和裁决字段已清空，只在 annotator_2_* 中填写。；李云已于 2026-10-01 按证据建议人工确认 annotator_2_*；不代表最终裁决。
SciFact:dev-238,SciFact,238,https://github.com/allenai/scifact,CC BY 4.0 (claims) / ODC-By 1.0 (corpus),https://github.com/allenai/scifact/blob/master/LICENSE.md,release/latest (获取2026-10-01),data.tar.gz=11C621288D41AC144D29B13B0F8503B3820B7D6E8B1F6FF24DFF335C196D76BE; claims_train.jsonl=F4C8FA82D8BD0653A9CC8D61A6EA48C25EACEA64E90AF5DBF390EBB1B74372F0; claims_dev.jsonl=86F0435D08FDB65D1AA41D1472684F57E6E71930626497BDF4D7A9EC1A632217; claims_test.jsonl=558930D75215C73F84A28FE538307D6D397C9DE1EC7239514CF45F80D75D2CA3; corpus.jsonl=B8D6C89624CB2ED74DEE8938EFFC4F5D8BD2086887880AF8110D64BE4CEADE62,null,null,2251426,null,Cells undergoing methionine restriction may activate miRNAs.,,,,,,,源文缺失,NEI,project-3class-v1.0,,member1_chenmingjin,,源文缺失,locator_missing,无证据文本，被引文献未收录，待核,member2_liyun,NOT_ACCURATE,已定位,同版 SciFact corpus doc_id 2251426；Cell 官方摘要（DOI 10.1016/j.cell.2007.08.010，PMID 17719533）：摘要讨论 miRNAs 参与多种 stress responses，并可能在 stress 中成为表达激活因子；未提到 methionine restriction 这一具体条件。,被引摘要支持 miRNA 与细胞应激反应及表达激活有关，但没有直接报告 methionine restriction 细胞会激活 miRNAs；施引 claim 添加了具体限制条件，个人初判 NOT_ACCURATE，待双方裁决。,,,,,,new_pilot,2251426,constructed,处理后用,,；2026-10-02 已按同版 corpus doc_id 2251426 核对 Cell 官方摘要；原始 evidence_status=源文缺失保留不改，只写 annotator_2_*；不代表最终裁决。；规范化副本：原回传 annotator_1_label=待核，按字段字典留空；待核原因保留在 annotator_1_reason。
SciFact:train-96,SciFact,96,https://github.com/allenai/scifact,CC BY 4.0 (claims) / ODC-By 1.0 (corpus),https://github.com/allenai/scifact/blob/master/LICENSE.md,release/latest (获取2026-10-01),data.tar.gz=11C621288D41AC144D29B13B0F8503B3820B7D6E8B1F6FF24DFF335C196D76BE; claims_train.jsonl=F4C8FA82D8BD0653A9CC8D61A6EA48C25EACEA64E90AF5DBF390EBB1B74372F0; claims_dev.jsonl=86F0435D08FDB65D1AA41D1472684F57E6E71930626497BDF4D7A9EC1A632217; claims_test.jsonl=558930D75215C73F84A28FE538307D6D397C9DE1EC7239514CF45F80D75D2CA3; corpus.jsonl=B8D6C89624CB2ED74DEE8938EFFC4F5D8BD2086887880AF8110D64BE4CEADE62,null,null,14500725,null,Algerian physicians constitue the largest component of sub-Saharan Africa-trained physicians in the United States.,,,,,,,源文缺失,NEI,project-3class-v1.0,,member1_chenmingjin,,源文缺失,locator_missing,无证据文本，被引文献未收录，待核,member2_liyun,NOT_ACCURATE,已定位,PMC3775724 XML；Abstract/Editors’ Summary 与 Table 1 附近。,全文列出的主要来源国为 Nigeria、South Africa、Ghana 和 Ethiopia，并指出 Nigerian IMGs 占增量一半以上，没有支持 Algerian physicians 为最大组成，个人初判 NOT_ACCURATE。,,,,,,new_pilot,14500725,constructed,处理后用,,claim为专家重写声明，缺施引原文上下文；NEI无证据待核；副本修正：SciFact claim 为专家重写构造样本，缺失文献 ID 以 null 表示；同版 corpus 证据文本已回填。；李云盲复核副本：project_label、双方新值和裁决字段已清空，只在 annotator_2_* 中填写。；李云已于 2026-10-01 按证据建议人工确认 annotator_2_*；不代表最终裁决。；2026-10-02 已完成同版 SciFact corpus 对应文献全文个人定位；不代表最终裁决。；规范化副本：原回传 annotator_1_label=待核，按字段字典留空；待核原因保留在 annotator_1_reason。
SciFact:train-91,SciFact,91,https://github.com/allenai/scifact,CC BY 4.0 (claims) / ODC-By 1.0 (corpus),https://github.com/allenai/scifact/blob/master/LICENSE.md,release/latest (获取2026-10-01),data.tar.gz=11C621288D41AC144D29B13B0F8503B3820B7D6E8B1F6FF24DFF335C196D76BE; claims_train.jsonl=F4C8FA82D8BD0653A9CC8D61A6EA48C25EACEA64E90AF5DBF390EBB1B74372F0; claims_dev.jsonl=86F0435D08FDB65D1AA41D1472684F57E6E71930626497BDF4D7A9EC1A632217; claims_test.jsonl=558930D75215C73F84A28FE538307D6D397C9DE1EC7239514CF45F80D75D2CA3; corpus.jsonl=B8D6C89624CB2ED74DEE8938EFFC4F5D8BD2086887880AF8110D64BE4CEADE62,null,null,1084345,null,Aged patients are less susceptible to ischaemia/reperfusion injury.,,,,,,,源文缺失,NEI,project-3class-v1.0,,member1_chenmingjin,,源文缺失,locator_missing,无证据文本，被引文献未收录，待核,member2_liyun,IRRELEVANT,已定位,PMC2722716 XML；Abstract。,被引全文研究老龄啮齿动物肝脏的 chaperone-mediated autophagy、细胞维护和肝功能；未讨论缺血/再灌注损伤或老年患者易感性，核心对象不相关，个人初判 IRRELEVANT。,,,,,,new_pilot,1084345,constructed,处理后用,,claim为专家重写声明，缺施引原文上下文；NEI无证据待核；副本修正：SciFact claim 为专家重写构造样本，缺失文献 ID 以 null 表示；同版 corpus 证据文本已回填。；李云盲复核副本：project_label、双方新值和裁决字段已清空，只在 annotator_2_* 中填写。；李云已于 2026-10-01 按证据建议人工确认 annotator_2_*；不代表最终裁决。；2026-10-02 已完成同版 SciFact corpus 对应文献全文个人定位；不代表最终裁决。；规范化副本：原回传 annotator_1_label=待核，按字段字典留空；待核原因保留在 annotator_1_reason。
SciFact:train-334,SciFact,334,https://github.com/allenai/scifact,CC BY 4.0 (claims) / ODC-By 1.0 (corpus),https://github.com/allenai/scifact/blob/master/LICENSE.md,release/latest (获取2026-10-01),data.tar.gz=11C621288D41AC144D29B13B0F8503B3820B7D6E8B1F6FF24DFF335C196D76BE; claims_train.jsonl=F4C8FA82D8BD0653A9CC8D61A6EA48C25EACEA64E90AF5DBF390EBB1B74372F0; claims_dev.jsonl=86F0435D08FDB65D1AA41D1472684F57E6E71930626497BDF4D7A9EC1A632217; claims_test.jsonl=558930D75215C73F84A28FE538307D6D397C9DE1EC7239514CF45F80D75D2CA3; corpus.jsonl=B8D6C89624CB2ED74DEE8938EFFC4F5D8BD2086887880AF8110D64BE4CEADE62,null,null,25079962,null,Depletion of nitric oxide is responsible for vasospasm.,"[doc_id=25079962; sentence=1] Decreased bioavailability of nitric oxide has been associated with the development of cerebral vasospasm.

[doc_id=25079962; sentence=10] All 8 control monkeys developed significant vasospasm of the right middle cerebral artery, which was complicated by stroke and death in 1 animal.
[doc_id=25079962; sentence=12] Nitrite infusion prevented development of vasospasm (no animals developed significant vasospasm; mean [SD] reduction in right middle cerebral artery area on day 7 after subarachnoid hemorrhage of 8% [9%] in nitrite-treated monkeys vs 47% [5%] in saline-treated controls; P<.001).",25079962,25079962#s1;25079962#s10;25079962#s12,,,,已定位,SUPPORT,project-3class-v1.0,ACCURATE,member1_chenmingjin,ACCURATE,已定位,;25079962#s12,亚硝酸盐治疗组猴右侧大脑中动脉面积平均[SD]缩小8%[9%]，而生理盐水对照组缩小47%[5%]。是可以影响痉挛,member2_liyun,ACCURATE,已定位,25079962#s1;25079962#s10;25079962#s12,证据将一氧化氮可利用性降低与脑血管痉挛联系起来，并显示亚硝酸盐处理可预防痉挛，支持核心关系。,ACCURATE,已定位,双方独立标签一致（ACCURATE），双方证据状态均为已定位，按一致结果裁决。,member1_chenmingjin,2026-10-03,new_pilot,25079962,constructed,处理后用,,证据句可在corpus按句号定位；副本修正：SciFact claim 为专家重写构造样本，缺失文献 ID 以 null 表示；同版 corpus 证据文本已回填。；李云盲复核副本：project_label、双方新值和裁决字段已清空，只在 annotator_2_* 中填写。；李云已于 2026-10-01 按证据建议人工确认 annotator_2_*；不代表最终裁决。
SciFact:train-771,SciFact,771,https://github.com/allenai/scifact,CC BY 4.0 (claims) / ODC-By 1.0 (corpus),https://github.com/allenai/scifact/blob/master/LICENSE.md,release/latest (获取2026-10-01),data.tar.gz=11C621288D41AC144D29B13B0F8503B3820B7D6E8B1F6FF24DFF335C196D76BE; claims_train.jsonl=F4C8FA82D8BD0653A9CC8D61A6EA48C25EACEA64E90AF5DBF390EBB1B74372F0; claims_dev.jsonl=86F0435D08FDB65D1AA41D1472684F57E6E71930626497BDF4D7A9EC1A632217; claims_test.jsonl=558930D75215C73F84A28FE538307D6D397C9DE1EC7239514CF45F80D75D2CA3; corpus.jsonl=B8D6C89624CB2ED74DEE8938EFFC4F5D8BD2086887880AF8110D64BE4CEADE62,null,null,15476777,null,Metastatic colorectal cancer treated with a single agent fluoropyrimidines resulted in similar efficacy and better quality of life when compared with oxaliplatin-based chemotherapy in elderly patients.,"[doc_id=15476777; sentence=16] On balance, a combination including oxaliplatin was preferable to single-agent fluoropyrimidines, although the primary endpoint of PFS was not met.",15476777,15476777#s16,,,,已定位,CONTRADICT,project-3class-v1.0,NOT_ACCURATE,member1_chenmingjin,NOT_ACCURATE,已定位,15476777#s16,单药氟尿嘧啶类药物治疗，与奥沙利铂为基础的化疗方案相比。与联合方案优于单药氟尿嘧啶类药物治疗证据不符,member2_liyun,NOT_ACCURATE,已定位,15476777#s16,证据认为含 oxaliplatin 的联合方案优于单药 fluoropyrimidines，与 claim 所说单药疗效相近且生活质量更好相反。,NOT_ACCURATE,已定位,双方独立标签一致（NOT_ACCURATE），双方证据状态均为已定位，按一致结果裁决。,member1_chenmingjin,2026-10-03,new_pilot,15476777,constructed,处理后用,,证据句可在corpus按句号定位；副本修正：SciFact claim 为专家重写构造样本，缺失文献 ID 以 null 表示；同版 corpus 证据文本已回填。；李云盲复核副本：project_label、双方新值和裁决字段已清空，只在 annotator_2_* 中填写。；李云已于 2026-10-01 按证据建议人工确认 annotator_2_*；不代表最终裁决。
SciFact:train-817,SciFact,817,https://github.com/allenai/scifact,CC BY 4.0 (claims) / ODC-By 1.0 (corpus),https://github.com/allenai/scifact/blob/master/LICENSE.md,release/latest (获取2026-10-01),data.tar.gz=11C621288D41AC144D29B13B0F8503B3820B7D6E8B1F6FF24DFF335C196D76BE; claims_train.jsonl=F4C8FA82D8BD0653A9CC8D61A6EA48C25EACEA64E90AF5DBF390EBB1B74372F0; claims_dev.jsonl=86F0435D08FDB65D1AA41D1472684F57E6E71930626497BDF4D7A9EC1A632217; claims_test.jsonl=558930D75215C73F84A28FE538307D6D397C9DE1EC7239514CF45F80D75D2CA3; corpus.jsonl=B8D6C89624CB2ED74DEE8938EFFC4F5D8BD2086887880AF8110D64BE4CEADE62,null,null,17814815,null,Myelin sheaths are lipid-rich cellular structures.,,,,,,,源文缺失,NEI,project-3class-v1.0,,member1_chenmingjin,,源文缺失,locator_missing,无证据文本，被引文献未收录，待核,member2_liyun,ACCURATE,已定位,PMC3981936 XML；Introduction/Discussion，myelin optical properties 段。,全文直接把 myelin 描述为 lipid-rich，并说明 myelin 由多层 lipid-rich sheaths 构成，与“myelin sheaths are lipid-rich cellular structures”相符，个人初判 ACCURATE。,,,,,,new_pilot,17814815,constructed,处理后用,,claim为专家重写声明，缺施引原文上下文；NEI无证据待核；副本修正：SciFact claim 为专家重写构造样本，缺失文献 ID 以 null 表示；同版 corpus 证据文本已回填。；李云盲复核副本：project_label、双方新值和裁决字段已清空，只在 annotator_2_* 中填写。；李云已于 2026-10-01 按证据建议人工确认 annotator_2_*；不代表最终裁决。；2026-10-02 已完成同版 SciFact corpus 对应文献全文个人定位；不代表最终裁决。；规范化副本：原回传 annotator_1_label=待核，按字段字典留空；待核原因保留在 annotator_1_reason。
SciFact:dev-1088,SciFact,1088,https://github.com/allenai/scifact,CC BY 4.0 (claims) / ODC-By 1.0 (corpus),https://github.com/allenai/scifact/blob/master/LICENSE.md,release/latest (获取2026-10-01),data.tar.gz=11C621288D41AC144D29B13B0F8503B3820B7D6E8B1F6FF24DFF335C196D76BE; claims_train.jsonl=F4C8FA82D8BD0653A9CC8D61A6EA48C25EACEA64E90AF5DBF390EBB1B74372F0; claims_dev.jsonl=86F0435D08FDB65D1AA41D1472684F57E6E71930626497BDF4D7A9EC1A632217; claims_test.jsonl=558930D75215C73F84A28FE538307D6D397C9DE1EC7239514CF45F80D75D2CA3; corpus.jsonl=B8D6C89624CB2ED74DEE8938EFFC4F5D8BD2086887880AF8110D64BE4CEADE62,null,null,37549932,null,Silencing of Bcl2 is important for the maintenance and progression of tumors.,"[doc_id=37549932; sentence=3] Eliminating BCL-2 yielded rapid loss of leukemic cells and significantly prolonged survival, formally validating BCL-2 as a rational target for cancer therapy.",37549932,37549932#s3,,,,已定位,CONTRADICT,project-3class-v1.0,NOT_ACCURATE,member1_chenmingjin,NOT_ACCURATE,已定位,37549932#s3,沉默和消除不是一个意思,member2_liyun,NOT_ACCURATE,已定位,37549932#s3,证据说明清除 BCL-2 可导致白血病细胞丧失并延长生存，未支持 claim 所述 Bcl2 沉默维持或促进肿瘤进展的方向。,NOT_ACCURATE,已定位,双方独立标签一致（NOT_ACCURATE），双方证据状态均为已定位，按一致结果裁决。,member1_chenmingjin,2026-10-03,new_pilot,37549932,constructed,处理后用,,证据句可在corpus按句号定位；副本修正：SciFact claim 为专家重写构造样本，缺失文献 ID 以 null 表示；同版 corpus 证据文本已回填。；李云盲复核副本：project_label、双方新值和裁决字段已清空，只在 annotator_2_* 中填写。；李云已于 2026-10-01 按证据建议人工确认 annotator_2_*；不代表最终裁决。
SciFact:train-81,SciFact,81,https://github.com/allenai/scifact,CC BY 4.0 (claims) / ODC-By 1.0 (corpus),https://github.com/allenai/scifact/blob/master/LICENSE.md,release/latest (获取2026-10-01),data.tar.gz=11C621288D41AC144D29B13B0F8503B3820B7D6E8B1F6FF24DFF335C196D76BE; claims_train.jsonl=F4C8FA82D8BD0653A9CC8D61A6EA48C25EACEA64E90AF5DBF390EBB1B74372F0; claims_dev.jsonl=86F0435D08FDB65D1AA41D1472684F57E6E71930626497BDF4D7A9EC1A632217; claims_test.jsonl=558930D75215C73F84A28FE538307D6D397C9DE1EC7239514CF45F80D75D2CA3; corpus.jsonl=B8D6C89624CB2ED74DEE8938EFFC4F5D8BD2086887880AF8110D64BE4CEADE62,null,null,1797622,null,Acute ablation of Snail in the embryonic cortex affects the proliferation and number of embryonic cortical precursors.,,,,,,,源文缺失,NEI,project-3class-v1.0,,member1_chenmingjin,,源文缺失,locator_missing,无证据文本，被引文献未收录，待核,member2_liyun,IRRELEVANT,已定位,PMC2288629 XML；Abstract/Author Summary。,被引全文研究 C. elegans 中 dnj-11/MIDA1、ces-2/HLF、ces-1/Snail 对凋亡的调控，不是胚胎皮层前体细胞增殖和数量，核心对象不相关，个人初判 IRRELEVANT。,,,,,,new_pilot,1797622,constructed,处理后用,,claim为专家重写声明，缺施引原文上下文；NEI无证据待核；副本修正：SciFact claim 为专家重写构造样本，缺失文献 ID 以 null 表示；同版 corpus 证据文本已回填。；李云盲复核副本：project_label、双方新值和裁决字段已清空，只在 annotator_2_* 中填写。；李云已于 2026-10-01 按证据建议人工确认 annotator_2_*；不代表最终裁决。；2026-10-02 已完成同版 SciFact corpus 对应文献全文个人定位；不代表最终裁决。；规范化副本：原回传 annotator_1_label=待核，按字段字典留空；待核原因保留在 annotator_1_reason。
SciFact:train-694,SciFact,694,https://github.com/allenai/scifact,CC BY 4.0 (claims) / ODC-By 1.0 (corpus),https://github.com/allenai/scifact/blob/master/LICENSE.md,release/latest (获取2026-10-01),data.tar.gz=11C621288D41AC144D29B13B0F8503B3820B7D6E8B1F6FF24DFF335C196D76BE; claims_train.jsonl=F4C8FA82D8BD0653A9CC8D61A6EA48C25EACEA64E90AF5DBF390EBB1B74372F0; claims_dev.jsonl=86F0435D08FDB65D1AA41D1472684F57E6E71930626497BDF4D7A9EC1A632217; claims_test.jsonl=558930D75215C73F84A28FE538307D6D397C9DE1EC7239514CF45F80D75D2CA3; corpus.jsonl=B8D6C89624CB2ED74DEE8938EFFC4F5D8BD2086887880AF8110D64BE4CEADE62,null,null,1071991,null,Lice attenuated SIV vaccines induce a stronger antigen-specific T cell response in lymph node cells.,"[doc_id=1071991; sentence=1] Here we show that the degree of LAV-mediated protection against intravenous wild-type SIVmac239 challenge strongly correlates with the magnitude and function of SIV-specific, effector-differentiated T cells in the lymph node but not with the responses of such T cells in the blood or with other cellular, humoral and innate immune parameters.",1071991,1071991#s1,,,,已定位,SUPPORT,project-3class-v1.0,NOT_ACCURATE,member1_chenmingjin,NOT_ACCURATE,已定位,1071991#s1,claim中主语是疫苗而证据句子中未提及,member2_liyun,ACCURATE,已定位,1071991#s1,证据报告 LAV 保护效果与淋巴结中 SIV 特异性效应 T 细胞的强度和功能相关，支持淋巴结 T 细胞反应的核心命题。,NOT_ACCURATE,已定位,师兄裁决：证据句未提及 claim 主体疫苗诱导反应。,member1_chenmingjin,2026-10-03,new_pilot,1071991,constructed,处理后用,,证据句可在corpus按句号定位；副本修正：SciFact claim 为专家重写构造样本，缺失文献 ID 以 null 表示；同版 corpus 证据文本已回填。；李云盲复核副本：project_label、双方新值和裁决字段已清空，只在 annotator_2_* 中填写。；李云已于 2026-10-01 按证据建议人工确认 annotator_2_*；不代表最终裁决。
SciFact:dev-230,SciFact,230,https://github.com/allenai/scifact,CC BY 4.0 (claims) / ODC-By 1.0 (corpus),https://github.com/allenai/scifact/blob/master/LICENSE.md,release/latest (获取2026-10-01),data.tar.gz=11C621288D41AC144D29B13B0F8503B3820B7D6E8B1F6FF24DFF335C196D76BE; claims_train.jsonl=F4C8FA82D8BD0653A9CC8D61A6EA48C25EACEA64E90AF5DBF390EBB1B74372F0; claims_dev.jsonl=86F0435D08FDB65D1AA41D1472684F57E6E71930626497BDF4D7A9EC1A632217; claims_test.jsonl=558930D75215C73F84A28FE538307D6D397C9DE1EC7239514CF45F80D75D2CA3; corpus.jsonl=B8D6C89624CB2ED74DEE8938EFFC4F5D8BD2086887880AF8110D64BE4CEADE62,null,null,3067015,null,Carriers of the alcohol aldehyde dehydrogenase deficiency mutation drink less that non-carries.,[doc_id=3067015; sentence=4] Individuals homozygous for the null variant (*2*2) experience adverse symptoms when drinking alcohol and consequently drink considerably less alcohol than wild-type homozygotes (*1*1) or heterozygotes.,3067015,3067015#s4,,,,已定位,SUPPORT,project-3class-v1.0,ACCURATE,member1_chenmingjin,ACCURATE,已定位,3067015#s4,饮酒时会出现不良反应，因此其饮酒量显著少于野生型纯合子。,member2_liyun,ACCURATE,已定位,3067015#s4,证据明确报告 ALDH2 缺陷纯合者因饮酒不良反应而比野生型或杂合者少饮酒，支持 claim。,ACCURATE,已定位,双方独立标签一致（ACCURATE），双方证据状态均为已定位，按一致结果裁决。,member1_chenmingjin,2026-10-03,new_pilot,3067015,constructed,处理后用,,证据句可在corpus按句号定位；副本修正：SciFact claim 为专家重写构造样本，缺失文献 ID 以 null 表示；同版 corpus 证据文本已回填。；李云盲复核副本：project_label、双方新值和裁决字段已清空，只在 annotator_2_* 中填写。；李云已于 2026-10-01 按证据建议人工确认 annotator_2_*；不代表最终裁决。
SciFact:train-777,SciFact,777,https://github.com/allenai/scifact,CC BY 4.0 (claims) / ODC-By 1.0 (corpus),https://github.com/allenai/scifact/blob/master/LICENSE.md,release/latest (获取2026-10-01),data.tar.gz=11C621288D41AC144D29B13B0F8503B3820B7D6E8B1F6FF24DFF335C196D76BE; claims_train.jsonl=F4C8FA82D8BD0653A9CC8D61A6EA48C25EACEA64E90AF5DBF390EBB1B74372F0; claims_dev.jsonl=86F0435D08FDB65D1AA41D1472684F57E6E71930626497BDF4D7A9EC1A632217; claims_test.jsonl=558930D75215C73F84A28FE538307D6D397C9DE1EC7239514CF45F80D75D2CA3; corpus.jsonl=B8D6C89624CB2ED74DEE8938EFFC4F5D8BD2086887880AF8110D64BE4CEADE62,null,null,32275758,null,Mice defective for deoxyribonucleic acid (DNA) polymerase m (polm) reveal increased sensitivity to ionizing radiation (IR).,,,,,,,源文缺失,NEI,project-3class-v1.0,,member1_chenmingjin,,源文缺失,locator_missing,无证据文本，被引文献未收录，待核,member2_liyun,NOT_ACCURATE,已定位,同版 SciFact corpus doc_id 32275758；PubMed 官方摘要（PMID 16860755，DOI 10.1016/j.immuni.2006.04.013）：文献研究 Pol μ、Pol λ 和 TdT 在免疫球蛋白 V(D)J 重组中的非重叠功能；摘要未报告 Pol μ 缺陷小鼠对电离辐射敏感性增加。,被引 claim 关于 Pol μ 缺陷小鼠的电离辐射敏感性，而同版引用文献摘要研究的是免疫球蛋白 V(D)J 重组和聚合酶分工，未支持辐射敏感性命题，个人初判 NOT_ACCURATE，待双方裁决。,,,,,,new_pilot,32275758,constructed,处理后用,,；2026-10-02 已按同版 corpus doc_id 32275758 核对 PubMed 官方摘要；原始 evidence_status=源文缺失保留不改，只写 annotator_2_*；不代表最终裁决。；规范化副本：原回传 annotator_1_label=待核，按字段字典留空；待核原因保留在 annotator_1_reason。
SciFact:dev-528,SciFact,528,https://github.com/allenai/scifact,CC BY 4.0 (claims) / ODC-By 1.0 (corpus),https://github.com/allenai/scifact/blob/master/LICENSE.md,release/latest (获取2026-10-01),data.tar.gz=11C621288D41AC144D29B13B0F8503B3820B7D6E8B1F6FF24DFF335C196D76BE; claims_train.jsonl=F4C8FA82D8BD0653A9CC8D61A6EA48C25EACEA64E90AF5DBF390EBB1B74372F0; claims_dev.jsonl=86F0435D08FDB65D1AA41D1472684F57E6E71930626497BDF4D7A9EC1A632217; claims_test.jsonl=558930D75215C73F84A28FE538307D6D397C9DE1EC7239514CF45F80D75D2CA3; corpus.jsonl=B8D6C89624CB2ED74DEE8938EFFC4F5D8BD2086887880AF8110D64BE4CEADE62,null,null,5476778,null,Human T-lymphotropic virus type-I-associated myelopathy / tropical spastic paraparesis (HAM/TSP) patients produce Immunoglobulin G (IgG) antibodies which cross-react with an immunodominant epitope in Tax.,"[doc_id=5476778; sentence=10] Antibodies to hnRNP-A1 cross-reacted with HTLV-1-tax, the immune response to which is associated with HAM/TSP (refs.",5476778,5476778#s10,,,,已定位,SUPPORT,project-3class-v1.0,NOT_ACCURATE,member1_chenmingjin,NOT_ACCURATE,已定位,5476778#s10,抗体来源都不同,member2_liyun,ACCURATE,已定位,5476778#s10,证据明确报告抗体与 HTLV-1 Tax 发生交叉反应，支持 HAM/TSP 相关抗体交叉反应的核心命题。,NOT_ACCURATE,已定位,师兄裁决：抗体来源不同，证据不支持 claim 的主体对应关系。,member1_chenmingjin,2026-10-03,new_pilot,5476778,constructed,处理后用,,证据句可在corpus按句号定位；副本修正：SciFact claim 为专家重写构造样本，缺失文献 ID 以 null 表示；同版 corpus 证据文本已回填。；李云盲复核副本：project_label、双方新值和裁决字段已清空，只在 annotator_2_* 中填写。；李云已于 2026-10-01 按证据建议人工确认 annotator_2_*；不代表最终裁决。
SciFact:train-992,SciFact,992,https://github.com/allenai/scifact,CC BY 4.0 (claims) / ODC-By 1.0 (corpus),https://github.com/allenai/scifact/blob/master/LICENSE.md,release/latest (获取2026-10-01),data.tar.gz=11C621288D41AC144D29B13B0F8503B3820B7D6E8B1F6FF24DFF335C196D76BE; claims_train.jsonl=F4C8FA82D8BD0653A9CC8D61A6EA48C25EACEA64E90AF5DBF390EBB1B74372F0; claims_dev.jsonl=86F0435D08FDB65D1AA41D1472684F57E6E71930626497BDF4D7A9EC1A632217; claims_test.jsonl=558930D75215C73F84A28FE538307D6D397C9DE1EC7239514CF45F80D75D2CA3; corpus.jsonl=B8D6C89624CB2ED74DEE8938EFFC4F5D8BD2086887880AF8110D64BE4CEADE62,null,null,16472469,null,Pyridostatin deregulates G2/M progression.,"[doc_id=16472469; sentence=5] Remarkably, PDS reduces proliferation of HR-defective cells by inducing DSB accumulation, checkpoint activation, and deregulated G2/M progression and by enhancing the replication defect intrinsic to HR deficiency.",16472469,16472469#s5,,,,已定位,SUPPORT,project-3class-v1.0,ACCURATE,member1_chenmingjin,ACCURATE,已定位,16472469#s5,PDS通过诱导双链断裂（DSB）积累、检查点激活以及G2/M期进程失调.,member2_liyun,ACCURATE,已定位,16472469#s5,证据明确写出 pyridostatin 诱导失调的 G2/M 进程，支持 claim。,ACCURATE,已定位,双方独立标签一致（ACCURATE），双方证据状态均为已定位，按一致结果裁决。,member1_chenmingjin,2026-10-03,new_pilot,16472469,constructed,处理后用,,证据句可在corpus按句号定位；副本修正：SciFact claim 为专家重写构造样本，缺失文献 ID 以 null 表示；同版 corpus 证据文本已回填。；李云盲复核副本：project_label、双方新值和裁决字段已清空，只在 annotator_2_* 中填写。；李云已于 2026-10-01 按证据建议人工确认 annotator_2_*；不代表最终裁决。
SciFact:train-20,SciFact,20,https://github.com/allenai/scifact,CC BY 4.0 (claims) / ODC-By 1.0 (corpus),https://github.com/allenai/scifact/blob/master/LICENSE.md,release/latest (获取2026-10-01),data.tar.gz=11C621288D41AC144D29B13B0F8503B3820B7D6E8B1F6FF24DFF335C196D76BE; claims_train.jsonl=F4C8FA82D8BD0653A9CC8D61A6EA48C25EACEA64E90AF5DBF390EBB1B74372F0; claims_dev.jsonl=86F0435D08FDB65D1AA41D1472684F57E6E71930626497BDF4D7A9EC1A632217; claims_test.jsonl=558930D75215C73F84A28FE538307D6D397C9DE1EC7239514CF45F80D75D2CA3; corpus.jsonl=B8D6C89624CB2ED74DEE8938EFFC4F5D8BD2086887880AF8110D64BE4CEADE62,null,null,3202143,null,7-day-old adult Caenorhabditis elegans exhibit approximately 75% of the learning capacity seen in 1-day old adults.,,,,,,,源文缺失,NEI,project-3class-v1.0,,member1_chenmingjin,,源文缺失,locator_missing,无证据文本，被引文献未收录，待核,member2_liyun,NOT_ACCURATE,已定位,PMC2872642 XML；Results “C. elegans Remember a Food-Odorant Association”段。,全文报告第一周内 1× massed 和 7× spaced learning abilities 到第 7 天丧失、长期联想记忆到第 5 天丧失，没有支持第 7 天仍保留约 75% 的学习能力，个人初判 NOT_ACCURATE。,,,,,,new_pilot,3202143,constructed,处理后用,,claim为专家重写声明，缺施引原文上下文；NEI无证据待核；副本修正：SciFact claim 为专家重写构造样本，缺失文献 ID 以 null 表示；同版 corpus 证据文本已回填。；李云盲复核副本：project_label、双方新值和裁决字段已清空，只在 annotator_2_* 中填写。；李云已于 2026-10-01 按证据建议人工确认 annotator_2_*；不代表最终裁决。；2026-10-02 已完成同版 SciFact corpus 对应文献全文个人定位；不代表最终裁决。；规范化副本：原回传 annotator_1_label=待核，按字段字典留空；待核原因保留在 annotator_1_reason。
SciFact:train-571,SciFact,571,https://github.com/allenai/scifact,CC BY 4.0 (claims) / ODC-By 1.0 (corpus),https://github.com/allenai/scifact/blob/master/LICENSE.md,release/latest (获取2026-10-01),data.tar.gz=11C621288D41AC144D29B13B0F8503B3820B7D6E8B1F6FF24DFF335C196D76BE; claims_train.jsonl=F4C8FA82D8BD0653A9CC8D61A6EA48C25EACEA64E90AF5DBF390EBB1B74372F0; claims_dev.jsonl=86F0435D08FDB65D1AA41D1472684F57E6E71930626497BDF4D7A9EC1A632217; claims_test.jsonl=558930D75215C73F84A28FE538307D6D397C9DE1EC7239514CF45F80D75D2CA3; corpus.jsonl=B8D6C89624CB2ED74DEE8938EFFC4F5D8BD2086887880AF8110D64BE4CEADE62,null,null,20333864,null,"In breast cancer, the loss of myoepithelial cells slows the transition of ductal carcinoma in situ to invasive carcinoma.","[doc_id=20333864; sentence=2] Progression to invasion was promoted by fibroblasts and inhibited by normal myoepithelial cells.
[doc_id=20333864; sentence=3] Molecular profiles of isolated luminal epithelial and myoepithelial cells identified an intricate interaction network involving TGFbeta, Hedgehog, cell adhesion, and p63 required for myoepithelial cell differentiation, the elimination of which resulted in loss of myoepithelial cells and progression to invasion.",20333864,20333864#s2;20333864#s3,,,,已定位,CONTRADICT,project-3class-v1.0,NOT_ACCURATE,member1_chenmingjin,NOT_ACCURATE,已定位,20333864#s2;20333864#s3,话题知识提到，但知识点为未相关,member2_liyun,NOT_ACCURATE,已定位,20333864#s2;20333864#s3,证据说明正常肌上皮细胞抑制侵袭，而肌上皮细胞丧失会导致侵袭进展，与 claim 所说丧失后减慢转移相反。,NOT_ACCURATE,已定位,双方独立标签一致（NOT_ACCURATE），双方证据状态均为已定位，按一致结果裁决。,member1_chenmingjin,2026-10-03,new_pilot,20333864,constructed,处理后用,,证据句可在corpus按句号定位；副本修正：SciFact claim 为专家重写构造样本，缺失文献 ID 以 null 表示；同版 corpus 证据文本已回填。；李云盲复核副本：project_label、双方新值和裁决字段已清空，只在 annotator_2_* 中填写。；李云已于 2026-10-01 按证据建议人工确认 annotator_2_*；不代表最终裁决。
SciFact:dev-239,SciFact,239,https://github.com/allenai/scifact,CC BY 4.0 (claims) / ODC-By 1.0 (corpus),https://github.com/allenai/scifact/blob/master/LICENSE.md,release/latest (获取2026-10-01),data.tar.gz=11C621288D41AC144D29B13B0F8503B3820B7D6E8B1F6FF24DFF335C196D76BE; claims_train.jsonl=F4C8FA82D8BD0653A9CC8D61A6EA48C25EACEA64E90AF5DBF390EBB1B74372F0; claims_dev.jsonl=86F0435D08FDB65D1AA41D1472684F57E6E71930626497BDF4D7A9EC1A632217; claims_test.jsonl=558930D75215C73F84A28FE538307D6D397C9DE1EC7239514CF45F80D75D2CA3; corpus.jsonl=B8D6C89624CB2ED74DEE8938EFFC4F5D8BD2086887880AF8110D64BE4CEADE62,null,null,14079881,null,Cellular aging closely links to an older appearance.,"[doc_id=14079881; sentence=10] Perceived age, controlled for chronological age and sex, also correlated significantly with physical and cognitive functioning as well as with leucocyte telomere length.

[doc_id=14079881; sentence=11] CONCLUSION Perceived age-which is widely used by clinicians as a general indication of a patient's health-is a robust biomarker of ageing that predicts survival among those aged >or=70 and correlates with important functional and molecular ageing phenotypes.",14079881,14079881#s10;14079881#s11,,,,已定位,SUPPORT,project-3class-v1.0,ACCURATE,member1_chenmingjin,ACCURATE,已定位,14079881#s10;14079881#s11,感知年龄与细胞衰老有关,member2_liyun,ACCURATE,已定位,14079881#s10;14079881#s11,证据报告感知年龄与衰老相关功能和分子表型相关，支持细胞衰老与外观年龄联系的核心命题。,ACCURATE,已定位,双方独立标签一致（ACCURATE），双方证据状态均为已定位，按一致结果裁决。,member1_chenmingjin,2026-10-03,new_pilot,14079881,constructed,处理后用,,证据句可在corpus按句号定位；副本修正：SciFact claim 为专家重写构造样本，缺失文献 ID 以 null 表示；同版 corpus 证据文本已回填。；李云盲复核副本：project_label、双方新值和裁决字段已清空，只在 annotator_2_* 中填写。；李云已于 2026-10-01 按证据建议人工确认 annotator_2_*；不代表最终裁决。
SciFact:train-1212,SciFact,1212,https://github.com/allenai/scifact,CC BY 4.0 (claims) / ODC-By 1.0 (corpus),https://github.com/allenai/scifact/blob/master/LICENSE.md,release/latest (获取2026-10-01),data.tar.gz=11C621288D41AC144D29B13B0F8503B3820B7D6E8B1F6FF24DFF335C196D76BE; claims_train.jsonl=F4C8FA82D8BD0653A9CC8D61A6EA48C25EACEA64E90AF5DBF390EBB1B74372F0; claims_dev.jsonl=86F0435D08FDB65D1AA41D1472684F57E6E71930626497BDF4D7A9EC1A632217; claims_test.jsonl=558930D75215C73F84A28FE538307D6D397C9DE1EC7239514CF45F80D75D2CA3; corpus.jsonl=B8D6C89624CB2ED74DEE8938EFFC4F5D8BD2086887880AF8110D64BE4CEADE62,null,null,6493422;44724517,null,The deregulated and prolonged activation of monocytes has deleterious effects in chronic infectious conditions.,,,,,,,源文缺失,NEI,project-3class-v1.0,,member1_chenmingjin,,源文缺失,locator_missing,无证据文本，被引文献未收录，待核,member2_liyun,ACCURATE,已定位,PMC3103656 XML Introduction；PMC3644709 XML Introduction。,两篇全文共同支持：感染或炎症中的过度/失控髓系细胞或单核细胞激活可对宿主造成损伤，且持续/慢性炎症可导致组织损伤；与施引概括相符，个人初判 ACCURATE。,,,,,,new_pilot,6493422;44724517,constructed,处理后用,,claim为专家重写声明，缺施引原文上下文；NEI无证据待核；副本修正：SciFact claim 为专家重写构造样本，缺失文献 ID 以 null 表示；同版 corpus 证据文本已回填。；李云盲复核副本：project_label、双方新值和裁决字段已清空，只在 annotator_2_* 中填写。；李云已于 2026-10-01 按证据建议人工确认 annotator_2_*；不代表最终裁决。；2026-10-02 已完成同版 SciFact corpus 对应文献全文个人定位；不代表最终裁决。；规范化副本：原回传 annotator_1_label=待核，按字段字典留空；待核原因保留在 annotator_1_reason。；2026-10-03 师兄询问的两条记录经复核不是重复：cited_doc_id=6493422 对应 PMC3103656《The Myeloid Transcription Factor KLF2 Regulates the Host Response to Polymicrobial Infection and Endotoxic Shock》，文件 SciFact_1212a_PMC3103656.xml；cited_doc_id=44724517 对应 PMC3644709《Kruppel-Like Factor 2 Is a Transcriptional Regulator of Chronic and Acute Inflammation》，文件 SciFact_1212b_PMC3644709.xml；两行 SHA-256 不同且文献不同，保留为同一 claim 的两条证据。师兄未提供该条独立三分类，project_label/adjudicated_* 暂留空
SciFact:train-559,SciFact,559,https://github.com/allenai/scifact,CC BY 4.0 (claims) / ODC-By 1.0 (corpus),https://github.com/allenai/scifact/blob/master/LICENSE.md,release/latest (获取2026-10-01),data.tar.gz=11C621288D41AC144D29B13B0F8503B3820B7D6E8B1F6FF24DFF335C196D76BE; claims_train.jsonl=F4C8FA82D8BD0653A9CC8D61A6EA48C25EACEA64E90AF5DBF390EBB1B74372F0; claims_dev.jsonl=86F0435D08FDB65D1AA41D1472684F57E6E71930626497BDF4D7A9EC1A632217; claims_test.jsonl=558930D75215C73F84A28FE538307D6D397C9DE1EC7239514CF45F80D75D2CA3; corpus.jsonl=B8D6C89624CB2ED74DEE8938EFFC4F5D8BD2086887880AF8110D64BE4CEADE62,null,null,3475317,null,Immune responses in immune cells are geographically segregated.,"[doc_id=3475317; sentence=7] Although the balance between systemic pro- and anti-inflammatory signals is crucial to TB disease outcome, here we find that these signals are physically segregated within each granuloma.",3475317,3475317#s7,,,,已定位,SUPPORT,project-3class-v1.0,ACCURATE,member1_chenmingjin,ACCURATE,已定位,3475317#s7,肉芽肿内部是物理上分隔的。包含免疫细胞,member2_liyun,ACCURATE,已定位,3475317#s7,证据报告炎症信号在每个肉芽肿内呈物理分隔，支持免疫反应存在空间隔离。,ACCURATE,已定位,双方独立标签一致（ACCURATE），双方证据状态均为已定位，按一致结果裁决。,member1_chenmingjin,2026-10-03,new_pilot,3475317,constructed,处理后用,,证据句可在corpus按句号定位；副本修正：SciFact claim 为专家重写构造样本，缺失文献 ID 以 null 表示；同版 corpus 证据文本已回填。；李云盲复核副本：project_label、双方新值和裁决字段已清空，只在 annotator_2_* 中填写。；李云已于 2026-10-01 按证据建议人工确认 annotator_2_*；不代表最终裁决。
SciFact:train-760,SciFact,760,https://github.com/allenai/scifact,CC BY 4.0 (claims) / ODC-By 1.0 (corpus),https://github.com/allenai/scifact/blob/master/LICENSE.md,release/latest (获取2026-10-01),data.tar.gz=11C621288D41AC144D29B13B0F8503B3820B7D6E8B1F6FF24DFF335C196D76BE; claims_train.jsonl=F4C8FA82D8BD0653A9CC8D61A6EA48C25EACEA64E90AF5DBF390EBB1B74372F0; claims_dev.jsonl=86F0435D08FDB65D1AA41D1472684F57E6E71930626497BDF4D7A9EC1A632217; claims_test.jsonl=558930D75215C73F84A28FE538307D6D397C9DE1EC7239514CF45F80D75D2CA3; corpus.jsonl=B8D6C89624CB2ED74DEE8938EFFC4F5D8BD2086887880AF8110D64BE4CEADE62,null,null,1805641,null,Mathematical models predict that using Artemisinin-based combination therapy over nongametocytocidal drugs have only a modest impact in reducing malaria transmission.,"[doc_id=1805641; sentence=13] An efficacious antimalarial regimen with no specific gametocytocidal properties but a long prophylactic time was estimated to be more effective at reducing transmission than a short-acting ACT in the highest-transmission setting.
",1805641,1805641#s13,,,,已定位,SUPPORT,project-3class-v1.0,ACCURATE,member1_chenmingjin,NOT_ACCURATE,已定位,1805641#s13,表述相反,member2_liyun,ACCURATE,已定位,1805641#s13,证据比较短效 ACT 与无特异性配子体杀灭作用但预防期较长的方案，支持 ACT 对传播降低的影响有限这一核心判断。,ACCURATE,已定位,师兄裁决：证据支持 ACT 对传播降低影响有限的核心判断。,member1_chenmingjin,2026-10-03,new_pilot,1805641,constructed,处理后用,,证据句可在corpus按句号定位；副本修正：SciFact claim 为专家重写构造样本，缺失文献 ID 以 null 表示；同版 corpus 证据文本已回填。；李云盲复核副本：project_label、双方新值和裁决字段已清空，只在 annotator_2_* 中填写。；李云已于 2026-10-01 按证据建议人工确认 annotator_2_*；不代表最终裁决。
SciFact:train-1195,SciFact,1195,https://github.com/allenai/scifact,CC BY 4.0 (claims) / ODC-By 1.0 (corpus),https://github.com/allenai/scifact/blob/master/LICENSE.md,release/latest (获取2026-10-01),data.tar.gz=11C621288D41AC144D29B13B0F8503B3820B7D6E8B1F6FF24DFF335C196D76BE; claims_train.jsonl=F4C8FA82D8BD0653A9CC8D61A6EA48C25EACEA64E90AF5DBF390EBB1B74372F0; claims_dev.jsonl=86F0435D08FDB65D1AA41D1472684F57E6E71930626497BDF4D7A9EC1A632217; claims_test.jsonl=558930D75215C73F84A28FE538307D6D397C9DE1EC7239514CF45F80D75D2CA3; corpus.jsonl=B8D6C89624CB2ED74DEE8938EFFC4F5D8BD2086887880AF8110D64BE4CEADE62,null,null,26283293,null,The artifactual C-terminal helix swapping in the StART domain is observed in the Ups1-Mdm35 heterodimer of the StARkin superfamily.,,,,,,,源文缺失,NEI,project-3class-v1.0,,member1_chenmingjin,,源文缺失,locator_missing,无证据文本，被引文献未收录，待核,member2_liyun,ACCURATE,已定位,PMC4532887 XML；“Structure of the Ups1–Mdm35 complex”段。,全文明确描述两个 Ups1 分子交换相同的 C-terminal helix，并判断该 domain-swapped 构象可能是 crystallization artifact；随后以单体 Ups1–Mdm35 heterodimer 为正式复合物，直接支持施引命题，个人初判 ACCURATE。,,,,,,new_pilot,26283293,constructed,处理后用,,claim为专家重写声明，缺施引原文上下文；NEI无证据待核；副本修正：SciFact claim 为专家重写构造样本，缺失文献 ID 以 null 表示；同版 corpus 证据文本已回填。；李云盲复核副本：project_label、双方新值和裁决字段已清空，只在 annotator_2_* 中填写。；李云已于 2026-10-01 按证据建议人工确认 annotator_2_*；不代表最终裁决。；2026-10-02 已完成同版 SciFact corpus 对应文献全文个人定位；不代表最终裁决。；规范化副本：原回传 annotator_1_label=待核，按字段字典留空；待核原因保留在 annotator_1_reason。
SciFact:train-332,SciFact,332,https://github.com/allenai/scifact,CC BY 4.0 (claims) / ODC-By 1.0 (corpus),https://github.com/allenai/scifact/blob/master/LICENSE.md,release/latest (获取2026-10-01),data.tar.gz=11C621288D41AC144D29B13B0F8503B3820B7D6E8B1F6FF24DFF335C196D76BE; claims_train.jsonl=F4C8FA82D8BD0653A9CC8D61A6EA48C25EACEA64E90AF5DBF390EBB1B74372F0; claims_dev.jsonl=86F0435D08FDB65D1AA41D1472684F57E6E71930626497BDF4D7A9EC1A632217; claims_test.jsonl=558930D75215C73F84A28FE538307D6D397C9DE1EC7239514CF45F80D75D2CA3; corpus.jsonl=B8D6C89624CB2ED74DEE8938EFFC4F5D8BD2086887880AF8110D64BE4CEADE62,null,null,29023309,null,Depletion of T-helper 17 (Th17) cells during simian immunodeficiency virus (SIV) infection decreases dissemination of Salmonella Typhimurium from the gut.,"[doc_id=29023309; sentence=1] Here we show that simian immunodeficiency virus (SIV) infection results in depletion of T helper type 17 (TH17) cells in the ileal mucosa of rhesus macaques, thereby impairing mucosal barrier functions to S. typhimurium dissemination.
[doc_id=29023309; sentence=3] TH17 cells were markedly depleted in SIV-infected rhesus macaques, resulting in blunted TH17 responses to S. typhimurium infection and increased bacterial dissemination.",29023309,29023309#s1;29023309#s3,,,,已定位,CONTRADICT,project-3class-v1.0,NOT_ACCURATE,member1_chenmingjin,NOT_ACCURATE,已定位,29023309#s1;29023309#s3,一个是得以扩散一个是抑制扩散,member2_liyun,NOT_ACCURATE,已定位,29023309#s1;29023309#s3,证据说明 Th17 细胞耗竭会损害黏膜屏障并增加沙门氏菌播散，与 claim 所说耗竭减少播散相反。,NOT_ACCURATE,已定位,双方独立标签一致（NOT_ACCURATE），双方证据状态均为已定位，按一致结果裁决。,member1_chenmingjin,2026-10-03,new_pilot,29023309,constructed,处理后用,,证据句可在corpus按句号定位；副本修正：SciFact claim 为专家重写构造样本，缺失文献 ID 以 null 表示；同版 corpus 证据文本已回填。；李云盲复核副本：project_label、双方新值和裁决字段已清空，只在 annotator_2_* 中填写。；李云已于 2026-10-01 按证据建议人工确认 annotator_2_*；不代表最终裁决。
SciFact:train-1361,SciFact,1361,https://github.com/allenai/scifact,CC BY 4.0 (claims) / ODC-By 1.0 (corpus),https://github.com/allenai/scifact/blob/master/LICENSE.md,release/latest (获取2026-10-01),data.tar.gz=11C621288D41AC144D29B13B0F8503B3820B7D6E8B1F6FF24DFF335C196D76BE; claims_train.jsonl=F4C8FA82D8BD0653A9CC8D61A6EA48C25EACEA64E90AF5DBF390EBB1B74372F0; claims_dev.jsonl=86F0435D08FDB65D1AA41D1472684F57E6E71930626497BDF4D7A9EC1A632217; claims_test.jsonl=558930D75215C73F84A28FE538307D6D397C9DE1EC7239514CF45F80D75D2CA3; corpus.jsonl=B8D6C89624CB2ED74DEE8938EFFC4F5D8BD2086887880AF8110D64BE4CEADE62,null,null,15488881;15058155,null,Varying expression levels of EBI2 affect the positioning and migration of B cells.,"[doc_id=15488881; sentence=2] Here, we show that expression of the orphan G protein-coupled receptor Epstein-Barr virus-induced gene 2 (EBI2, also known as GPR183) by activated B cells was essential for their movement to extrafollicular sites and induction of early plasmablast responses.
[doc_id=15488881; sentence=3] Conversely, downregulation of EBI2 enabled B cells to access the center of follicles and promoted efficient GC formation.
[doc_id=15058155; sentence=3] A few subsequently published studies further elucidated how 7α, 25-OHC bound to EBI2, and how a gradient of 7α, 25-OHC could be generated in vivo and regulated migration, activation, and functions of B cells, T cells, dendritic cells (DCs), monocytes/macrophages, and astrocytes.",15058155;15488881,15488881#s2;15488881#s3;15058155#s3,,,,已定位,SUPPORT,project-3class-v1.0,ACCURATE,member1_chenmingjin,ACCURATE,已定位,15488881#s2;,在此，我们证明活化B细胞表达孤儿G蛋白偶联受体EB病毒诱导基因2（EBI2，又称GPR183）对其向滤泡外位点迁移以及诱导早期浆母细胞反应至关重要。,member2_liyun,ACCURATE,已定位,15488881#s2;15488881#s3;15058155#s3,证据明确报告 EBI2 表达影响 B 细胞向滤泡外部位移动、下调后进入滤泡中心，支持表达水平影响定位和迁移。,ACCURATE,已定位,双方独立标签一致（ACCURATE），双方证据状态均为已定位，按一致结果裁决。,member1_chenmingjin,2026-10-03,new_pilot,15488881;15058155,constructed,处理后用,,证据句可在corpus按句号定位；副本修正：SciFact claim 为专家重写构造样本，缺失文献 ID 以 null 表示；同版 corpus 证据文本已回填。；李云盲复核副本：project_label、双方新值和裁决字段已清空，只在 annotator_2_* 中填写。；李云已于 2026-10-01 按证据建议人工确认 annotator_2_*；不代表最终裁决。
