claim_id,raw_label,project_label
0,ACCURATE,ACCURATE
1,ACCURATE,ACCURATE
2,ACCURATE,ACCURATE
3,ACCURATE,ACCURATE
4,ACCURATE,ACCURATE
5,ACCURATE,ACCURATE
6,ACCURATE,ACCURATE
7,ETIQUETTE,NOT_ACCURATE
8,ACCURATE,ACCURATE
9,ACCURATE,ACCURATE
10,ACCURATE,ACCURATE
11,CONTRADICT,NOT_ACCURATE
12,ACCURATE,ACCURATE
13,ACCURATE,ACCURATE
14,ETIQUETTE,NOT_ACCURATE
15,ACCURATE,ACCURATE
16,ACCURATE,ACCURATE
17,ACCURATE,ACCURATE
18,ETIQUETTE,NOT_ACCURATE
19,ACCURATE,ACCURATE
20,ACCURATE,ACCURATE
21,IRRELEVANT,IRRELEVANT
22,ACCURATE,ACCURATE
23,ACCURATE,ACCURATE
24,ACCURATE,ACCURATE
25,IRRELEVANT,IRRELEVANT
26,ACCURATE,ACCURATE
27,ACCURATE,ACCURATE
28,ACCURATE,ACCURATE
29,ACCURATE,ACCURATE
30,NOT_SUBSTANTIATE,NOT_ACCURATE
31,IRRELEVANT,IRRELEVANT
32,IRRELEVANT,IRRELEVANT
33,IRRELEVANT,IRRELEVANT
34,ACCURATE,ACCURATE
35,ACCURATE,ACCURATE
36,IRRELEVANT,IRRELEVANT
37,ACCURATE,ACCURATE
38,INDIRECT_NOT_REVIEW,ACCURATE
39,ACCURATE,ACCURATE
40,ACCURATE,ACCURATE
41,INDIRECT_NOT_REVIEW,ACCURATE
42,OVERSIMPLIFY,NOT_ACCURATE
43,ACCURATE,ACCURATE
44,ACCURATE,ACCURATE
45,ACCURATE,ACCURATE
46,ACCURATE,ACCURATE
47,ACCURATE,ACCURATE
48,ACCURATE,ACCURATE
49,NOT_SUBSTANTIATE,NOT_ACCURATE
50,ACCURATE,ACCURATE
51,ACCURATE,ACCURATE
52,ETIQUETTE,NOT_ACCURATE
53,ACCURATE,ACCURATE
54,ACCURATE,ACCURATE
55,ACCURATE,ACCURATE
56,ETIQUETTE,NOT_ACCURATE
57,ACCURATE,ACCURATE
58,ACCURATE,ACCURATE
59,ACCURATE,ACCURATE
60,ACCURATE,ACCURATE
61,CONTRADICT,NOT_ACCURATE
62,ACCURATE,ACCURATE
63,ACCURATE,ACCURATE
64,ACCURATE,ACCURATE
65,ACCURATE,ACCURATE
66,NOT_SUBSTANTIATE,NOT_ACCURATE
67,ACCURATE,ACCURATE
68,OVERSIMPLIFY,NOT_ACCURATE
69,ACCURATE,ACCURATE
70,ETIQUETTE,NOT_ACCURATE
71,ACCURATE,ACCURATE
72,NOT_SUBSTANTIATE,NOT_ACCURATE
73,ACCURATE,ACCURATE
74,MISQUOTE,NOT_ACCURATE
75,ACCURATE,ACCURATE
76,ETIQUETTE,NOT_ACCURATE
77,ETIQUETTE,NOT_ACCURATE
78,ETIQUETTE,NOT_ACCURATE
79,ACCURATE,ACCURATE
80,CONTRADICT,NOT_ACCURATE
81,ACCURATE,ACCURATE
82,CONTRADICT,NOT_ACCURATE
83,ACCURATE,ACCURATE
84,ETIQUETTE,NOT_ACCURATE
85,ETIQUETTE,NOT_ACCURATE
86,ACCURATE,ACCURATE
87,ACCURATE,ACCURATE
88,ACCURATE,ACCURATE
89,ETIQUETTE,NOT_ACCURATE
90,ETIQUETTE,NOT_ACCURATE
91,ACCURATE,ACCURATE
92,ETIQUETTE,NOT_ACCURATE
93,ACCURATE,ACCURATE
94,ACCURATE,ACCURATE
95,ACCURATE,ACCURATE
96,ETIQUETTE,NOT_ACCURATE
97,ACCURATE,ACCURATE
98,NOT_SUBSTANTIATE,NOT_ACCURATE
99,ACCURATE,ACCURATE
100,INDIRECT_NOT_REVIEW,ACCURATE
101,ACCURATE,ACCURATE
102,OVERSIMPLIFY,NOT_ACCURATE
103,ETIQUETTE,NOT_ACCURATE
104,ACCURATE,ACCURATE
105,ACCURATE,ACCURATE
106,ACCURATE,ACCURATE
107,ETIQUETTE,NOT_ACCURATE
108,NOT_SUBSTANTIATE,NOT_ACCURATE
109,ACCURATE,ACCURATE
110,ACCURATE,ACCURATE
111,ACCURATE,ACCURATE
112,ACCURATE,ACCURATE
113,INDIRECT_NOT_REVIEW,ACCURATE
114,ACCURATE,ACCURATE
115,OVERSIMPLIFY,NOT_ACCURATE
116,ACCURATE,ACCURATE
117,NOT_SUBSTANTIATE,NOT_ACCURATE
118,ETIQUETTE,NOT_ACCURATE
119,ACCURATE,ACCURATE
120,ACCURATE,ACCURATE
121,ACCURATE,ACCURATE
122,NOT_SUBSTANTIATE,NOT_ACCURATE
123,ACCURATE,ACCURATE
124,NOT_SUBSTANTIATE,NOT_ACCURATE
125,ACCURATE,ACCURATE
126,ACCURATE,ACCURATE
127,ACCURATE,ACCURATE
128,ETIQUETTE,NOT_ACCURATE
129,ACCURATE,ACCURATE
130,ACCURATE,ACCURATE
131,ETIQUETTE,NOT_ACCURATE
132,ETIQUETTE,NOT_ACCURATE
133,ETIQUETTE,NOT_ACCURATE
134,ACCURATE,ACCURATE
135,ACCURATE,ACCURATE
136,ACCURATE,ACCURATE
137,ACCURATE,ACCURATE
138,ACCURATE,ACCURATE
139,ACCURATE,ACCURATE
140,CONTRADICT,NOT_ACCURATE
141,ACCURATE,ACCURATE
142,ACCURATE,ACCURATE
143,ETIQUETTE,NOT_ACCURATE
144,NOT_SUBSTANTIATE,NOT_ACCURATE
145,ACCURATE,ACCURATE
146,ACCURATE,ACCURATE
147,ETIQUETTE,NOT_ACCURATE
148,ACCURATE,ACCURATE
149,ACCURATE,ACCURATE
150,CONTRADICT,NOT_ACCURATE
151,NOT_SUBSTANTIATE,NOT_ACCURATE
152,ACCURATE,ACCURATE
153,ACCURATE,ACCURATE
154,ACCURATE,ACCURATE
155,OVERSIMPLIFY,NOT_ACCURATE
156,ACCURATE,ACCURATE
157,ACCURATE,ACCURATE
158,IRRELEVANT,IRRELEVANT
159,ACCURATE,ACCURATE
160,ACCURATE,ACCURATE
161,ACCURATE,ACCURATE
162,INDIRECT_NOT_REVIEW,ACCURATE
163,IRRELEVANT,IRRELEVANT
164,ACCURATE,ACCURATE
165,ACCURATE,ACCURATE
166,NOT_SUBSTANTIATE,NOT_ACCURATE
167,ACCURATE,ACCURATE
168,OVERSIMPLIFY,NOT_ACCURATE
169,ACCURATE,ACCURATE
170,ACCURATE,ACCURATE
171,ACCURATE,ACCURATE
172,ACCURATE,ACCURATE
173,ACCURATE,ACCURATE
174,ACCURATE,ACCURATE
175,IRRELEVANT,IRRELEVANT
176,INDIRECT_NOT_REVIEW,ACCURATE
177,OVERSIMPLIFY,NOT_ACCURATE
178,ACCURATE,ACCURATE
179,ACCURATE,ACCURATE
180,OVERSIMPLIFY,NOT_ACCURATE
181,ACCURATE,ACCURATE
182,ACCURATE,ACCURATE
183,NOT_SUBSTANTIATE,NOT_ACCURATE
184,IRRELEVANT,IRRELEVANT
185,ACCURATE,ACCURATE
186,NOT_SUBSTANTIATE,NOT_ACCURATE
187,ETIQUETTE,NOT_ACCURATE
188,IRRELEVANT,IRRELEVANT
189,ACCURATE,ACCURATE
190,ACCURATE,ACCURATE
191,NOT_SUBSTANTIATE,NOT_ACCURATE
192,ACCURATE,ACCURATE
193,ACCURATE,ACCURATE
194,CONTRADICT,NOT_ACCURATE
195,ACCURATE,ACCURATE
196,ACCURATE,ACCURATE
197,ACCURATE,ACCURATE
198,IRRELEVANT,IRRELEVANT
199,ACCURATE,ACCURATE
200,CONTRADICT,NOT_ACCURATE
201,NOT_SUBSTANTIATE,NOT_ACCURATE
202,ACCURATE,ACCURATE
203,ETIQUETTE,NOT_ACCURATE
204,ACCURATE,ACCURATE
205,ETIQUETTE,NOT_ACCURATE
206,ACCURATE,ACCURATE
207,ETIQUETTE,NOT_ACCURATE
208,ACCURATE,ACCURATE
209,ACCURATE,ACCURATE
210,ACCURATE,ACCURATE
211,ACCURATE,ACCURATE
212,IRRELEVANT,IRRELEVANT
213,INDIRECT_NOT_REVIEW,ACCURATE
214,ACCURATE,ACCURATE
215,ACCURATE,ACCURATE
216,NOT_SUBSTANTIATE,NOT_ACCURATE
217,ACCURATE,ACCURATE
218,NOT_SUBSTANTIATE,NOT_ACCURATE
219,NOT_SUBSTANTIATE,NOT_ACCURATE
220,ETIQUETTE,NOT_ACCURATE
221,INDIRECT_NOT_REVIEW,ACCURATE
222,ETIQUETTE,NOT_ACCURATE
223,ETIQUETTE,NOT_ACCURATE
224,ETIQUETTE,NOT_ACCURATE
225,ACCURATE,ACCURATE
226,ACCURATE,ACCURATE
227,ETIQUETTE,NOT_ACCURATE
228,ACCURATE,ACCURATE
229,ACCURATE,ACCURATE
230,ETIQUETTE,NOT_ACCURATE
231,NOT_SUBSTANTIATE,NOT_ACCURATE
232,ACCURATE,ACCURATE
233,IRRELEVANT,IRRELEVANT
234,ACCURATE,ACCURATE
235,ACCURATE,ACCURATE
236,ACCURATE,ACCURATE
237,ACCURATE,ACCURATE
238,IRRELEVANT,IRRELEVANT
239,ACCURATE,ACCURATE
240,ACCURATE,ACCURATE
241,ACCURATE,ACCURATE
242,ACCURATE,ACCURATE
243,ACCURATE,ACCURATE
244,ACCURATE,ACCURATE
245,ACCURATE,ACCURATE
246,ACCURATE,ACCURATE
247,ACCURATE,ACCURATE
248,ACCURATE,ACCURATE
249,ACCURATE,ACCURATE
250,ETIQUETTE,NOT_ACCURATE
251,ACCURATE,ACCURATE
252,ACCURATE,ACCURATE
253,ACCURATE,ACCURATE
254,ACCURATE,ACCURATE
255,ETIQUETTE,NOT_ACCURATE
256,MISQUOTE,NOT_ACCURATE
257,IRRELEVANT,IRRELEVANT
258,ETIQUETTE,NOT_ACCURATE
259,OVERSIMPLIFY,NOT_ACCURATE
260,ETIQUETTE,NOT_ACCURATE
261,ACCURATE,ACCURATE
262,ACCURATE,ACCURATE
263,ACCURATE,ACCURATE
264,NOT_SUBSTANTIATE,NOT_ACCURATE
265,ACCURATE,ACCURATE
266,ACCURATE,ACCURATE
267,ETIQUETTE,NOT_ACCURATE
268,ACCURATE,ACCURATE
269,ETIQUETTE,NOT_ACCURATE
270,ETIQUETTE,NOT_ACCURATE
271,IRRELEVANT,IRRELEVANT
272,NOT_SUBSTANTIATE,NOT_ACCURATE
273,ACCURATE,ACCURATE
274,IRRELEVANT,IRRELEVANT
275,IRRELEVANT,IRRELEVANT
276,ACCURATE,ACCURATE
277,ACCURATE,ACCURATE
278,ACCURATE,ACCURATE
279,ACCURATE,ACCURATE
280,ACCURATE,ACCURATE
281,ACCURATE,ACCURATE
282,ACCURATE,ACCURATE
283,ETIQUETTE,NOT_ACCURATE
284,NOT_SUBSTANTIATE,NOT_ACCURATE
285,ACCURATE,ACCURATE
286,ACCURATE,ACCURATE
287,ACCURATE,ACCURATE
288,ACCURATE,ACCURATE
289,ETIQUETTE,NOT_ACCURATE
290,ACCURATE,ACCURATE
291,ACCURATE,ACCURATE
292,ETIQUETTE,NOT_ACCURATE
293,IRRELEVANT,IRRELEVANT
294,ACCURATE,ACCURATE
295,ACCURATE,ACCURATE
296,ACCURATE,ACCURATE
297,ACCURATE,ACCURATE
298,ACCURATE,ACCURATE
299,ACCURATE,ACCURATE
300,ETIQUETTE,NOT_ACCURATE
301,ACCURATE,ACCURATE
302,ACCURATE,ACCURATE
303,ACCURATE,ACCURATE
304,ETIQUETTE,NOT_ACCURATE
305,ACCURATE,ACCURATE
306,ETIQUETTE,NOT_ACCURATE
307,ACCURATE,ACCURATE
308,ACCURATE,ACCURATE
309,ETIQUETTE,NOT_ACCURATE
310,ACCURATE,ACCURATE
311,ETIQUETTE,NOT_ACCURATE
312,ACCURATE,ACCURATE
313,ETIQUETTE,NOT_ACCURATE
314,ACCURATE,ACCURATE
315,ACCURATE,ACCURATE
316,NOT_SUBSTANTIATE,NOT_ACCURATE
317,IRRELEVANT,IRRELEVANT
318,ACCURATE,ACCURATE
319,ACCURATE,ACCURATE
320,NOT_SUBSTANTIATE,NOT_ACCURATE
321,ACCURATE,ACCURATE
322,ACCURATE,ACCURATE
323,CONTRADICT,NOT_ACCURATE
324,ACCURATE,ACCURATE
325,CONTRADICT,NOT_ACCURATE
326,ACCURATE,ACCURATE
327,ACCURATE,ACCURATE
328,IRRELEVANT,IRRELEVANT
329,NOT_SUBSTANTIATE,NOT_ACCURATE
330,INDIRECT_NOT_REVIEW,ACCURATE
331,IRRELEVANT,IRRELEVANT
332,ACCURATE,ACCURATE
333,ACCURATE,ACCURATE
334,ACCURATE,ACCURATE
335,ACCURATE,ACCURATE
336,ACCURATE,ACCURATE
337,INDIRECT_NOT_REVIEW,ACCURATE
338,ACCURATE,ACCURATE
339,CONTRADICT,NOT_ACCURATE
340,ACCURATE,ACCURATE
341,ACCURATE,ACCURATE
342,OVERSIMPLIFY,NOT_ACCURATE
343,ACCURATE,ACCURATE
344,ACCURATE,ACCURATE
345,OVERSIMPLIFY,NOT_ACCURATE
346,IRRELEVANT,IRRELEVANT
347,ACCURATE,ACCURATE
348,ACCURATE,ACCURATE
349,ACCURATE,ACCURATE
350,ACCURATE,ACCURATE
351,ETIQUETTE,NOT_ACCURATE
352,INDIRECT_NOT_REVIEW,ACCURATE
353,ACCURATE,ACCURATE
354,ACCURATE,ACCURATE
355,ACCURATE,ACCURATE
356,ACCURATE,ACCURATE
357,NOT_SUBSTANTIATE,NOT_ACCURATE
358,ETIQUETTE,NOT_ACCURATE
359,ETIQUETTE,NOT_ACCURATE
360,NOT_SUBSTANTIATE,NOT_ACCURATE
361,ACCURATE,ACCURATE
362,ACCURATE,ACCURATE
363,ACCURATE,ACCURATE
364,ACCURATE,ACCURATE
365,INDIRECT_NOT_REVIEW,ACCURATE
366,ACCURATE,ACCURATE
367,ACCURATE,ACCURATE
368,MISQUOTE,NOT_ACCURATE
369,IRRELEVANT,IRRELEVANT
370,CONTRADICT,NOT_ACCURATE
371,ACCURATE,ACCURATE
372,IRRELEVANT,IRRELEVANT
373,ETIQUETTE,NOT_ACCURATE
374,ACCURATE,ACCURATE
375,ETIQUETTE,NOT_ACCURATE
376,NOT_SUBSTANTIATE,NOT_ACCURATE
377,ACCURATE,ACCURATE
378,ACCURATE,ACCURATE
379,ACCURATE,ACCURATE
380,ACCURATE,ACCURATE
381,ACCURATE,ACCURATE
382,INDIRECT_NOT_REVIEW,ACCURATE
383,ACCURATE,ACCURATE
384,ETIQUETTE,NOT_ACCURATE
385,ACCURATE,ACCURATE
386,IRRELEVANT,IRRELEVANT
387,ACCURATE,ACCURATE
388,CONTRADICT,NOT_ACCURATE
389,ACCURATE,ACCURATE
390,IRRELEVANT,IRRELEVANT
391,NOT_SUBSTANTIATE,NOT_ACCURATE
392,IRRELEVANT,IRRELEVANT
393,ACCURATE,ACCURATE
394,ACCURATE,ACCURATE
395,ACCURATE,ACCURATE
396,ACCURATE,ACCURATE
397,ACCURATE,ACCURATE
398,ACCURATE,ACCURATE
399,OVERSIMPLIFY,NOT_ACCURATE
400,IRRELEVANT,IRRELEVANT
401,ACCURATE,ACCURATE
402,ACCURATE,ACCURATE
403,ETIQUETTE,NOT_ACCURATE
404,ACCURATE,ACCURATE
405,ETIQUETTE,NOT_ACCURATE
406,ACCURATE,ACCURATE
407,ACCURATE,ACCURATE
408,ACCURATE,ACCURATE
409,ACCURATE,ACCURATE
410,ACCURATE,ACCURATE
411,ACCURATE,ACCURATE
412,ACCURATE,ACCURATE
413,ACCURATE,ACCURATE
414,ACCURATE,ACCURATE
415,ETIQUETTE,NOT_ACCURATE
416,ACCURATE,ACCURATE
417,ACCURATE,ACCURATE
418,NOT_SUBSTANTIATE,NOT_ACCURATE
419,ACCURATE,ACCURATE
420,ACCURATE,ACCURATE
421,ACCURATE,ACCURATE
422,ETIQUETTE,NOT_ACCURATE
423,ACCURATE,ACCURATE
424,ETIQUETTE,NOT_ACCURATE
425,ACCURATE,ACCURATE
426,INDIRECT,ACCURATE
427,ACCURATE,ACCURATE
428,IRRELEVANT,IRRELEVANT
429,ACCURATE,ACCURATE
430,ACCURATE,ACCURATE
431,ETIQUETTE,NOT_ACCURATE
432,ACCURATE,ACCURATE
433,ACCURATE,ACCURATE
434,ETIQUETTE,NOT_ACCURATE
435,INDIRECT,ACCURATE
436,ACCURATE,ACCURATE
437,ETIQUETTE,NOT_ACCURATE
438,ETIQUETTE,NOT_ACCURATE
439,ACCURATE,ACCURATE
440,CONTRADICT,NOT_ACCURATE
441,ACCURATE,ACCURATE
442,ETIQUETTE,NOT_ACCURATE
443,INDIRECT,ACCURATE
444,ACCURATE,ACCURATE
445,INDIRECT,ACCURATE
446,NOT_SUBSTANTIATE,NOT_ACCURATE
447,NOT_SUBSTANTIATE,NOT_ACCURATE
448,NOT_SUBSTANTIATE,NOT_ACCURATE
449,ETIQUETTE,NOT_ACCURATE
450,IRRELEVANT,IRRELEVANT
451,ACCURATE,ACCURATE
452,ETIQUETTE,NOT_ACCURATE
453,ACCURATE,ACCURATE
454,ACCURATE,ACCURATE
455,NOT_SUBSTANTIATE,NOT_ACCURATE
456,ACCURATE,ACCURATE
457,ACCURATE,ACCURATE
458,ETIQUETTE,NOT_ACCURATE
459,ETIQUETTE,NOT_ACCURATE
460,IRRELEVANT,IRRELEVANT
461,CONTRADICT,NOT_ACCURATE
462,ACCURATE,ACCURATE
463,ACCURATE,ACCURATE
464,IRRELEVANT,IRRELEVANT
465,ACCURATE,ACCURATE
466,ACCURATE,ACCURATE
467,ACCURATE,ACCURATE
468,ACCURATE,ACCURATE
469,ETIQUETTE,NOT_ACCURATE
470,ETIQUETTE,NOT_ACCURATE
471,ACCURATE,ACCURATE
472,ACCURATE,ACCURATE
473,ACCURATE,ACCURATE
474,ACCURATE,ACCURATE
475,ACCURATE,ACCURATE
476,ACCURATE,ACCURATE
477,ACCURATE,ACCURATE
478,ACCURATE,ACCURATE
479,ACCURATE,ACCURATE
480,ACCURATE,ACCURATE
481,ETIQUETTE,NOT_ACCURATE
482,ACCURATE,ACCURATE
483,IRRELEVANT,IRRELEVANT
484,ACCURATE,ACCURATE
485,ACCURATE,ACCURATE
486,NOT_SUBSTANTIATE,NOT_ACCURATE
487,ACCURATE,ACCURATE
488,ACCURATE,ACCURATE
489,ACCURATE,ACCURATE
490,ACCURATE,ACCURATE
491,ACCURATE,ACCURATE
492,ACCURATE,ACCURATE
493,NOT_SUBSTANTIATE,NOT_ACCURATE
494,ACCURATE,ACCURATE
495,ACCURATE,ACCURATE
496,ACCURATE,ACCURATE
497,ACCURATE,ACCURATE
498,NOT_SUBSTANTIATE,NOT_ACCURATE
499,ACCURATE,ACCURATE
500,ACCURATE,ACCURATE
501,ACCURATE,ACCURATE
502,ACCURATE,ACCURATE
503,NOT_SUBSTANTIATE,NOT_ACCURATE
504,ACCURATE,ACCURATE
505,ACCURATE,ACCURATE
506,IRRELEVANT,IRRELEVANT
507,IRRELEVANT,IRRELEVANT
508,ACCURATE,ACCURATE
509,ACCURATE,ACCURATE
510,ACCURATE,ACCURATE
511,ACCURATE,ACCURATE
512,ACCURATE,ACCURATE
513,ACCURATE,ACCURATE
514,NOT_SUBSTANTIATE,NOT_ACCURATE
515,ACCURATE,ACCURATE
516,NOT_SUBSTANTIATE,NOT_ACCURATE
517,ACCURATE,ACCURATE
518,IRRELEVANT,IRRELEVANT
519,ETIQUETTE,NOT_ACCURATE
520,ETIQUETTE,NOT_ACCURATE
521,ETIQUETTE,NOT_ACCURATE
522,ACCURATE,ACCURATE
523,ETIQUETTE,NOT_ACCURATE
524,ACCURATE,ACCURATE
525,ACCURATE,ACCURATE
526,ACCURATE,ACCURATE
527,ACCURATE,ACCURATE
528,ETIQUETTE,NOT_ACCURATE
529,ACCURATE,ACCURATE
530,ACCURATE,ACCURATE
531,IRRELEVANT,IRRELEVANT
532,ACCURATE,ACCURATE
533,ACCURATE,ACCURATE
534,ACCURATE,ACCURATE
535,ACCURATE,ACCURATE
536,NOT_SUBSTANTIATE,NOT_ACCURATE
537,ACCURATE,ACCURATE
538,ETIQUETTE,NOT_ACCURATE
539,ACCURATE,ACCURATE
540,ACCURATE,ACCURATE
541,ETIQUETTE,NOT_ACCURATE
542,ACCURATE,ACCURATE
543,ETIQUETTE,NOT_ACCURATE
544,ACCURATE,ACCURATE
545,ACCURATE,ACCURATE
546,ETIQUETTE,NOT_ACCURATE
547,CONTRADICT,NOT_ACCURATE
548,ETIQUETTE,NOT_ACCURATE
549,ACCURATE,ACCURATE
550,ACCURATE,ACCURATE
551,ETIQUETTE,NOT_ACCURATE
552,ACCURATE,ACCURATE
553,ACCURATE,ACCURATE
554,ACCURATE,ACCURATE
555,ACCURATE,ACCURATE
556,ACCURATE,ACCURATE
557,ETIQUETTE,NOT_ACCURATE
558,ETIQUETTE,NOT_ACCURATE
559,ETIQUETTE,NOT_ACCURATE
560,ACCURATE,ACCURATE
561,ACCURATE,ACCURATE
562,NOT_SUBSTANTIATE,NOT_ACCURATE
563,ACCURATE,ACCURATE
564,ACCURATE,ACCURATE
565,ETIQUETTE,NOT_ACCURATE
566,ETIQUETTE,NOT_ACCURATE
567,ACCURATE,ACCURATE
568,ACCURATE,ACCURATE
569,ACCURATE,ACCURATE
570,ACCURATE,ACCURATE
571,NOT_SUBSTANTIATE,NOT_ACCURATE
572,ACCURATE,ACCURATE
573,NOT_SUBSTANTIATE,NOT_ACCURATE
574,ACCURATE,ACCURATE
575,ACCURATE,ACCURATE
576,IRRELEVANT,IRRELEVANT
577,ACCURATE,ACCURATE
578,ACCURATE,ACCURATE
579,ACCURATE,ACCURATE
580,ACCURATE,ACCURATE
581,ACCURATE,ACCURATE
582,ETIQUETTE,NOT_ACCURATE
583,ACCURATE,ACCURATE
584,ACCURATE,ACCURATE
585,ACCURATE,ACCURATE
586,OVERSIMPLIFY,NOT_ACCURATE
587,ACCURATE,ACCURATE
588,ACCURATE,ACCURATE
589,ACCURATE,ACCURATE
590,ACCURATE,ACCURATE
591,ETIQUETTE,NOT_ACCURATE
592,ACCURATE,ACCURATE
593,ACCURATE,ACCURATE
594,IRRELEVANT,IRRELEVANT
595,IRRELEVANT,IRRELEVANT
596,ACCURATE,ACCURATE
597,ACCURATE,ACCURATE
598,ETIQUETTE,NOT_ACCURATE
599,ACCURATE,ACCURATE
600,MISQUOTE,NOT_ACCURATE
601,ACCURATE,ACCURATE
602,ACCURATE,ACCURATE
603,IRRELEVANT,IRRELEVANT
604,ACCURATE,ACCURATE
605,MISQUOTE,NOT_ACCURATE
606,ACCURATE,ACCURATE
607,ACCURATE,ACCURATE
608,MISQUOTE,NOT_ACCURATE
609,OVERSIMPLIFY,NOT_ACCURATE
610,IRRELEVANT,IRRELEVANT
611,ACCURATE,ACCURATE
612,ACCURATE,ACCURATE
613,ACCURATE,ACCURATE
614,ETIQUETTE,NOT_ACCURATE
615,ACCURATE,ACCURATE
616,ACCURATE,ACCURATE
617,ACCURATE,ACCURATE
618,OVERSIMPLIFY,NOT_ACCURATE
619,ACCURATE,ACCURATE
620,ACCURATE,ACCURATE
621,ACCURATE,ACCURATE
622,INDIRECT_NOT_REVIEW,ACCURATE
623,ACCURATE,ACCURATE
624,NOT_SUBSTANTIATE,NOT_ACCURATE
625,ACCURATE,ACCURATE
626,IRRELEVANT,IRRELEVANT
627,ACCURATE,ACCURATE
628,ACCURATE,ACCURATE
629,INDIRECT_NOT_REVIEW,ACCURATE
630,ACCURATE,ACCURATE
631,ACCURATE,ACCURATE
632,ACCURATE,ACCURATE
633,ACCURATE,ACCURATE
634,ETIQUETTE,NOT_ACCURATE
635,OVERSIMPLIFY,NOT_ACCURATE
636,ACCURATE,ACCURATE
637,ACCURATE,ACCURATE
638,NOT_SUBSTANTIATE,NOT_ACCURATE
639,ACCURATE,ACCURATE
640,CONTRADICT,NOT_ACCURATE
641,ACCURATE,ACCURATE
642,NOT_SUBSTANTIATE,NOT_ACCURATE
643,ACCURATE,ACCURATE
644,ACCURATE,ACCURATE
645,ACCURATE,ACCURATE
646,ACCURATE,ACCURATE
647,ACCURATE,ACCURATE
648,IRRELEVANT,IRRELEVANT
649,ACCURATE,ACCURATE
650,CONTRADICT,NOT_ACCURATE
651,IRRELEVANT,IRRELEVANT
652,ACCURATE,ACCURATE
653,ACCURATE,ACCURATE
654,ETIQUETTE,NOT_ACCURATE
655,ACCURATE,ACCURATE
656,ACCURATE,ACCURATE
657,ACCURATE,ACCURATE
658,NOT_SUBSTANTIATE,NOT_ACCURATE
659,ETIQUETTE,NOT_ACCURATE
660,ETIQUETTE,NOT_ACCURATE
661,INDIRECT,ACCURATE
662,ACCURATE,ACCURATE
663,ETIQUETTE,NOT_ACCURATE
664,ACCURATE,ACCURATE
665,NOT_SUBSTANTIATE,NOT_ACCURATE
666,ACCURATE,ACCURATE
667,ACCURATE,ACCURATE
668,ACCURATE,ACCURATE
669,CONTRADICT,NOT_ACCURATE
670,ACCURATE,ACCURATE
671,ACCURATE,ACCURATE
672,ETIQUETTE,NOT_ACCURATE
673,ACCURATE,ACCURATE
674,NOT_SUBSTANTIATE,NOT_ACCURATE
675,ACCURATE,ACCURATE
676,ACCURATE,ACCURATE
677,ACCURATE,ACCURATE
678,ETIQUETTE,NOT_ACCURATE
679,ACCURATE,ACCURATE
680,ACCURATE,ACCURATE
681,ACCURATE,ACCURATE
682,ACCURATE,ACCURATE
683,ACCURATE,ACCURATE
684,ACCURATE,ACCURATE
685,ACCURATE,ACCURATE
686,ACCURATE,ACCURATE
687,INDIRECT,ACCURATE
688,NOT_SUBSTANTIATE,NOT_ACCURATE
689,ACCURATE,ACCURATE
690,INDIRECT,ACCURATE
691,ACCURATE,ACCURATE
692,ACCURATE,ACCURATE
693,ACCURATE,ACCURATE
694,ACCURATE,ACCURATE
695,ACCURATE,ACCURATE
696,ACCURATE,ACCURATE
697,ACCURATE,ACCURATE
698,ACCURATE,ACCURATE
699,ACCURATE,ACCURATE
700,ACCURATE,ACCURATE
701,ETIQUETTE,NOT_ACCURATE
702,ACCURATE,ACCURATE
703,ETIQUETTE,NOT_ACCURATE
704,CONTRADICT,NOT_ACCURATE
705,ACCURATE,ACCURATE
706,ACCURATE,ACCURATE
707,ACCURATE,ACCURATE
708,ACCURATE,ACCURATE
709,ETIQUETTE,NOT_ACCURATE
710,ACCURATE,ACCURATE
711,ACCURATE,ACCURATE
712,ACCURATE,ACCURATE
713,ACCURATE,ACCURATE
714,ACCURATE,ACCURATE
715,IRRELEVANT,IRRELEVANT
716,NOT_SUBSTANTIATE,NOT_ACCURATE
717,ACCURATE,ACCURATE
718,ACCURATE,ACCURATE
719,OVERSIMPLIFY,NOT_ACCURATE
720,NOT_SUBSTANTIATE,NOT_ACCURATE
721,OVERSIMPLIFY,NOT_ACCURATE
722,IRRELEVANT,IRRELEVANT
723,IRRELEVANT,IRRELEVANT
724,ACCURATE,ACCURATE
725,ACCURATE,ACCURATE
726,ACCURATE,ACCURATE
727,IRRELEVANT,IRRELEVANT
728,OVERSIMPLIFY,NOT_ACCURATE
729,ACCURATE,ACCURATE
730,ACCURATE,ACCURATE
731,INDIRECT_NOT_REVIEW,ACCURATE
732,ACCURATE,ACCURATE
733,ACCURATE,ACCURATE
734,ACCURATE,ACCURATE
735,OVERSIMPLIFY,NOT_ACCURATE
736,OVERSIMPLIFY,NOT_ACCURATE
737,IRRELEVANT,IRRELEVANT
738,ETIQUETTE,NOT_ACCURATE
739,INDIRECT_NOT_REVIEW,ACCURATE
740,ACCURATE,ACCURATE
741,IRRELEVANT,IRRELEVANT
742,INDIRECT_NOT_REVIEW,ACCURATE
743,INDIRECT_NOT_REVIEW,ACCURATE
744,NOT_SUBSTANTIATE,NOT_ACCURATE
745,ACCURATE,ACCURATE
746,ETIQUETTE,NOT_ACCURATE
747,IRRELEVANT,IRRELEVANT
748,ACCURATE,ACCURATE
749,ACCURATE,ACCURATE
750,ACCURATE,ACCURATE
751,ACCURATE,ACCURATE
752,ACCURATE,ACCURATE
753,ACCURATE,ACCURATE
754,ACCURATE,ACCURATE
755,ACCURATE,ACCURATE
756,ACCURATE,ACCURATE
757,ACCURATE,ACCURATE
758,ACCURATE,ACCURATE
759,ETIQUETTE,NOT_ACCURATE
760,ACCURATE,ACCURATE
761,INDIRECT,ACCURATE
762,ACCURATE,ACCURATE
763,ACCURATE,ACCURATE
764,ACCURATE,ACCURATE
765,ACCURATE,ACCURATE
766,IRRELEVANT,IRRELEVANT
767,ETIQUETTE,NOT_ACCURATE
768,NOT_SUBSTANTIATE,NOT_ACCURATE
769,ACCURATE,ACCURATE
770,ETIQUETTE,NOT_ACCURATE
771,ACCURATE,ACCURATE
772,ACCURATE,ACCURATE
773,ACCURATE,ACCURATE
774,ACCURATE,ACCURATE
775,ACCURATE,ACCURATE
776,IRRELEVANT,IRRELEVANT
777,ACCURATE,ACCURATE
778,ACCURATE,ACCURATE
779,ETIQUETTE,NOT_ACCURATE
780,ACCURATE,ACCURATE
781,OVERSIMPLIFY,NOT_ACCURATE
782,ETIQUETTE,NOT_ACCURATE
783,ACCURATE,ACCURATE
784,ACCURATE,ACCURATE
785,ACCURATE,ACCURATE
786,NOT_SUBSTANTIATE,NOT_ACCURATE
787,ACCURATE,ACCURATE
788,ACCURATE,ACCURATE
789,ACCURATE,ACCURATE
790,ACCURATE,ACCURATE
791,ETIQUETTE,NOT_ACCURATE
792,ETIQUETTE,NOT_ACCURATE
793,IRRELEVANT,IRRELEVANT
794,ACCURATE,ACCURATE
795,ACCURATE,ACCURATE
796,IRRELEVANT,IRRELEVANT
797,ETIQUETTE,NOT_ACCURATE
798,ACCURATE,ACCURATE
799,ACCURATE,ACCURATE
800,ETIQUETTE,NOT_ACCURATE
801,ACCURATE,ACCURATE
802,ACCURATE,ACCURATE
803,IRRELEVANT,IRRELEVANT
804,ACCURATE,ACCURATE
805,ACCURATE,ACCURATE
806,ETIQUETTE,NOT_ACCURATE
807,ACCURATE,ACCURATE
808,ACCURATE,ACCURATE
809,ACCURATE,ACCURATE
810,ACCURATE,ACCURATE
811,ACCURATE,ACCURATE
812,ACCURATE,ACCURATE
813,ETIQUETTE,NOT_ACCURATE
814,ACCURATE,ACCURATE
815,ACCURATE,ACCURATE
816,NOT_SUBSTANTIATE,NOT_ACCURATE
817,ACCURATE,ACCURATE
818,ACCURATE,ACCURATE
819,ACCURATE,ACCURATE
820,ACCURATE,ACCURATE
821,ACCURATE,ACCURATE
822,ACCURATE,ACCURATE
823,ETIQUETTE,NOT_ACCURATE
824,ACCURATE,ACCURATE
825,ACCURATE,ACCURATE
826,ACCURATE,ACCURATE
827,IRRELEVANT,IRRELEVANT
828,ETIQUETTE,NOT_ACCURATE
829,INDIRECT,ACCURATE
830,ACCURATE,ACCURATE
831,ACCURATE,ACCURATE
832,ACCURATE,ACCURATE
833,ACCURATE,ACCURATE
834,ACCURATE,ACCURATE
835,OVERSIMPLIFY,NOT_ACCURATE
836,ACCURATE,ACCURATE
837,INDIRECT,ACCURATE
838,ACCURATE,ACCURATE
839,NOT_SUBSTANTIATE,NOT_ACCURATE
840,ACCURATE,ACCURATE
841,NOT_SUBSTANTIATE,NOT_ACCURATE
842,ACCURATE,ACCURATE
843,INDIRECT,ACCURATE
844,ACCURATE,ACCURATE
845,ACCURATE,ACCURATE
846,NOT_SUBSTANTIATE,NOT_ACCURATE
847,INDIRECT,ACCURATE
848,ACCURATE,ACCURATE
849,ETIQUETTE,NOT_ACCURATE
850,INDIRECT,ACCURATE
851,INDIRECT,ACCURATE
852,ACCURATE,ACCURATE
853,ACCURATE,ACCURATE
854,ETIQUETTE,NOT_ACCURATE
855,MISQUOTE,NOT_ACCURATE
856,ACCURATE,ACCURATE
857,INDIRECT,ACCURATE
858,INDIRECT,ACCURATE
859,ACCURATE,ACCURATE
860,ACCURATE,ACCURATE
861,IRRELEVANT,IRRELEVANT
862,ACCURATE,ACCURATE
863,ACCURATE,ACCURATE
864,ACCURATE,ACCURATE
865,IRRELEVANT,IRRELEVANT
866,NOT_SUBSTANTIATE,NOT_ACCURATE
867,IRRELEVANT,IRRELEVANT
868,ACCURATE,ACCURATE
869,ACCURATE,ACCURATE
870,ACCURATE,ACCURATE
871,ACCURATE,ACCURATE
872,ACCURATE,ACCURATE
873,NOT_SUBSTANTIATE,NOT_ACCURATE
874,ACCURATE,ACCURATE
875,ACCURATE,ACCURATE
876,ACCURATE,ACCURATE
877,ETIQUETTE,NOT_ACCURATE
878,ACCURATE,ACCURATE
879,ACCURATE,ACCURATE
880,CONTRADICT,NOT_ACCURATE
881,ACCURATE,ACCURATE
882,IRRELEVANT,IRRELEVANT
883,ACCURATE,ACCURATE
884,NOT_SUBSTANTIATE,NOT_ACCURATE
885,ACCURATE,ACCURATE
886,ACCURATE,ACCURATE
887,IRRELEVANT,IRRELEVANT
888,ACCURATE,ACCURATE
889,ACCURATE,ACCURATE
890,OVERSIMPLIFY,NOT_ACCURATE
891,ACCURATE,ACCURATE
892,ETIQUETTE,NOT_ACCURATE
893,ACCURATE,ACCURATE
894,NOT_SUBSTANTIATE,NOT_ACCURATE
895,ACCURATE,ACCURATE
896,NOT_SUBSTANTIATE,NOT_ACCURATE
897,ACCURATE,ACCURATE
898,ETIQUETTE,NOT_ACCURATE
899,ETIQUETTE,NOT_ACCURATE
900,ACCURATE,ACCURATE
901,ACCURATE,ACCURATE
902,INDIRECT,ACCURATE
903,ETIQUETTE,NOT_ACCURATE
904,ACCURATE,ACCURATE
905,ACCURATE,ACCURATE
906,ACCURATE,ACCURATE
907,ACCURATE,ACCURATE
908,ACCURATE,ACCURATE
909,ACCURATE,ACCURATE
910,ETIQUETTE,NOT_ACCURATE
911,IRRELEVANT,IRRELEVANT
912,ACCURATE,ACCURATE
913,ACCURATE,ACCURATE
914,ACCURATE,ACCURATE
915,INDIRECT,ACCURATE
916,ACCURATE,ACCURATE
917,INDIRECT,ACCURATE
918,NOT_SUBSTANTIATE,NOT_ACCURATE
919,ETIQUETTE,NOT_ACCURATE
920,ACCURATE,ACCURATE
921,NOT_SUBSTANTIATE,NOT_ACCURATE
922,ACCURATE,ACCURATE
923,ETIQUETTE,NOT_ACCURATE
924,INDIRECT,ACCURATE
925,ACCURATE,ACCURATE
926,IRRELEVANT,IRRELEVANT
927,INDIRECT,ACCURATE
928,ETIQUETTE,NOT_ACCURATE
929,IRRELEVANT,IRRELEVANT
930,NOT_SUBSTANTIATE,NOT_ACCURATE
931,ACCURATE,ACCURATE
932,ACCURATE,ACCURATE
933,ACCURATE,ACCURATE
934,ACCURATE,ACCURATE
935,ACCURATE,ACCURATE
936,ACCURATE,ACCURATE
937,NOT_SUBSTANTIATE,NOT_ACCURATE
938,NOT_SUBSTANTIATE,NOT_ACCURATE
939,INDIRECT,ACCURATE
940,NOT_SUBSTANTIATE,NOT_ACCURATE
941,ACCURATE,ACCURATE
942,ACCURATE,ACCURATE
943,MISQUOTE,NOT_ACCURATE
944,ACCURATE,ACCURATE
945,ACCURATE,ACCURATE
946,ETIQUETTE,NOT_ACCURATE
947,IRRELEVANT,IRRELEVANT
948,ACCURATE,ACCURATE
949,NOT_SUBSTANTIATE,NOT_ACCURATE
950,IRRELEVANT,IRRELEVANT
951,ACCURATE,ACCURATE
952,ACCURATE,ACCURATE
953,IRRELEVANT,IRRELEVANT
954,ACCURATE,ACCURATE
955,ACCURATE,ACCURATE
956,ETIQUETTE,NOT_ACCURATE
957,ACCURATE,ACCURATE
958,NOT_SUBSTANTIATE,NOT_ACCURATE
959,ACCURATE,ACCURATE
960,ACCURATE,ACCURATE
961,ACCURATE,ACCURATE
962,ACCURATE,ACCURATE
963,IRRELEVANT,IRRELEVANT
964,NOT_SUBSTANTIATE,NOT_ACCURATE
965,ETIQUETTE,NOT_ACCURATE
966,ACCURATE,ACCURATE
967,IRRELEVANT,IRRELEVANT
968,NOT_SUBSTANTIATE,NOT_ACCURATE
969,OVERSIMPLIFY,NOT_ACCURATE
970,ACCURATE,ACCURATE
971,ACCURATE,ACCURATE
972,ACCURATE,ACCURATE
973,IRRELEVANT,IRRELEVANT
974,INDIRECT,ACCURATE
975,NOT_SUBSTANTIATE,NOT_ACCURATE
976,ETIQUETTE,NOT_ACCURATE
977,ETIQUETTE,NOT_ACCURATE
978,ACCURATE,ACCURATE
979,ACCURATE,ACCURATE
980,ACCURATE,ACCURATE
981,INDIRECT,ACCURATE
982,OVERSIMPLIFY,NOT_ACCURATE
983,ACCURATE,ACCURATE
984,IRRELEVANT,IRRELEVANT
985,ETIQUETTE,NOT_ACCURATE
986,ACCURATE,ACCURATE
987,ACCURATE,ACCURATE
988,ETIQUETTE,NOT_ACCURATE
989,ACCURATE,ACCURATE
990,OVERSIMPLIFY,NOT_ACCURATE
991,ACCURATE,ACCURATE
992,NOT_SUBSTANTIATE,NOT_ACCURATE
993,ACCURATE,ACCURATE
994,ACCURATE,ACCURATE
995,ETIQUETTE,NOT_ACCURATE
996,IRRELEVANT,IRRELEVANT
997,ACCURATE,ACCURATE
998,ACCURATE,ACCURATE
999,ACCURATE,ACCURATE
1000,ETIQUETTE,NOT_ACCURATE
1001,IRRELEVANT,IRRELEVANT
1002,NOT_SUBSTANTIATE,NOT_ACCURATE
1003,ACCURATE,ACCURATE
1004,ACCURATE,ACCURATE
1005,ACCURATE,ACCURATE
1006,ACCURATE,ACCURATE
1007,NOT_SUBSTANTIATE,NOT_ACCURATE
1008,ETIQUETTE,NOT_ACCURATE
1009,ACCURATE,ACCURATE
1010,ACCURATE,ACCURATE
1011,ETIQUETTE,NOT_ACCURATE
1012,NOT_SUBSTANTIATE,NOT_ACCURATE
1013,MISQUOTE,NOT_ACCURATE
1014,ACCURATE,ACCURATE
1015,ACCURATE,ACCURATE
1016,ACCURATE,ACCURATE
1017,ACCURATE,ACCURATE
1018,ACCURATE,ACCURATE
1019,IRRELEVANT,IRRELEVANT
1020,ACCURATE,ACCURATE
1021,ACCURATE,ACCURATE
1022,ACCURATE,ACCURATE
1023,ACCURATE,ACCURATE
1024,ACCURATE,ACCURATE
1025,ACCURATE,ACCURATE
1026,NOT_SUBSTANTIATE,NOT_ACCURATE
1027,ACCURATE,ACCURATE
1028,NOT_SUBSTANTIATE,NOT_ACCURATE
1029,ACCURATE,ACCURATE
1030,ACCURATE,ACCURATE
1031,ACCURATE,ACCURATE
1032,ACCURATE,ACCURATE
1033,ACCURATE,ACCURATE
1034,NOT_SUBSTANTIATE,NOT_ACCURATE
1035,ETIQUETTE,NOT_ACCURATE
1036,ACCURATE,ACCURATE
1037,ACCURATE,ACCURATE
1038,ACCURATE,ACCURATE
1039,ACCURATE,ACCURATE
1040,INDIRECT_NOT_REVIEW,ACCURATE
1041,ACCURATE,ACCURATE
1042,INDIRECT_NOT_REVIEW,ACCURATE
1043,ACCURATE,ACCURATE
1044,ACCURATE,ACCURATE
1045,ACCURATE,ACCURATE
1046,ACCURATE,ACCURATE
1047,ACCURATE,ACCURATE
1048,ETIQUETTE,NOT_ACCURATE
1049,ACCURATE,ACCURATE
1050,ETIQUETTE,NOT_ACCURATE
1051,ACCURATE,ACCURATE
1052,ACCURATE,ACCURATE
1053,ACCURATE,ACCURATE
1054,NOT_SUBSTANTIATE,NOT_ACCURATE
1055,NOT_SUBSTANTIATE,NOT_ACCURATE
1056,MISQUOTE,NOT_ACCURATE
1057,NOT_SUBSTANTIATE,NOT_ACCURATE
1058,INDIRECT_NOT_REVIEW,ACCURATE
1059,NOT_SUBSTANTIATE,NOT_ACCURATE
1060,ACCURATE,ACCURATE
1061,NOT_SUBSTANTIATE,NOT_ACCURATE
1062,NOT_SUBSTANTIATE,NOT_ACCURATE
1063,MISQUOTE,NOT_ACCURATE
1064,ACCURATE,ACCURATE
1065,ACCURATE,ACCURATE
1066,ACCURATE,ACCURATE
1067,ACCURATE,ACCURATE
1068,OVERSIMPLIFY,NOT_ACCURATE
1069,ACCURATE,ACCURATE
1070,NOT_SUBSTANTIATE,NOT_ACCURATE
1071,ACCURATE,ACCURATE
1072,ACCURATE,ACCURATE
1073,ACCURATE,ACCURATE
1074,ACCURATE,ACCURATE
1075,ACCURATE,ACCURATE
1076,INDIRECT,ACCURATE
1077,ACCURATE,ACCURATE
1078,ACCURATE,ACCURATE
1079,ACCURATE,ACCURATE
1080,ACCURATE,ACCURATE
1081,ACCURATE,ACCURATE
1082,ACCURATE,ACCURATE
1083,OVERSIMPLIFY,NOT_ACCURATE
1084,ACCURATE,ACCURATE
1085,ACCURATE,ACCURATE
1086,ACCURATE,ACCURATE
1087,ACCURATE,ACCURATE
1088,ACCURATE,ACCURATE
1089,ACCURATE,ACCURATE
1090,ACCURATE,ACCURATE
1091,ACCURATE,ACCURATE
1092,ACCURATE,ACCURATE
1093,NOT_SUBSTANTIATE,NOT_ACCURATE
1094,ACCURATE,ACCURATE
1095,ETIQUETTE,NOT_ACCURATE
1096,NOT_SUBSTANTIATE,NOT_ACCURATE
1097,ACCURATE,ACCURATE
1098,ACCURATE,ACCURATE
1099,ACCURATE,ACCURATE
1100,ACCURATE,ACCURATE
1101,ACCURATE,ACCURATE
1102,ACCURATE,ACCURATE
1103,ACCURATE,ACCURATE
1104,ACCURATE,ACCURATE
1105,ACCURATE,ACCURATE
1106,ACCURATE,ACCURATE
1107,IRRELEVANT,IRRELEVANT
1108,ACCURATE,ACCURATE
1109,ACCURATE,ACCURATE
1110,INDIRECT_NOT_REVIEW,ACCURATE
1111,ETIQUETTE,NOT_ACCURATE
1112,MISQUOTE,NOT_ACCURATE
1113,IRRELEVANT,IRRELEVANT
1114,ACCURATE,ACCURATE
1115,ACCURATE,ACCURATE
1116,ETIQUETTE,NOT_ACCURATE
1117,ETIQUETTE,NOT_ACCURATE
1118,ACCURATE,ACCURATE
1119,ACCURATE,ACCURATE
1120,OVERSIMPLIFY,NOT_ACCURATE
1121,CONTRADICT,NOT_ACCURATE
1122,ACCURATE,ACCURATE
1123,ACCURATE,ACCURATE
1124,ACCURATE,ACCURATE
1125,ETIQUETTE,NOT_ACCURATE
1126,ACCURATE,ACCURATE
1127,ACCURATE,ACCURATE
1128,ACCURATE,ACCURATE
1129,ACCURATE,ACCURATE
1130,ACCURATE,ACCURATE
1131,ACCURATE,ACCURATE
1132,ETIQUETTE,NOT_ACCURATE
1133,MISQUOTE,NOT_ACCURATE
1134,ACCURATE,ACCURATE
1135,ACCURATE,ACCURATE
1136,ETIQUETTE,NOT_ACCURATE
1137,ACCURATE,ACCURATE
1138,OVERSIMPLIFY,NOT_ACCURATE
1139,ACCURATE,ACCURATE
1140,ACCURATE,ACCURATE
1141,NOT_SUBSTANTIATE,NOT_ACCURATE
1142,OVERSIMPLIFY,NOT_ACCURATE
1143,ACCURATE,ACCURATE
1144,ACCURATE,ACCURATE
1145,NOT_SUBSTANTIATE,NOT_ACCURATE
1146,ACCURATE,ACCURATE
1147,ETIQUETTE,NOT_ACCURATE
1148,ACCURATE,ACCURATE
1149,ACCURATE,ACCURATE
1150,ACCURATE,ACCURATE
1151,ACCURATE,ACCURATE
1152,IRRELEVANT,IRRELEVANT
1153,ACCURATE,ACCURATE
1154,ACCURATE,ACCURATE
1155,ACCURATE,ACCURATE
1156,ACCURATE,ACCURATE
1157,NOT_SUBSTANTIATE,NOT_ACCURATE
1158,NOT_SUBSTANTIATE,NOT_ACCURATE
1159,IRRELEVANT,IRRELEVANT
1160,CONTRADICT,NOT_ACCURATE
1161,ACCURATE,ACCURATE
1162,ACCURATE,ACCURATE
1163,ETIQUETTE,NOT_ACCURATE
1164,ACCURATE,ACCURATE
1165,ETIQUETTE,NOT_ACCURATE
1166,NOT_SUBSTANTIATE,NOT_ACCURATE
1167,ACCURATE,ACCURATE
1168,INDIRECT_NOT_REVIEW,ACCURATE
1169,ETIQUETTE,NOT_ACCURATE
1170,ACCURATE,ACCURATE
1171,ACCURATE,ACCURATE
1172,ETIQUETTE,NOT_ACCURATE
1173,ACCURATE,ACCURATE
1174,ACCURATE,ACCURATE
1175,ACCURATE,ACCURATE
1176,ETIQUETTE,NOT_ACCURATE
1177,ACCURATE,ACCURATE
1178,IRRELEVANT,IRRELEVANT
1179,ACCURATE,ACCURATE
1180,NOT_SUBSTANTIATE,NOT_ACCURATE
1181,ETIQUETTE,NOT_ACCURATE
1182,ETIQUETTE,NOT_ACCURATE
1183,ACCURATE,ACCURATE
1184,OVERSIMPLIFY,NOT_ACCURATE
1185,ACCURATE,ACCURATE
1186,NOT_SUBSTANTIATE,NOT_ACCURATE
1187,OVERSIMPLIFY,NOT_ACCURATE
1188,ACCURATE,ACCURATE
1189,ACCURATE,ACCURATE
1190,ACCURATE,ACCURATE
1191,ETIQUETTE,NOT_ACCURATE
1192,ACCURATE,ACCURATE
1193,ETIQUETTE,NOT_ACCURATE
1194,ACCURATE,ACCURATE
1195,ACCURATE,ACCURATE
1196,ACCURATE,ACCURATE
1197,IRRELEVANT,IRRELEVANT
1198,ACCURATE,ACCURATE
1199,ACCURATE,ACCURATE
1200,NOT_SUBSTANTIATE,NOT_ACCURATE
1201,IRRELEVANT,IRRELEVANT
1202,ACCURATE,ACCURATE
1203,CONTRADICT,NOT_ACCURATE
1204,ACCURATE,ACCURATE
1205,ACCURATE,ACCURATE
1206,ACCURATE,ACCURATE
1207,ACCURATE,ACCURATE
1208,ETIQUETTE,NOT_ACCURATE
1209,OVERSIMPLIFY,NOT_ACCURATE
1210,ACCURATE,ACCURATE
1211,ACCURATE,ACCURATE
1212,ACCURATE,ACCURATE
1213,ACCURATE,ACCURATE
1214,NOT_SUBSTANTIATE,NOT_ACCURATE
1215,ACCURATE,ACCURATE
1216,NOT_SUBSTANTIATE,NOT_ACCURATE
1217,ACCURATE,ACCURATE
1218,ACCURATE,ACCURATE
1219,ACCURATE,ACCURATE
1220,ETIQUETTE,NOT_ACCURATE
1221,ACCURATE,ACCURATE
1222,ACCURATE,ACCURATE
1223,ACCURATE,ACCURATE
1224,NOT_SUBSTANTIATE,NOT_ACCURATE
1225,ETIQUETTE,NOT_ACCURATE
1226,ACCURATE,ACCURATE
1227,IRRELEVANT,IRRELEVANT
1228,ETIQUETTE,NOT_ACCURATE
1229,CONTRADICT,NOT_ACCURATE
1230,ACCURATE,ACCURATE
1231,ACCURATE,ACCURATE
1232,ACCURATE,ACCURATE
1233,ACCURATE,ACCURATE
1234,ACCURATE,ACCURATE
1235,ACCURATE,ACCURATE
1236,ACCURATE,ACCURATE
1237,NOT_SUBSTANTIATE,NOT_ACCURATE
1238,IRRELEVANT,IRRELEVANT
1239,IRRELEVANT,IRRELEVANT
1240,ACCURATE,ACCURATE
1241,MISQUOTE,NOT_ACCURATE
1242,ACCURATE,ACCURATE
1243,ACCURATE,ACCURATE
1244,ACCURATE,ACCURATE
1245,MISQUOTE,NOT_ACCURATE
1246,ACCURATE,ACCURATE
1247,NOT_SUBSTANTIATE,NOT_ACCURATE
1248,OVERSIMPLIFY,NOT_ACCURATE
1249,MISQUOTE,NOT_ACCURATE
1250,ACCURATE,ACCURATE
1251,ACCURATE,ACCURATE
1252,ETIQUETTE,NOT_ACCURATE
1253,NOT_SUBSTANTIATE,NOT_ACCURATE
1254,IRRELEVANT,IRRELEVANT
1255,INDIRECT_NOT_REVIEW,ACCURATE
1256,ETIQUETTE,NOT_ACCURATE
1257,NOT_SUBSTANTIATE,NOT_ACCURATE
1258,ACCURATE,ACCURATE
1259,ACCURATE,ACCURATE
1260,NOT_SUBSTANTIATE,NOT_ACCURATE
1261,ACCURATE,ACCURATE
1262,ACCURATE,ACCURATE
1263,ETIQUETTE,NOT_ACCURATE
1264,IRRELEVANT,IRRELEVANT
1265,NOT_SUBSTANTIATE,NOT_ACCURATE
1266,ACCURATE,ACCURATE
1267,ACCURATE,ACCURATE
1268,ACCURATE,ACCURATE
1269,ACCURATE,ACCURATE
1270,ACCURATE,ACCURATE
1271,IRRELEVANT,IRRELEVANT
1272,CONTRADICT,NOT_ACCURATE
1273,ACCURATE,ACCURATE
1274,ACCURATE,ACCURATE
1275,NOT_SUBSTANTIATE,NOT_ACCURATE
1276,ETIQUETTE,NOT_ACCURATE
1277,OVERSIMPLIFY,NOT_ACCURATE
1278,NOT_SUBSTANTIATE,NOT_ACCURATE
1279,ETIQUETTE,NOT_ACCURATE
1280,NOT_SUBSTANTIATE,NOT_ACCURATE
1281,ETIQUETTE,NOT_ACCURATE
1282,ETIQUETTE,NOT_ACCURATE
1283,NOT_SUBSTANTIATE,NOT_ACCURATE
1284,ETIQUETTE,NOT_ACCURATE
1285,ACCURATE,ACCURATE
1286,NOT_SUBSTANTIATE,NOT_ACCURATE
1287,ACCURATE,ACCURATE
1288,ACCURATE,ACCURATE
1289,IRRELEVANT,IRRELEVANT
1290,NOT_SUBSTANTIATE,NOT_ACCURATE
1291,IRRELEVANT,IRRELEVANT
1292,ACCURATE,ACCURATE
1293,ETIQUETTE,NOT_ACCURATE
1294,ETIQUETTE,NOT_ACCURATE
1295,NOT_SUBSTANTIATE,NOT_ACCURATE
1296,ETIQUETTE,NOT_ACCURATE
1297,ETIQUETTE,NOT_ACCURATE
1298,ACCURATE,ACCURATE
1299,ACCURATE,ACCURATE
1300,ACCURATE,ACCURATE
1301,NOT_SUBSTANTIATE,NOT_ACCURATE
1302,ACCURATE,ACCURATE
1303,IRRELEVANT,IRRELEVANT
1304,ETIQUETTE,NOT_ACCURATE
1305,ACCURATE,ACCURATE
1306,ACCURATE,ACCURATE
1307,ACCURATE,ACCURATE
1308,ACCURATE,ACCURATE
1309,ACCURATE,ACCURATE
1310,IRRELEVANT,IRRELEVANT
1311,ETIQUETTE,NOT_ACCURATE
1312,ACCURATE,ACCURATE
1313,ACCURATE,ACCURATE
1314,NOT_SUBSTANTIATE,NOT_ACCURATE
1315,ACCURATE,ACCURATE
1316,ETIQUETTE,NOT_ACCURATE
1317,NOT_SUBSTANTIATE,NOT_ACCURATE
1318,ETIQUETTE,NOT_ACCURATE
1319,ACCURATE,ACCURATE
1320,OVERSIMPLIFY,NOT_ACCURATE
1321,ACCURATE,ACCURATE
1322,ACCURATE,ACCURATE
1323,ACCURATE,ACCURATE
1324,IRRELEVANT,IRRELEVANT
1325,ACCURATE,ACCURATE
1326,NOT_SUBSTANTIATE,NOT_ACCURATE
1327,ACCURATE,ACCURATE
1328,ETIQUETTE,NOT_ACCURATE
1329,IRRELEVANT,IRRELEVANT
1330,OVERSIMPLIFY,NOT_ACCURATE
1331,NOT_SUBSTANTIATE,NOT_ACCURATE
1332,ACCURATE,ACCURATE
1333,ACCURATE,ACCURATE
1334,CONTRADICT,NOT_ACCURATE
1335,ETIQUETTE,NOT_ACCURATE
1336,ACCURATE,ACCURATE
1337,ACCURATE,ACCURATE
1338,ACCURATE,ACCURATE
1339,CONTRADICT,NOT_ACCURATE
1340,ACCURATE,ACCURATE
1341,ETIQUETTE,NOT_ACCURATE
1342,ACCURATE,ACCURATE
1343,IRRELEVANT,IRRELEVANT
1344,NOT_SUBSTANTIATE,NOT_ACCURATE
1345,ACCURATE,ACCURATE
1346,NOT_SUBSTANTIATE,NOT_ACCURATE
1347,IRRELEVANT,IRRELEVANT
1348,NOT_SUBSTANTIATE,NOT_ACCURATE
1349,ACCURATE,ACCURATE
1350,IRRELEVANT,IRRELEVANT
1351,ETIQUETTE,NOT_ACCURATE
1352,ETIQUETTE,NOT_ACCURATE
1353,IRRELEVANT,IRRELEVANT
1354,ETIQUETTE,NOT_ACCURATE
1355,ETIQUETTE,NOT_ACCURATE
1356,ACCURATE,ACCURATE
1357,ACCURATE,ACCURATE
1358,ACCURATE,ACCURATE
1359,NOT_SUBSTANTIATE,NOT_ACCURATE
1360,OVERSIMPLIFY,NOT_ACCURATE
1361,ACCURATE,ACCURATE
1362,ACCURATE,ACCURATE
1363,ACCURATE,ACCURATE
1364,IRRELEVANT,IRRELEVANT
1365,ACCURATE,ACCURATE
1366,ACCURATE,ACCURATE
1367,ACCURATE,ACCURATE
1368,ACCURATE,ACCURATE
1369,ACCURATE,ACCURATE
1370,ACCURATE,ACCURATE
1371,ACCURATE,ACCURATE
1372,ACCURATE,ACCURATE
1373,ACCURATE,ACCURATE
1374,ACCURATE,ACCURATE
1375,NOT_SUBSTANTIATE,NOT_ACCURATE
1376,ETIQUETTE,NOT_ACCURATE
1377,ACCURATE,ACCURATE
1378,ETIQUETTE,NOT_ACCURATE
1379,ETIQUETTE,NOT_ACCURATE
1380,ACCURATE,ACCURATE
1381,ACCURATE,ACCURATE
1382,ACCURATE,ACCURATE
1383,ACCURATE,ACCURATE
1384,ACCURATE,ACCURATE
1385,CONTRADICT,NOT_ACCURATE
1386,ACCURATE,ACCURATE
1387,ACCURATE,ACCURATE
1388,ACCURATE,ACCURATE
1389,ACCURATE,ACCURATE
1390,ACCURATE,ACCURATE
1391,INDIRECT,ACCURATE
1392,ACCURATE,ACCURATE
1393,NOT_SUBSTANTIATE,NOT_ACCURATE
1394,ACCURATE,ACCURATE
1395,CONTRADICT,NOT_ACCURATE
1396,ACCURATE,ACCURATE
1397,ETIQUETTE,NOT_ACCURATE
1398,ETIQUETTE,NOT_ACCURATE
1399,ACCURATE,ACCURATE
1400,ACCURATE,ACCURATE
1401,INDIRECT,ACCURATE
1402,ACCURATE,ACCURATE
1403,ACCURATE,ACCURATE
1404,NOT_SUBSTANTIATE,NOT_ACCURATE
1405,ACCURATE,ACCURATE
1406,NOT_SUBSTANTIATE,NOT_ACCURATE
1407,ACCURATE,ACCURATE
1408,NOT_SUBSTANTIATE,NOT_ACCURATE
1409,ACCURATE,ACCURATE
1410,ACCURATE,ACCURATE
1411,ACCURATE,ACCURATE
1412,ETIQUETTE,NOT_ACCURATE
1413,ACCURATE,ACCURATE
1414,ACCURATE,ACCURATE
1415,ACCURATE,ACCURATE
1416,ACCURATE,ACCURATE
1417,NOT_SUBSTANTIATE,NOT_ACCURATE
1418,ACCURATE,ACCURATE
1419,ACCURATE,ACCURATE
1420,ACCURATE,ACCURATE
1421,ACCURATE,ACCURATE
1422,ACCURATE,ACCURATE
1423,IRRELEVANT,IRRELEVANT
1424,ACCURATE,ACCURATE
1425,ACCURATE,ACCURATE
1426,ACCURATE,ACCURATE
1427,ACCURATE,ACCURATE
1428,ACCURATE,ACCURATE
1429,ACCURATE,ACCURATE
1430,IRRELEVANT,IRRELEVANT
1431,NOT_SUBSTANTIATE,NOT_ACCURATE
1432,ACCURATE,ACCURATE
1433,ACCURATE,ACCURATE
1434,NOT_SUBSTANTIATE,NOT_ACCURATE
1435,ACCURATE,ACCURATE
1436,ACCURATE,ACCURATE
1437,MISQUOTE,NOT_ACCURATE
1438,ACCURATE,ACCURATE
1439,ACCURATE,ACCURATE
1440,MISQUOTE,NOT_ACCURATE
1441,ETIQUETTE,NOT_ACCURATE
1442,ETIQUETTE,NOT_ACCURATE
1443,NOT_SUBSTANTIATE,NOT_ACCURATE
1444,ACCURATE,ACCURATE
1445,ACCURATE,ACCURATE
1446,NOT_SUBSTANTIATE,NOT_ACCURATE
1447,ETIQUETTE,NOT_ACCURATE
1448,ACCURATE,ACCURATE
1449,ACCURATE,ACCURATE
1450,NOT_SUBSTANTIATE,NOT_ACCURATE
1451,ETIQUETTE,NOT_ACCURATE
1452,ACCURATE,ACCURATE
1453,ACCURATE,ACCURATE
1454,ACCURATE,ACCURATE
1455,ACCURATE,ACCURATE
1456,ACCURATE,ACCURATE
1457,ACCURATE,ACCURATE
1458,ACCURATE,ACCURATE
1459,ETIQUETTE,NOT_ACCURATE
1460,ACCURATE,ACCURATE
1461,ACCURATE,ACCURATE
1462,ACCURATE,ACCURATE
1463,ACCURATE,ACCURATE
1464,ETIQUETTE,NOT_ACCURATE
1465,IRRELEVANT,IRRELEVANT
1466,ACCURATE,ACCURATE
1467,ACCURATE,ACCURATE
1468,ACCURATE,ACCURATE
1469,ACCURATE,ACCURATE
1470,CONTRADICT,NOT_ACCURATE
1471,ACCURATE,ACCURATE
1472,ACCURATE,ACCURATE
1473,ACCURATE,ACCURATE
1474,ACCURATE,ACCURATE
1475,ACCURATE,ACCURATE
1476,ACCURATE,ACCURATE
1477,ACCURATE,ACCURATE
1478,ACCURATE,ACCURATE
1479,ACCURATE,ACCURATE
1480,IRRELEVANT,IRRELEVANT
1481,ACCURATE,ACCURATE
1482,MISQUOTE,NOT_ACCURATE
1483,ETIQUETTE,NOT_ACCURATE
1484,ACCURATE,ACCURATE
1485,ACCURATE,ACCURATE
1486,ACCURATE,ACCURATE
1487,ACCURATE,ACCURATE
1488,ACCURATE,ACCURATE
1489,ACCURATE,ACCURATE
1490,ACCURATE,ACCURATE
1491,ACCURATE,ACCURATE
1492,ETIQUETTE,NOT_ACCURATE
1493,ACCURATE,ACCURATE
1494,ETIQUETTE,NOT_ACCURATE
1495,ACCURATE,ACCURATE
1496,ETIQUETTE,NOT_ACCURATE
1497,ACCURATE,ACCURATE
1498,ETIQUETTE,NOT_ACCURATE
1499,ACCURATE,ACCURATE
1500,ACCURATE,ACCURATE
1501,ACCURATE,ACCURATE
1502,ETIQUETTE,NOT_ACCURATE
1503,IRRELEVANT,IRRELEVANT
1504,ETIQUETTE,NOT_ACCURATE
1505,IRRELEVANT,IRRELEVANT
1506,ACCURATE,ACCURATE
1507,ACCURATE,ACCURATE
1508,CONTRADICT,NOT_ACCURATE
1509,ACCURATE,ACCURATE
1510,ACCURATE,ACCURATE
1511,ACCURATE,ACCURATE
1512,ACCURATE,ACCURATE
1513,ACCURATE,ACCURATE
1514,ACCURATE,ACCURATE
1515,ACCURATE,ACCURATE
1516,ACCURATE,ACCURATE
1517,ACCURATE,ACCURATE
1518,ACCURATE,ACCURATE
1519,ETIQUETTE,NOT_ACCURATE
1520,ETIQUETTE,NOT_ACCURATE
1521,ETIQUETTE,NOT_ACCURATE
1522,ACCURATE,ACCURATE
1523,NOT_SUBSTANTIATE,NOT_ACCURATE
1524,ACCURATE,ACCURATE
1525,ACCURATE,ACCURATE
1526,ACCURATE,ACCURATE
1527,ETIQUETTE,NOT_ACCURATE
1528,ETIQUETTE,NOT_ACCURATE
1529,ACCURATE,ACCURATE
1530,ACCURATE,ACCURATE
1531,OVERSIMPLIFY,NOT_ACCURATE
1532,ETIQUETTE,NOT_ACCURATE
1533,NOT_SUBSTANTIATE,NOT_ACCURATE
1534,ACCURATE,ACCURATE
1535,ACCURATE,ACCURATE
1536,ETIQUETTE,NOT_ACCURATE
1537,ETIQUETTE,NOT_ACCURATE
1538,ACCURATE,ACCURATE
1539,ETIQUETTE,NOT_ACCURATE
1540,ACCURATE,ACCURATE
1541,INDIRECT,ACCURATE
1542,ACCURATE,ACCURATE
1543,ACCURATE,ACCURATE
1544,ETIQUETTE,NOT_ACCURATE
1545,ACCURATE,ACCURATE
1546,NOT_SUBSTANTIATE,NOT_ACCURATE
1547,ACCURATE,ACCURATE
1548,ACCURATE,ACCURATE
1549,ACCURATE,ACCURATE
1550,ACCURATE,ACCURATE
1551,ACCURATE,ACCURATE
1552,ACCURATE,ACCURATE
1553,ACCURATE,ACCURATE
1554,ACCURATE,ACCURATE
1555,ETIQUETTE,NOT_ACCURATE
1556,ACCURATE,ACCURATE
1557,INDIRECT,ACCURATE
1558,ACCURATE,ACCURATE
1559,ACCURATE,ACCURATE
1560,ACCURATE,ACCURATE
1561,INDIRECT,ACCURATE
1562,ACCURATE,ACCURATE
1563,ACCURATE,ACCURATE
1564,ETIQUETTE,NOT_ACCURATE
1565,ACCURATE,ACCURATE
1566,ACCURATE,ACCURATE
1567,INDIRECT,ACCURATE
1568,NOT_SUBSTANTIATE,NOT_ACCURATE
1569,ETIQUETTE,NOT_ACCURATE
1570,IRRELEVANT,IRRELEVANT
1571,ACCURATE,ACCURATE
1572,ACCURATE,ACCURATE
1573,ACCURATE,ACCURATE
1574,NOT_SUBSTANTIATE,NOT_ACCURATE
1575,NOT_SUBSTANTIATE,NOT_ACCURATE
1576,ACCURATE,ACCURATE
1577,ETIQUETTE,NOT_ACCURATE
1578,ACCURATE,ACCURATE
1579,ACCURATE,ACCURATE
1580,IRRELEVANT,IRRELEVANT
1581,ACCURATE,ACCURATE
1582,ACCURATE,ACCURATE
1583,IRRELEVANT,IRRELEVANT
1584,ACCURATE,ACCURATE
1585,ACCURATE,ACCURATE
1586,NOT_SUBSTANTIATE,NOT_ACCURATE
1587,ACCURATE,ACCURATE
1588,ACCURATE,ACCURATE
1589,INDIRECT,ACCURATE
1590,ETIQUETTE,NOT_ACCURATE
1591,ACCURATE,ACCURATE
1592,ACCURATE,ACCURATE
1593,OVERSIMPLIFY,NOT_ACCURATE
1594,NOT_SUBSTANTIATE,NOT_ACCURATE
1595,ACCURATE,ACCURATE
1596,NOT_SUBSTANTIATE,NOT_ACCURATE
1597,OVERSIMPLIFY,NOT_ACCURATE
1598,ACCURATE,ACCURATE
1599,NOT_SUBSTANTIATE,NOT_ACCURATE
1600,ACCURATE,ACCURATE
1601,ACCURATE,ACCURATE
1602,ACCURATE,ACCURATE
1603,OVERSIMPLIFY,NOT_ACCURATE
1604,NOT_SUBSTANTIATE,NOT_ACCURATE
1605,ACCURATE,ACCURATE
1606,INDIRECT,ACCURATE
1607,INDIRECT,ACCURATE
1608,NOT_SUBSTANTIATE,NOT_ACCURATE
1609,ACCURATE,ACCURATE
1610,ACCURATE,ACCURATE
1611,NOT_SUBSTANTIATE,NOT_ACCURATE
1612,ACCURATE,ACCURATE
1613,IRRELEVANT,IRRELEVANT
1614,ACCURATE,ACCURATE
1615,ACCURATE,ACCURATE
1616,IRRELEVANT,IRRELEVANT
1617,ACCURATE,ACCURATE
1618,NOT_SUBSTANTIATE,NOT_ACCURATE
1619,ETIQUETTE,NOT_ACCURATE
1620,ACCURATE,ACCURATE
1621,ACCURATE,ACCURATE
1622,IRRELEVANT,IRRELEVANT
1623,ACCURATE,ACCURATE
1624,NOT_SUBSTANTIATE,NOT_ACCURATE
1625,OVERSIMPLIFY,NOT_ACCURATE
1626,ACCURATE,ACCURATE
1627,ACCURATE,ACCURATE
1628,ACCURATE,ACCURATE
1629,ACCURATE,ACCURATE
1630,ACCURATE,ACCURATE
1631,ACCURATE,ACCURATE
1632,ACCURATE,ACCURATE
1633,ACCURATE,ACCURATE
1634,ACCURATE,ACCURATE
1635,ACCURATE,ACCURATE
1636,ACCURATE,ACCURATE
1637,ETIQUETTE,NOT_ACCURATE
1638,ACCURATE,ACCURATE
1639,NOT_SUBSTANTIATE,NOT_ACCURATE
1640,ACCURATE,ACCURATE
1641,ACCURATE,ACCURATE
1642,IRRELEVANT,IRRELEVANT
1643,ACCURATE,ACCURATE
1644,ETIQUETTE,NOT_ACCURATE
1645,ACCURATE,ACCURATE
1646,ACCURATE,ACCURATE
1647,IRRELEVANT,IRRELEVANT
1648,ACCURATE,ACCURATE
1649,ETIQUETTE,NOT_ACCURATE
1650,CONTRADICT,NOT_ACCURATE
1651,CONTRADICT,NOT_ACCURATE
1652,NOT_SUBSTANTIATE,NOT_ACCURATE
1653,ETIQUETTE,NOT_ACCURATE
1654,ACCURATE,ACCURATE
1655,ACCURATE,ACCURATE
1656,ETIQUETTE,NOT_ACCURATE
1657,IRRELEVANT,IRRELEVANT
1658,ACCURATE,ACCURATE
1659,ACCURATE,ACCURATE
1660,ACCURATE,ACCURATE
1661,NOT_SUBSTANTIATE,NOT_ACCURATE
1662,ACCURATE,ACCURATE
1663,ETIQUETTE,NOT_ACCURATE
1664,NOT_SUBSTANTIATE,NOT_ACCURATE
1665,ACCURATE,ACCURATE
1666,ETIQUETTE,NOT_ACCURATE
1667,ACCURATE,ACCURATE
1668,ACCURATE,ACCURATE
1669,ETIQUETTE,NOT_ACCURATE
1670,ETIQUETTE,NOT_ACCURATE
1671,ACCURATE,ACCURATE
1672,ETIQUETTE,NOT_ACCURATE
1673,ACCURATE,ACCURATE
1674,ACCURATE,ACCURATE
1675,ACCURATE,ACCURATE
1676,NOT_SUBSTANTIATE,NOT_ACCURATE
1677,ETIQUETTE,NOT_ACCURATE
1678,ETIQUETTE,NOT_ACCURATE
1679,ACCURATE,ACCURATE
1680,ACCURATE,ACCURATE
1681,ETIQUETTE,NOT_ACCURATE
1682,ACCURATE,ACCURATE
1683,ETIQUETTE,NOT_ACCURATE
1684,ACCURATE,ACCURATE
1685,ACCURATE,ACCURATE
1686,OVERSIMPLIFY,NOT_ACCURATE
1687,ACCURATE,ACCURATE
1688,ACCURATE,ACCURATE
1689,ACCURATE,ACCURATE
1690,ACCURATE,ACCURATE
1691,ETIQUETTE,NOT_ACCURATE
1692,ACCURATE,ACCURATE
1693,ACCURATE,ACCURATE
1694,ACCURATE,ACCURATE
1695,ACCURATE,ACCURATE
1696,ACCURATE,ACCURATE
1697,ACCURATE,ACCURATE
1698,ACCURATE,ACCURATE
1699,ETIQUETTE,NOT_ACCURATE
1700,ACCURATE,ACCURATE
1701,ACCURATE,ACCURATE
1702,ACCURATE,ACCURATE
1703,ACCURATE,ACCURATE
1704,ACCURATE,ACCURATE
1705,ACCURATE,ACCURATE
1706,ETIQUETTE,NOT_ACCURATE
1707,CONTRADICT,NOT_ACCURATE
1708,IRRELEVANT,IRRELEVANT
1709,ETIQUETTE,NOT_ACCURATE
1710,ACCURATE,ACCURATE
1711,ACCURATE,ACCURATE
1712,ETIQUETTE,NOT_ACCURATE
1713,ACCURATE,ACCURATE
1714,ETIQUETTE,NOT_ACCURATE
1715,ACCURATE,ACCURATE
1716,ACCURATE,ACCURATE
1717,ETIQUETTE,NOT_ACCURATE
1718,ACCURATE,ACCURATE
1719,ACCURATE,ACCURATE
1720,OVERSIMPLIFY,NOT_ACCURATE
1721,ACCURATE,ACCURATE
1722,ACCURATE,ACCURATE
1723,ACCURATE,ACCURATE
1724,ETIQUETTE,NOT_ACCURATE
1725,ACCURATE,ACCURATE
1726,ACCURATE,ACCURATE
1727,ACCURATE,ACCURATE
1728,OVERSIMPLIFY,NOT_ACCURATE
1729,ACCURATE,ACCURATE
1730,ACCURATE,ACCURATE
1731,NOT_SUBSTANTIATE,NOT_ACCURATE
1732,ACCURATE,ACCURATE
1733,ACCURATE,ACCURATE
1734,ACCURATE,ACCURATE
1735,ACCURATE,ACCURATE
1736,ACCURATE,ACCURATE
1737,CONTRADICT,NOT_ACCURATE
1738,ACCURATE,ACCURATE
1739,ACCURATE,ACCURATE
1740,ACCURATE,ACCURATE
1741,IRRELEVANT,IRRELEVANT
1742,ACCURATE,ACCURATE
1743,ACCURATE,ACCURATE
1744,ETIQUETTE,NOT_ACCURATE
1745,ACCURATE,ACCURATE
1746,ACCURATE,ACCURATE
1747,NOT_SUBSTANTIATE,NOT_ACCURATE
1748,NOT_SUBSTANTIATE,NOT_ACCURATE
1749,ACCURATE,ACCURATE
1750,IRRELEVANT,IRRELEVANT
1751,ACCURATE,ACCURATE
1752,CONTRADICT,NOT_ACCURATE
1753,ACCURATE,ACCURATE
1754,ETIQUETTE,NOT_ACCURATE
1755,MISQUOTE,NOT_ACCURATE
1756,CONTRADICT,NOT_ACCURATE
1757,NOT_SUBSTANTIATE,NOT_ACCURATE
1758,ACCURATE,ACCURATE
1759,ACCURATE,ACCURATE
1760,ETIQUETTE,NOT_ACCURATE
1761,CONTRADICT,NOT_ACCURATE
1762,ETIQUETTE,NOT_ACCURATE
1763,ACCURATE,ACCURATE
1764,ACCURATE,ACCURATE
1765,CONTRADICT,NOT_ACCURATE
1766,CONTRADICT,NOT_ACCURATE
1767,ACCURATE,ACCURATE
1768,ACCURATE,ACCURATE
1769,ACCURATE,ACCURATE
1770,ACCURATE,ACCURATE
1771,ACCURATE,ACCURATE
1772,ACCURATE,ACCURATE
1773,ETIQUETTE,NOT_ACCURATE
1774,ACCURATE,ACCURATE
1775,NOT_SUBSTANTIATE,NOT_ACCURATE
1776,ACCURATE,ACCURATE
1777,ACCURATE,ACCURATE
1778,NOT_SUBSTANTIATE,NOT_ACCURATE
1779,ACCURATE,ACCURATE
1780,ETIQUETTE,NOT_ACCURATE
1781,ETIQUETTE,NOT_ACCURATE
1782,CONTRADICT,NOT_ACCURATE
1783,ACCURATE,ACCURATE
1784,ACCURATE,ACCURATE
1785,ACCURATE,ACCURATE
1786,IRRELEVANT,IRRELEVANT
1787,ACCURATE,ACCURATE
1788,ACCURATE,ACCURATE
1789,ETIQUETTE,NOT_ACCURATE
1790,ACCURATE,ACCURATE
1791,ACCURATE,ACCURATE
1792,IRRELEVANT,IRRELEVANT
1793,MISQUOTE,NOT_ACCURATE
1794,ACCURATE,ACCURATE
1795,NOT_SUBSTANTIATE,NOT_ACCURATE
1796,ETIQUETTE,NOT_ACCURATE
1797,ACCURATE,ACCURATE
1798,ACCURATE,ACCURATE
1799,ACCURATE,ACCURATE
1800,ACCURATE,ACCURATE
1801,ACCURATE,ACCURATE
1802,NOT_SUBSTANTIATE,NOT_ACCURATE
1803,NOT_SUBSTANTIATE,NOT_ACCURATE
1804,CONTRADICT,NOT_ACCURATE
1805,ACCURATE,ACCURATE
1806,ACCURATE,ACCURATE
1807,ACCURATE,ACCURATE
1808,ACCURATE,ACCURATE
1809,ACCURATE,ACCURATE
1810,ACCURATE,ACCURATE
1811,ACCURATE,ACCURATE
1812,ACCURATE,ACCURATE
1813,ETIQUETTE,NOT_ACCURATE
1814,ACCURATE,ACCURATE
1815,ACCURATE,ACCURATE
1816,ACCURATE,ACCURATE
1817,ACCURATE,ACCURATE
1818,ACCURATE,ACCURATE
1819,ACCURATE,ACCURATE
1820,ACCURATE,ACCURATE
1821,ACCURATE,ACCURATE
1822,ACCURATE,ACCURATE
1823,ACCURATE,ACCURATE
1824,ETIQUETTE,NOT_ACCURATE
1825,ETIQUETTE,NOT_ACCURATE
1826,IRRELEVANT,IRRELEVANT
1827,ACCURATE,ACCURATE
1828,NOT_SUBSTANTIATE,NOT_ACCURATE
1829,IRRELEVANT,IRRELEVANT
1830,ETIQUETTE,NOT_ACCURATE
1831,ACCURATE,ACCURATE
1832,ETIQUETTE,NOT_ACCURATE
1833,ACCURATE,ACCURATE
1834,ACCURATE,ACCURATE
1835,ACCURATE,ACCURATE
1836,IRRELEVANT,IRRELEVANT
1837,ACCURATE,ACCURATE
1838,ETIQUETTE,NOT_ACCURATE
1839,ETIQUETTE,NOT_ACCURATE
1840,ACCURATE,ACCURATE
1841,ACCURATE,ACCURATE
1842,ACCURATE,ACCURATE
1843,ACCURATE,ACCURATE
1844,ACCURATE,ACCURATE
1845,ACCURATE,ACCURATE
1846,ACCURATE,ACCURATE
1847,IRRELEVANT,IRRELEVANT
1848,ACCURATE,ACCURATE
1849,ETIQUETTE,NOT_ACCURATE
1850,ACCURATE,ACCURATE
1851,ACCURATE,ACCURATE
1852,ACCURATE,ACCURATE
1853,IRRELEVANT,IRRELEVANT
1854,ACCURATE,ACCURATE
1855,ACCURATE,ACCURATE
1856,NOT_SUBSTANTIATE,NOT_ACCURATE
1857,MISQUOTE,NOT_ACCURATE
1858,IRRELEVANT,IRRELEVANT
1859,OVERSIMPLIFY,NOT_ACCURATE
1860,IRRELEVANT,IRRELEVANT
1861,OVERSIMPLIFY,NOT_ACCURATE
1862,NOT_SUBSTANTIATE,NOT_ACCURATE
1863,IRRELEVANT,IRRELEVANT
1864,ACCURATE,ACCURATE
1865,ETIQUETTE,NOT_ACCURATE
1866,ETIQUETTE,NOT_ACCURATE
1867,ACCURATE,ACCURATE
1868,ACCURATE,ACCURATE
1869,NOT_SUBSTANTIATE,NOT_ACCURATE
1870,ACCURATE,ACCURATE
1871,ETIQUETTE,NOT_ACCURATE
1872,NOT_SUBSTANTIATE,NOT_ACCURATE
1873,ACCURATE,ACCURATE
1874,ACCURATE,ACCURATE
1875,ETIQUETTE,NOT_ACCURATE
1876,ACCURATE,ACCURATE
1877,ACCURATE,ACCURATE
1878,ACCURATE,ACCURATE
1879,ACCURATE,ACCURATE
1880,CONTRADICT,NOT_ACCURATE
1881,ACCURATE,ACCURATE
1882,ACCURATE,ACCURATE
1883,NOT_SUBSTANTIATE,NOT_ACCURATE
1884,ACCURATE,ACCURATE
1885,ACCURATE,ACCURATE
1886,NOT_SUBSTANTIATE,NOT_ACCURATE
1887,ACCURATE,ACCURATE
1888,ACCURATE,ACCURATE
1889,ACCURATE,ACCURATE
1890,ACCURATE,ACCURATE
1891,ACCURATE,ACCURATE
1892,ACCURATE,ACCURATE
1893,ETIQUETTE,NOT_ACCURATE
1894,ACCURATE,ACCURATE
1895,NOT_SUBSTANTIATE,NOT_ACCURATE
1896,ACCURATE,ACCURATE
1897,ACCURATE,ACCURATE
1898,ACCURATE,ACCURATE
1899,ACCURATE,ACCURATE
1900,ETIQUETTE,NOT_ACCURATE
1901,ACCURATE,ACCURATE
1902,ACCURATE,ACCURATE
1903,ACCURATE,ACCURATE
1904,IRRELEVANT,IRRELEVANT
1905,ACCURATE,ACCURATE
1906,ETIQUETTE,NOT_ACCURATE
1907,ETIQUETTE,NOT_ACCURATE
1908,ACCURATE,ACCURATE
1909,ACCURATE,ACCURATE
1910,IRRELEVANT,IRRELEVANT
1911,ACCURATE,ACCURATE
1912,ETIQUETTE,NOT_ACCURATE
1913,ACCURATE,ACCURATE
1914,NOT_SUBSTANTIATE,NOT_ACCURATE
1915,CONTRADICT,NOT_ACCURATE
1916,ACCURATE,ACCURATE
1917,ACCURATE,ACCURATE
1918,ACCURATE,ACCURATE
1919,ACCURATE,ACCURATE
1920,ACCURATE,ACCURATE
1921,ACCURATE,ACCURATE
1922,ACCURATE,ACCURATE
1923,IRRELEVANT,IRRELEVANT
1924,NOT_SUBSTANTIATE,NOT_ACCURATE
1925,ACCURATE,ACCURATE
1926,ACCURATE,ACCURATE
1927,ACCURATE,ACCURATE
1928,ACCURATE,ACCURATE
1929,OVERSIMPLIFY,NOT_ACCURATE
1930,ACCURATE,ACCURATE
1931,ETIQUETTE,NOT_ACCURATE
1932,OVERSIMPLIFY,NOT_ACCURATE
1933,IRRELEVANT,IRRELEVANT
1934,ACCURATE,ACCURATE
1935,ACCURATE,ACCURATE
1936,IRRELEVANT,IRRELEVANT
1937,ACCURATE,ACCURATE
1938,ACCURATE,ACCURATE
1939,ACCURATE,ACCURATE
1940,ACCURATE,ACCURATE
1941,ETIQUETTE,NOT_ACCURATE
1942,ACCURATE,ACCURATE
1943,IRRELEVANT,IRRELEVANT
1944,CONTRADICT,NOT_ACCURATE
1945,CONTRADICT,NOT_ACCURATE
1946,IRRELEVANT,IRRELEVANT
1947,ACCURATE,ACCURATE
1948,ACCURATE,ACCURATE
1949,ACCURATE,ACCURATE
1950,ACCURATE,ACCURATE
1951,ACCURATE,ACCURATE
1952,IRRELEVANT,IRRELEVANT
1953,ACCURATE,ACCURATE
1954,NOT_SUBSTANTIATE,NOT_ACCURATE
1955,ACCURATE,ACCURATE
1956,IRRELEVANT,IRRELEVANT
1957,ETIQUETTE,NOT_ACCURATE
1958,ACCURATE,ACCURATE
1959,ACCURATE,ACCURATE
1960,ACCURATE,ACCURATE
1961,ACCURATE,ACCURATE
1962,ETIQUETTE,NOT_ACCURATE
1963,ACCURATE,ACCURATE
1964,ACCURATE,ACCURATE
1965,ACCURATE,ACCURATE
1966,NOT_SUBSTANTIATE,NOT_ACCURATE
1967,ACCURATE,ACCURATE
1968,ACCURATE,ACCURATE
1969,ACCURATE,ACCURATE
1970,ETIQUETTE,NOT_ACCURATE
1971,CONTRADICT,NOT_ACCURATE
1972,ACCURATE,ACCURATE
1973,ACCURATE,ACCURATE
1974,ACCURATE,ACCURATE
1975,ACCURATE,ACCURATE
1976,ACCURATE,ACCURATE
1977,ETIQUETTE,NOT_ACCURATE
1978,ACCURATE,ACCURATE
1979,ACCURATE,ACCURATE
1980,ACCURATE,ACCURATE
1981,ACCURATE,ACCURATE
1982,ETIQUETTE,NOT_ACCURATE
1983,ACCURATE,ACCURATE
1984,ACCURATE,ACCURATE
1985,ETIQUETTE,NOT_ACCURATE
1986,ACCURATE,ACCURATE
1987,ETIQUETTE,NOT_ACCURATE
1988,NOT_SUBSTANTIATE,NOT_ACCURATE
1989,ACCURATE,ACCURATE
1990,ACCURATE,ACCURATE
1991,ACCURATE,ACCURATE
1992,ACCURATE,ACCURATE
1993,ACCURATE,ACCURATE
1994,ETIQUETTE,NOT_ACCURATE
1995,ACCURATE,ACCURATE
1996,IRRELEVANT,IRRELEVANT
1997,ACCURATE,ACCURATE
1998,NOT_SUBSTANTIATE,NOT_ACCURATE
1999,ACCURATE,ACCURATE
2000,ACCURATE,ACCURATE
2001,INDIRECT,ACCURATE
2002,IRRELEVANT,IRRELEVANT
2003,ACCURATE,ACCURATE
2004,NOT_SUBSTANTIATE,NOT_ACCURATE
2005,ACCURATE,ACCURATE
2006,ACCURATE,ACCURATE
2007,ACCURATE,ACCURATE
2008,ACCURATE,ACCURATE
2009,NOT_SUBSTANTIATE,NOT_ACCURATE
2010,ACCURATE,ACCURATE
2011,ACCURATE,ACCURATE
2012,ACCURATE,ACCURATE
2013,ACCURATE,ACCURATE
2014,ACCURATE,ACCURATE
2015,ETIQUETTE,NOT_ACCURATE
2016,ACCURATE,ACCURATE
2017,ACCURATE,ACCURATE
2018,OVERSIMPLIFY,NOT_ACCURATE
2019,CONTRADICT,NOT_ACCURATE
2020,ACCURATE,ACCURATE
2021,ACCURATE,ACCURATE
2022,ETIQUETTE,NOT_ACCURATE
2023,ACCURATE,ACCURATE
2024,ETIQUETTE,NOT_ACCURATE
2025,ETIQUETTE,NOT_ACCURATE
2026,CONTRADICT,NOT_ACCURATE
2027,OVERSIMPLIFY,NOT_ACCURATE
2028,ACCURATE,ACCURATE
2029,ACCURATE,ACCURATE
2030,ACCURATE,ACCURATE
2031,IRRELEVANT,IRRELEVANT
2032,ACCURATE,ACCURATE
2033,ETIQUETTE,NOT_ACCURATE
2034,NOT_SUBSTANTIATE,NOT_ACCURATE
2035,ETIQUETTE,NOT_ACCURATE
2036,ETIQUETTE,NOT_ACCURATE
2037,ACCURATE,ACCURATE
2038,ACCURATE,ACCURATE
2039,ETIQUETTE,NOT_ACCURATE
2040,ACCURATE,ACCURATE
2041,ACCURATE,ACCURATE
2042,ACCURATE,ACCURATE
2043,ACCURATE,ACCURATE
2044,ACCURATE,ACCURATE
2045,ACCURATE,ACCURATE
2046,ACCURATE,ACCURATE
2047,NOT_SUBSTANTIATE,NOT_ACCURATE
2048,ETIQUETTE,NOT_ACCURATE
2049,ACCURATE,ACCURATE
2050,ACCURATE,ACCURATE
2051,ACCURATE,ACCURATE
2052,IRRELEVANT,IRRELEVANT
2053,ACCURATE,ACCURATE
2054,ACCURATE,ACCURATE
2055,OVERSIMPLIFY,NOT_ACCURATE
2056,ACCURATE,ACCURATE
2057,ACCURATE,ACCURATE
2058,ACCURATE,ACCURATE
2059,ETIQUETTE,NOT_ACCURATE
2060,NOT_SUBSTANTIATE,NOT_ACCURATE
2061,ACCURATE,ACCURATE
2062,ACCURATE,ACCURATE
2063,ACCURATE,ACCURATE
2064,NOT_SUBSTANTIATE,NOT_ACCURATE
2065,NOT_SUBSTANTIATE,NOT_ACCURATE
2066,ACCURATE,ACCURATE
2067,ACCURATE,ACCURATE
2068,ACCURATE,ACCURATE
2069,ACCURATE,ACCURATE
2070,ACCURATE,ACCURATE
2071,CONTRADICT,NOT_ACCURATE
2072,ACCURATE,ACCURATE
2073,ACCURATE,ACCURATE
2074,ACCURATE,ACCURATE
2075,ETIQUETTE,NOT_ACCURATE
2076,CONTRADICT,NOT_ACCURATE
2077,ACCURATE,ACCURATE
2078,ETIQUETTE,NOT_ACCURATE
2079,ACCURATE,ACCURATE
2080,ETIQUETTE,NOT_ACCURATE
2081,ACCURATE,ACCURATE
2082,ACCURATE,ACCURATE
2083,ACCURATE,ACCURATE
2084,ACCURATE,ACCURATE
2085,ACCURATE,ACCURATE
2086,ACCURATE,ACCURATE
2087,ACCURATE,ACCURATE
2088,ETIQUETTE,NOT_ACCURATE
2089,ACCURATE,ACCURATE
2090,ACCURATE,ACCURATE
2091,ACCURATE,ACCURATE
2092,ACCURATE,ACCURATE
2093,CONTRADICT,NOT_ACCURATE
2094,ETIQUETTE,NOT_ACCURATE
2095,MISQUOTE,NOT_ACCURATE
2096,ACCURATE,ACCURATE
2097,ETIQUETTE,NOT_ACCURATE
2098,ETIQUETTE,NOT_ACCURATE
2099,CONTRADICT,NOT_ACCURATE
2100,ACCURATE,ACCURATE
2101,NOT_SUBSTANTIATE,NOT_ACCURATE
2102,CONTRADICT,NOT_ACCURATE
2103,ACCURATE,ACCURATE
2104,OVERSIMPLIFY,NOT_ACCURATE
2105,ACCURATE,ACCURATE
2106,ETIQUETTE,NOT_ACCURATE
2107,CONTRADICT,NOT_ACCURATE
2108,ACCURATE,ACCURATE
2109,ACCURATE,ACCURATE
2110,ACCURATE,ACCURATE
2111,ACCURATE,ACCURATE
2112,ETIQUETTE,NOT_ACCURATE
2113,ACCURATE,ACCURATE
2114,CONTRADICT,NOT_ACCURATE
2116,ACCURATE,ACCURATE
2117,ACCURATE,ACCURATE
2118,ACCURATE,ACCURATE
2119,ETIQUETTE,NOT_ACCURATE
2120,ACCURATE,ACCURATE
2121,ETIQUETTE,NOT_ACCURATE
2122,CONTRADICT,NOT_ACCURATE
2123,ACCURATE,ACCURATE
2124,ACCURATE,ACCURATE
2125,ETIQUETTE,NOT_ACCURATE
2126,ACCURATE,ACCURATE
2127,ACCURATE,ACCURATE
2128,ACCURATE,ACCURATE
2129,ACCURATE,ACCURATE
2130,NOT_SUBSTANTIATE,NOT_ACCURATE
2131,ACCURATE,ACCURATE
2132,ACCURATE,ACCURATE
2133,ACCURATE,ACCURATE
2134,ACCURATE,ACCURATE
2135,ACCURATE,ACCURATE
2136,ETIQUETTE,NOT_ACCURATE
2137,ETIQUETTE,NOT_ACCURATE
2138,ACCURATE,ACCURATE
2139,ACCURATE,ACCURATE
2140,ACCURATE,ACCURATE
2141,ACCURATE,ACCURATE
