sample_id,replacement_id,source_name,source_id,citing_context,evidence_refs,evidence_text,member2_liyun_label,member2_liyun_evidence_status,member2_liyun_evidence_locator,member2_liyun_reason,member1_chenmingjin_label,member1_chenmingjin_evidence_status,member1_chenmingjin_evidence_locator,member1_chenmingjin_reason,adjudicated_label,adjudicated_evidence_status,adjudication_reason,qualification_status,unresolved_issue,source_evidence_present,repair_status
demo_01,,Sarol-Dev,0,"It has been proposed that COVID-19 leads to deterioration of hepatic function, leading to AD and ACLF in cirrhotic patients[<|multi_cit|>].","[{""doc_id"":""31094"",""sentences"":[3],""label"":""ACCURATE""},{""doc_id"":""31004"",""sentences"":[4],""label"":""ACCURATE""},{""doc_id"":""31004"",""sentences"":[5],""label"":""ACCURATE""}]","[doc_id=31094; sentence=3] The association between liver disease and adverse COVID-19 outcomes is also evidenced by recent findings from our registries which show that restoring hepatic function by liver transplantation in patients with decompensated cirrhosis returns the risk of mortality back to that of the general population.27
[doc_id=31004; sentence=4] Acute hepatic decompensation occurred in 46% of patients with cirrhosis, of whom 21% had no respiratory symptoms.
[doc_id=31004; sentence=5] Half of those with hepatic decompensation had acute-on-chronic liver failure.",ACCURATE,已定位,31094#S3; 31004#S4; 31004#S5,证据分别给出肝病与 COVID-19 不良结局关联、急性肝失代偿和 ACLF，支持 claim 的核心关系。,,,,,,,,待协作,待陈明进独立复核并填写标签、证据定位和理由；收到后再裁决,是,李云初审完成，待陈明进复核
demo_02,,Sarol-Dev,2,"Compared with the general population with COVID-19, patients with cirrhosis and COVID-19 had higher mortality rates, ranging from 9% to 42.3% (Table <|multi_cit|>].","[{""doc_id"":""31004"",""sentences"":[0],""label"":""ACCURATE""}]",[doc_id=31004; sentence=0] Mortality was 32% in patients with cirrhosis compared to 8% in those without (p <0.001).,ACCURATE,已定位,31004#S0,证据给出肝硬化死亡率 32% 对比无肝硬化 8%，支持死亡风险更高；具体范围仍需文献原文复核。,,,,,,,,待协作,待陈明进独立复核并填写标签、证据定位和理由；收到后再裁决,是,李云初审完成，待陈明进复核
demo_03,,Sarol-Dev,3,Marjot et al. also reported that 21% of CWC patients who had AD had no respiratory symptoms at presentation [<|cit|>].,"[{""doc_id"":""31004"",""sentences"":[3],""label"":""ACCURATE""},{""doc_id"":""31004"",""sentences"":[4],""label"":""ACCURATE""}]","[doc_id=31004; sentence=3] Compared to patients without CLD (n = 620), propensity-score-matched analysis revealed significant increases in mortality in those with Child-Pugh B (+20.0% [8.8%–31.3%]) and C (+38.1% [27.1%–49.2%]) cirrhosis.
[doc_id=31004; sentence=4] Acute hepatic decompensation occurred in 46% of patients with cirrhosis, of whom 21% had no respiratory symptoms.",ACCURATE,已定位,31004#S3; 31004#S4,证据句明确报告肝硬化患者急性肝失代偿中 21% 无呼吸症状，与 claim 一致。,,,,,,,,待协作,待陈明进独立复核并填写标签、证据定位和理由；收到后再裁决,是,李云初审完成，待陈明进复核
demo_04,,Sarol-Dev,5,the main cause of death is respiratory failure [<|cit|>],"[{""doc_id"":""31004"",""sentences"":[0],""label"":""ACCURATE""},{""doc_id"":""31004"",""sentences"":[1],""label"":""ACCURATE""}]","[doc_id=31004; sentence=0] Mortality was 32% in patients with cirrhosis compared to 8% in those without (p <0.001).
[doc_id=31004; sentence=1] Mortality in patients with cirrhosis increased according to Child- Pugh class (A [19%], B [35%], C [51%]) and the main cause of death was from respiratory failure (71%).",ACCURATE,已定位,31004#S0; 31004#S1,证据句明确写出主要死因是呼吸衰竭（71%），支持 claim。,,,,,,,,待协作,待陈明进独立复核并填写标签、证据定位和理由；收到后再裁决,是,李云初审完成，待陈明进复核
demo_05,,Sarol-Dev,1,"Patients with cirrhosis are at risk of SARS-CoV-2 infection due to innate and humoral immune dysfunction [<|other_cit|>] with an increased risk of hospitalization, intensive care unit admission, and death [<|multi_cit|>].","[{""doc_id"":""31050"",""sentences"":[1],""label"":""NOT_SUBSTANTIATE""},{""doc_id"":""31050"",""sentences"":[2],""label"":""NOT_SUBSTANTIATE""},{""doc_id"":""31057"",""sentences"":[0],""label"":""NOT_SUBSTANTIATE""}]","[doc_id=31050; sentence=1] After excluding those with a previous liver transplant (n = 1), CLD (n = 8), those where hospitalisation or mortality status was unknown (n = 6), and cases <16 years old (n = 8), a total of 620 non-CLD cases remained (Fig. S1).
[doc_id=31050; sentence=2] The non-CLD cohort differed significantly from the CLD cohort with regards to age, sex, ethnicity, smoking status, baseline serum creatinine, and rates of co-morbidities including heart disease, diabetes mellitus, HCC and non-HCC malignancy (Table S3).
[doc_id=31057; sentence=0] Within the total CLD cohort, 668 (90%) were hospitalised, 235 (32%) were judged to require ICU care, 177 (24%) were ultimately admitted to ICU, 132 (18%) received invasive ventilation, 32 (4%) commenced renal replacement therapy, and 150 (20%) died.",NOT_ACCURATE,已定位,31050#S1; 31050#S2; 31057#S0,证据主要给出队列构成和住院、ICU、死亡统计，未支持‘免疫功能障碍导致风险增加’的完整因果表述。,,,,,,,,待协作,待陈明进独立复核并填写标签、证据定位和理由；收到后再裁决,是,李云初审完成，待陈明进复核
demo_06,replacement_01,Sarol-Dev,11,"In a European registry study of 745 patients with COVID-19, Marjot et al. found that cirrhosis patients had a significantly higher mortality rate than patients without cirrhosis (32% vs. 8%, p < 0.001) [<|cit|>].","[{""doc_id"":""31004"",""sentences"":[0],""label"":""ACCURATE""},{""doc_id"":""31003"",""sentences"":[0],""label"":""ACCURATE""}]","[doc_id=31004; sentence=0] Mortality was 32% in patients with cirrhosis compared to 8% in those without (p <0.001).
[doc_id=31003; sentence=0] Between 25th March and 8th July 2020, data on 745 patients with CLD and SARS- CoV-2 (including 386 with and 359 without cirrhosis) were collected by 2 international registries and compared to data on non-CLD patients with SARS- CoV-2 from a UK hospital network.",ACCURATE,已定位,31004#S0; 31003#S0,证据给出 745 例国际登记队列，并明确肝硬化患者死亡率 32% 对比无肝硬化 8%，支持主张。,ACCURATE,已定位,31004#s0;31003#s0,证据一证明数据符合，证据二证明样本数量,ACCURATE,已定位,双方独立标签一致（ACCURATE），双方证据状态均为已定位，按一致结果裁决。,合格（替换样本）,无；已完成替换、双方独立标注和最终裁决,是,已完成替换、双标和裁决
demo_07,,Sarol-Dev,6,"the mortality rate is higher in COVID-19 patients with alcohol-related liver disease and cirrhosis, increasing in line with the Child–Pugh class (A [19%], B [35%], C [51%] reaching up to 100% in patients presenting as acute-on-chronic liver failure [<|multi_cit|>].","[{""doc_id"":""31088"",""sentences"":[2],""label"":""NOT_SUBSTANTIATE""},{""doc_id"":""31089"",""sentences"":[0],""label"":""NOT_SUBSTANTIATE""}]","[doc_id=31088; sentence=2] (B) Case fatality rates separated according to CLIF-C organ failure score (using EASL-Chronic Liver Failure Consortium organ failures definition).17
[doc_id=31089; sentence=0] Among the 179 patients with cirrhosis and acute hepatic decompensation, 89 (50%) met criteria for ACLF.",NOT_ACCURATE,已定位,31088#S2; 31089#S0,证据只给出 ACLF 比例和 CLIF-C 说明，未支持 claim 中 Child-Pugh A/B/C 与最高 100% 的完整数字关系。,,,,,,,,待协作,待陈明进独立复核并填写标签、证据定位和理由；收到后再裁决,是,李云初审完成，待陈明进复核
demo_08,replacement_02,Sarol-Dev,13,Preexisting chronic liver disease (CLD) may predispose a person to adverse outcomes following COVID-19 because of immune dysregulation. <|cit|>,"[{""doc_id"":""31002"",""sentences"":[0],""label"":""ACCURATE""}]","[doc_id=31002; sentence=0] Chronic liver disease (CLD) and cirrhosis are associated with immune dysregulation, leading to concerns that affected patients may be at risk of adverse outcomes following SARS-CoV-2 infection.",ACCURATE,已定位,31002#S0,证据直接说明 CLD/肝硬化伴随免疫失调，并因此存在 SARS-CoV-2 不良结局风险，支持主张。,ACCURATE,已定位,31004#s1,CLD在因免疫失调后感染新冠出现不良结局,ACCURATE,已定位,双方独立标签一致（ACCURATE），双方证据状态均为已定位，按一致结果裁决。,合格（替换样本）,无；已完成替换、双方独立标注和最终裁决,是,已完成替换、双标和裁决
demo_09,replacement_03,Sarol-Dev,14,Liver cirrhosis in SARS-CoV-2 infected patients is described as a predictor of mortality[<|multi_cit|>].,"[{""doc_id"":""31004"",""sentences"":[1],""label"":""ACCURATE""},{""doc_id"":""31004"",""sentences"":[2],""label"":""ACCURATE""}]","[doc_id=31004; sentence=1] Mortality in patients with cirrhosis increased according to Child- Pugh class (A [19%], B [35%], C [51%]) and the main cause of death was from respiratory failure (71%).
[doc_id=31004; sentence=2] After adjusting for baseline characteristics, factors associated with death in the total CLD cohort were age (odds ratio [OR] 1.02; 1.01–1.04), Child-Pugh A (OR 1.90; 1.03–3.52), B (OR 4.14; 2.4–7.65), or C (OR 9.32; 4.80–18.08) cirrhosis and alcohol-related liver disease (OR 1.79; 1.03–3.13).",ACCURATE,已定位,31004#S1; 31004#S2,证据显示肝硬化 Child-Pugh 分级与死亡率和死亡相关因素有关，支持其作为死亡预测因素。,ACCURATE,已定位,31004#s1；31004#s2,肝硬化患者的死亡率随Child-Pugh分级升高而增加,ACCURATE,已定位,双方独立标签一致（ACCURATE），双方证据状态均为已定位，按一致结果裁决。,合格（替换样本）,无；已完成替换、双方独立标注和最终裁决,是,已完成替换、双标和裁决
demo_10,replacement_04,Sarol-Dev,19,"a recent large international registry study demonstrated that patients with CLD without cirrhosis appeared to have a similar risk of mortality following SARS-CoV-2 infection than those without CLD. However, patients with cirrhosis are at increased risk of death from COVID-19 [<|cit|>]","[{""doc_id"":""31004"",""sentences"":[0],""label"":""ACCURATE""},{""doc_id"":""31004"",""sentences"":[2],""label"":""ACCURATE""},{""doc_id"":""31004"",""sentences"":[3],""label"":""ACCURATE""}]","[doc_id=31004; sentence=0] Mortality was 32% in patients with cirrhosis compared to 8% in those without (p <0.001).
[doc_id=31004; sentence=2] After adjusting for baseline characteristics, factors associated with death in the total CLD cohort were age (odds ratio [OR] 1.02; 1.01–1.04), Child-Pugh A (OR 1.90; 1.03–3.52), B (OR 4.14; 2.4–7.65), or C (OR 9.32; 4.80–18.08) cirrhosis and alcohol-related liver disease (OR 1.79; 1.03–3.13).
[doc_id=31004; sentence=3] Compared to patients without CLD (n = 620), propensity-score-matched analysis revealed significant increases in mortality in those with Child-Pugh B (+20.0% [8.8%–31.3%]) and C (+38.1% [27.1%–49.2%]) cirrhosis.",NOT_ACCURATE,已定位,31004#S0; 31004#S2; 31004#S3,当前恢复证据支持肝硬化死亡风险升高，但没有直接支持 claim 前半句“无肝硬化 CLD 与无 CLD 风险相似”，整条主张证据不完整，确认暂判 NOT_ACCURATE。,NOT_ACCURATE,已定位,31004#s0；31004#s231004#s3；,肝硬化死亡率升高有提及，但是无肝硬化CLD 与 无CLD 死亡风险相似无证据句子,NOT_ACCURATE,已定位,师兄明确裁决纳入替换集；双方标签经 NOT-ACCURATE/NOT_ACCURATE 枚举规范化后均为 NOT_ACCURATE。,合格（替换样本）,无；已完成替换、双方独立标注和最终裁决,是,已完成替换、双标和裁决
demo_11,,SciCiteVal,0,"A formal definition of non-differentiability has not been provided by the authors. However, authors in this context use this idea of differentiability to explain that most automated metrics cannot provide quality estimates after a language model generates one token or a parietal output - similar to humans, they can provide quality estimates only after a language model generates a full sequence. This non-differentiab…","[{""kind"":""original_demo_cited_evidence"",""sample_id"":""demo_11"",""source_file"":""发给师兄_本周汇报_2026-09-27/06_示范标注30/demo30_合并_2026-09-27.csv""}]","The ultimate aim of language technology is to interact with humans.However, most language models are trained without direct signals of human preference,with supervised target strings serving as (a sometimes crude) proxy.One option to incorporate user feedback is via human-in-the…",ACCURATE,已定位,0#S0,citing_context 明确说指标不能在单 token 后给出质量估计，而证据说明指标只能对完整生成给出质量估计，语义一致。,,,,,,,,待协作,待陈明进独立复核并填写标签、证据定位和理由；收到后再裁决,是（示范表原证据）,李云初审完成，待陈明进复核
demo_12,,SciCiteVal,2,"The action space for language modeling is equal to the vocabulary set of language models. Since the vocabularies are very large (i. tens of thousands of possible tokens), the action space is also very large. In general, locomotion in the real world can be condensed to three quantities - moving across X, Y or Z axes, or a linear combination thereof. The authors mention that typical RL problems have an action space th…","[{""kind"":""original_demo_cited_evidence"",""sample_id"":""demo_12"",""source_file"":""发给师兄_本周汇报_2026-09-27/06_示范标注30/demo30_合并_2026-09-27.csv""}]","Language generation action spaces are orders of magnitude larger than what most discrete action space RL algorithms are designed for (Ranzato et al., 2015; Ammanabrolu, 2021), e.g., GPT-2/3 and T5 have a vocabulary size of 50K and 32K respectively.We hypothesize that the size of…",ACCURATE,已定位,2#S0,citing_context 关于语言模型动作空间等于词汇表且规模很大的表述，与证据关于大词表和大动作空间的说明一致。,,,,,,,,待协作,待陈明进独立复核并填写标签、证据定位和理由；收到后再裁决,是（示范表原证据）,李云初审完成，待陈明进复核
demo_13,,SciCiteVal,4,Actor critic models are a class of reinforcement learning algorithms. The paper does not contain information on Q-learning or how actor critic models are different from Q-learning models.,"[{""kind"":""original_demo_cited_evidence"",""sample_id"":""demo_13"",""source_file"":""发给师兄_本周汇报_2026-09-27/06_示范标注30/demo30_合并_2026-09-27.csv""}]","RL4LMs supports fine-tuning and training LMs from scratch via on-policy actor-critic algorithms on language environments.Formally, this class of algorithms allows us to train a parameterized control policy defined as \pi_{\theta}:\mathcal{S}\rightarrow\mathcal{A}, a function tha…",ACCURATE,已定位,4#S0,证据明确说明 RL4LMs 使用 on-policy actor-critic 算法，支持 claim 关于 actor-critic 属于强化学习算法的核心表述。,,,,,,,,待协作,待陈明进独立复核并填写标签、证据定位和理由；收到后再裁决,是（示范表原证据）,李云初审完成，待陈明进复核
demo_14,,SciCiteVal,6,"The authors hypothesize that their dynamic masking function helps because it adds a new constraint that the RL algorithm has to abide by. Additionally, since this is a dynamic function, being updated oftenly (every mu steps), it is likely that the masking function ensures that the selected top-p tokens are more relevant to the current state the RL algorithm needs to analyse and decide on.","[{""kind"":""original_demo_cited_evidence"",""sample_id"":""demo_14"",""source_file"":""发给师兄_本周汇报_2026-09-27/06_示范标注30/demo30_合并_2026-09-27.csv""}]","Specifically, NLPOmaintains a masking policy \pi_{\psi}: the masking policy is a copy of the current policy (\pi_{\theta}), but is updated only every \mu steps.A parameterized-invalid-mask is created from \pi_{\psi} by first selecting the top-p tokens from the vocabulary,444\pi_…",ACCURATE,已定位,6#S0,证据明确给出 masking policy 的更新周期和 top-p 选择机制，支持动态掩码约束与相关性解释。,,,,,,,,待协作,待陈明进独立复核并填写标签、证据定位和理由；收到后再裁决,是（示范表原证据）,李云初审完成，待陈明进复核
demo_15,,SciCiteVal,1,"A formal definition of non-differentiability has not been provided by the authors. However, authors in this context use this idea of differentiability to explain that most automated metrics can provide quality estimates after a language model generates one token or a parietal output - similar to humans, they can provide quality estimates only after a language model generates a full sequence. This non-differentiabili…","[{""kind"":""original_demo_cited_evidence"",""sample_id"":""demo_15"",""source_file"":""发给师兄_本周汇报_2026-09-27/06_示范标注30/demo30_合并_2026-09-27.csv""}]","The ultimate aim of language technology is to interact with humans.However, most language models are trained without direct signals of human preference,with supervised target strings serving as (a sometimes crude) proxy.One option to incorporate user feedback is via human-in-the…",NOT_ACCURATE,已定位,1#S0,citing_context 把指标说成单 token 后即可给出质量估计，但证据明确说只能对完整生成估计，方向相反。,,,,,,,,待协作,待陈明进独立复核并填写标签、证据定位和理由；收到后再裁决,是（示范表原证据）,李云初审完成，待陈明进复核
demo_16,,SciCiteVal,3,"The action space for language modeling is equal to the vocabulary set of language models. Since the vocabularies are very large (i. tens of thousands of possible tokens), the action space is also very large. In general, locomotion in the real world can be condensed to five quantities - moving across X, Y or Z axes, or a linear combination thereof. The authors mention that typical RL problems have an action space tha…","[{""kind"":""original_demo_cited_evidence"",""sample_id"":""demo_16"",""source_file"":""发给师兄_本周汇报_2026-09-27/06_示范标注30/demo30_合并_2026-09-27.csv""}]","Language generation action spaces are orders of magnitude larger than what most discrete action space RL algorithms are designed for (Ranzato et al., 2015; Ammanabrolu, 2021), e.g., GPT-2/3 and T5 have a vocabulary size of 50K and 32K respectively.We hypothesize that the size of…",NOT_ACCURATE,已定位,3#S0,citing_context 增加了‘五个数量’的说法，但证据讨论的是语言模型的大动作空间和词汇量，未支持该数字与类比。,,,,,,,,待协作,待陈明进独立复核并填写标签、证据定位和理由；收到后再裁决,是（示范表原证据）,李云初审完成，待陈明进复核
demo_17,,SciCiteVal,5,Actor critic models are a class of reinforcement learning algorithms. The paper contains information on Q-learning and how actor critic models are different from Q-learning models.,"[{""kind"":""original_demo_cited_evidence"",""sample_id"":""demo_17"",""source_file"":""发给师兄_本周汇报_2026-09-27/06_示范标注30/demo30_合并_2026-09-27.csv""}]","RL4LMs supports fine-tuning and training LMs from scratch via on-policy actor-critic algorithms on language environments.Formally, this class of algorithms allows us to train a parameterized control policy defined as \pi_{\theta}:\mathcal{S}\rightarrow\mathcal{A}, a function tha…",NOT_ACCURATE,已定位,5#S0,citing_context 声称论文包含 Q-learning 及其与 actor-critic 的区别，证据只说明 actor-critic，没有 Q-learning 内容。,,,,,,,,待协作,待陈明进独立复核并填写标签、证据定位和理由；收到后再裁决,是（示范表原证据）,李云初审完成，待陈明进复核
demo_18,,SciCiteVal,7,"The authors hypothesize that their dynamic masking function doesn't help because it adds a new constraint that the RL algorithm has to abide by. Additionally, since this is a dynamic function, being updated oftenly (every mu steps), it is likely that the masking function ensures that the selected top-p tokens are more relevant to the current state the RL algorithm needs to analyse and decide on.","[{""kind"":""original_demo_cited_evidence"",""sample_id"":""demo_18"",""source_file"":""发给师兄_本周汇报_2026-09-27/06_示范标注30/demo30_合并_2026-09-27.csv""}]","Specifically, NLPOmaintains a masking policy \pi_{\psi}: the masking policy is a copy of the current policy (\pi_{\theta}), but is updated only every \mu steps.A parameterized-invalid-mask is created from \pi_{\psi} by first selecting the top-p tokens from the vocabulary,444\pi_…",NOT_ACCURATE,已定位,7#S0,citing_context 说动态掩码没有帮助，证据说明其更新和 top-p 掩码机制，不能支持该否定结论。,,,,,,,,待协作,待陈明进独立复核并填写标签、证据定位和理由；收到后再裁决,是（示范表原证据）,李云初审完成，待陈明进复核
demo_19,,SciCiteVal,604,"Inbreeding is known to negatively affects the reproductive performance of male animals [ 21 ], and when expressed at high levels can cause poor semen quality [ 22 , 23 , 24 , 25 ].","[{""kind"":""original_demo_cited_evidence"",""sample_id"":""demo_19"",""source_file"":""发给师兄_本周汇报_2026-09-27/06_示范标注30/demo30_合并_2026-09-27.csv""}]",Male moths compete to arrive first at a female releasing pheromone. A new study reveals that additional pheromone cues released only by younger females may prompt males to avoid them in favor of older but more fecund females.,IRRELEVANT,已定位,604#S0,citing_context 讨论雄性动物近亲繁殖与精液质量，证据讨论飞蛾择偶信号，主题无实质关联。,,,,,,,,待协作,待陈明进独立复核并填写标签、证据定位和理由；收到后再裁决,是（示范表原证据）,李云初审完成，待陈明进复核
demo_20,,SciCiteVal,605,"SCFA is found to be lower in autistic patients who are correlated with presence of Faecalibacterium, Ruminococcus , and Bifidobacterium species. Clostridia species are found in abundance in ASD patients which is responsible for the production of propionate 50 .","[{""kind"":""original_demo_cited_evidence"",""sample_id"":""demo_20"",""source_file"":""发给师兄_本周汇报_2026-09-27/06_示范标注30/demo30_合并_2026-09-27.csv""}]","The study was planned to screen the marine actinobacterial extract for the protease inhibitor activity and its anti- Pf activity under in vitro and in vivo conditions. Out of 100 isolates, only 3 isolates exhibited moderate to high protease inhibitor activities on trypsin, chymo…",IRRELEVANT,已定位,605#S0,citing_context 讨论自闭症患者 SCFA 和肠道菌群，证据讨论海洋放线菌蛋白酶抑制活性，主题无实质关联。,,,,,,,,待协作,待陈明进独立复核并填写标签、证据定位和理由；收到后再裁决,是（示范表原证据）,李云初审完成，待陈明进复核
demo_21,,Sarol-Dev,12,"registries of patients with cirrhosis and COVID-19, like SECURE-cirrhosis and COVID-Hep.net, reported a case fatality rate of 38%, which may be as high as 70% in the Child-Pugh C category[<|cit|>]","[{""doc_id"":""31004"",""sentences"":[0],""label"":""MISQUOTE""},{""doc_id"":""31004"",""sentences"":[1],""label"":""MISQUOTE""},{""doc_id"":""31004"",""sentences"":[0],""label"":""MISQUOTE""}]","[doc_id=31004; sentence=0] Mortality was 32% in patients with cirrhosis compared to 8% in those without (p <0.001).
[doc_id=31004; sentence=1] Mortality in patients with cirrhosis increased according to Child- Pugh class (A [19%], B [35%], C [51%]) and the main cause of death was from respiratory failure (71%).
[doc_id=31004; sentence=0] Mortality was 32% in patients with cirrhosis compared to 8% in those without (p <0.001).",NOT_ACCURATE,已定位,31004#S0; 31004#S1,证据给出总死亡率 32% 和 Child-Pugh C 51%，与 claim 的 38% 和 70% 数字不一致，属于数字误引。,,,,,,,,待协作,待陈明进独立复核并填写标签、证据定位和理由；收到后再裁决,是,李云初审完成，待陈明进复核
demo_22,,Sarol-Dev,16,immunocompromised populations with COVID-19 have elevated risks of COVID-19 severity and morbidity and mortality (<|multi_cit|>),"[{""doc_id"":""31002"",""sentences"":[0],""label"":""NOT_SUBSTANTIATE""}]","[doc_id=31002; sentence=0] Chronic liver disease (CLD) and cirrhosis are associated with immune dysregulation, leading to concerns that affected patients may be at risk of adverse outcomes following SARS-CoV-2 infection.",NOT_ACCURATE,已定位,31002#S0,证据只说明免疫失调与不良结局风险的担忧，没有给出 claim 所述严重度、发病率和死亡率的完整支持。,,,,,,,,待协作,待陈明进独立复核并填写标签、证据定位和理由；收到后再裁决,是,李云初审完成，待陈明进复核
demo_23,replacement_05,Sarol-Dev,20,SARS-CoV-2 infections in patients with cirrhosis is particularly lethal due to the dysregulated immune responses and disordered coagulation[<|cit|>].,"[{""doc_id"":""31091"",""sentences"":[5],""label"":""ACCURATE""},{""doc_id"":""31091"",""sentences"":[6],""label"":""ACCURATE""},{""doc_id"":""31091"",""sentences"":[7],""label"":""ACCURATE""}]","[doc_id=31091; sentence=5] Furthermore, using propensity score-matched analysis we demonstrate an incremental rise in the risk of death with each liver disease stage compared to a contemporaneous UK cohort of patients without CLD who tested positive for SARS-CoV-2.
[doc_id=31091; sentence=6] These trends remain after restricting the analysis to CLD patients from the UK, including a statistically significant increased risk of death with Child-Pugh B and Child-Pugh C cirrhosis.
[doc_id=31091; sentence=7] SARS- CoV-2 infection in patients with cirrhosis therefore appears to be a particularly lethal combination and represents the coming together of biological processes characterised by immune dysregulation in the context of viral infection and disordered coagulation.",ACCURATE,已定位,31091#S5; 31091#S6; 31091#S7,证据同时给出肝病分期死亡风险上升、B/C 级死亡风险增加，并明确说明免疫失调和凝血紊乱构成高危组合，支持主张。,ACCURATE,已定位,31091#s7,肝硬化患者感染SARS-CoV-2似乎是一种尤为致命的组合，代表着病毒感染背景下以免疫失调和凝血功能紊乱为特征的生物学过程的交汇,ACCURATE,已定位,双方独立标签一致（ACCURATE），双方证据状态均为已定位，按一致结果裁决。,合格（替换样本）,无；已完成替换、双方独立标注和最终裁决,是,已完成替换、双标和裁决
demo_24,,Sarol-Dev,24,PWLD and particularly those with cirrhosis seem to be in higher risk for severe COVID-19 course and death [<|multi_cit|>],"[{""doc_id"":""31090"",""sentences"":[1],""label"":""CONTRADICT""},{""doc_id"":""31091"",""sentences"":[0],""label"":""CONTRADICT""}]","[doc_id=31090; sentence=1] As the severity of liver disease progresses from CLD without cirrhosis through to each Child-Pugh class of cirrhosis we observed a stepwise increased risk of all major adverse outcomes including ICU requirement and death.
[doc_id=31091; sentence=0] Whilst patients with CLD without cirrhosis appear to have a similar risk of mortality following SARS-CoV-2 infection to patients without liver disease, patients with cirrhosis have an elevated risk (Fig. 5) with a mortality of 32% observed in the current study.",ACCURATE,已定位,31090#S1; 31091#S0,两条证据直接报告肝硬化患者严重结局、ICU 需求和死亡风险升高，支持 claim。,,,,,,,,待协作,待陈明进独立复核并填写标签、证据定位和理由；收到后再裁决,是,李云初审完成，待陈明进复核
demo_25,replacement_06,Sarol-Dev,21,"acute-on-chronic liver failure develops in up to 12–50% of COVID19 patients with CLD, with liver disease severity as a strong predictor of developing severe COVID-19 [<|cit|>]","[{""doc_id"":""31004"",""sentences"":[4],""label"":""ACCURATE""},{""doc_id"":""31004"",""sentences"":[5],""label"":""ACCURATE""},{""doc_id"":""31057"",""sentences"":[1],""label"":""ACCURATE""},{""doc_id"":""31057"",""sentences"":[2],""label"":""ACCURATE""},{""doc_id"":""31084"",""sentences"":[0],""label"":""ACCURATE""},{""doc_id"":""31085"",""sentences"":[0],""label"":""ACCURATE""}]","[doc_id=31004; sentence=4] Acute hepatic decompensation occurred in 46% of patients with cirrhosis, of whom 21% had no respiratory symptoms.
[doc_id=31004; sentence=5] Half of those with hepatic decompensation had acute-on-chronic liver failure.
[doc_id=31057; sentence=1] When comparing CLD without cirrhosis to Child- Pugh A/B/C cirrhosis, there were no differences in rates of hospitalisation (p = 0.690).
[doc_id=31057; sentence=2] However, there were significantly higher rates of requirement for ICU (p <0.001), admission to ICU (p <0.001), renal replacement therapy (p = 0.002), and death (p = <0.001) with increasing liver disease severity (Fig. 2 ).
[doc_id=31084; sentence=0] #### Acute hepatic decompensation and acute-on-chronic liver failure
[doc_id=31085; sentence=0] Within the 386 patients with cirrhosis, acute hepatic decompensation events following SARS-CoV-2 infection were reported to have occurred in 179 (46%) patients.",NOT_ACCURATE,已定位,31004#S4; 31004#S5; 31057#S2; 31085#S0,当前恢复句支持 ACLF/严重程度方向，但没有给出 claim 中的 12%—50% 数值范围；具体范围补证前不能判 ACCURATE，确认暂判 NOT_ACCURATE。,ACCURATE,已定位,31004#s4；31085#s0,46%的肝硬化患者发生急性肝功能失代偿，其中21%无呼吸道症状，在386例肝硬化患者中，据报道有179例（46%）在感染SARS-CoV-2后发生急性肝功能失代偿事件,NOT_ACCURATE,已定位,师兄裁决 NOT_ACCURATE：证据支持急性肝功能失代偿方向，但未充分支持 claim 所称 12%—50% 数值范围。,合格（替换样本）,无；已完成替换、双方独立标注和最终裁决,是,已完成替换、双标和裁决
demo_26,,Sarol-Dev,35,Patients with decompensated cirrhosis are especially vulnerable to develop severe COVID-19 due to immune dysfunction [<|multi_cit|>].,"[{""doc_id"":""31095"",""sentences"":[4],""label"":""NOT_SUBSTANTIATE""}]","[doc_id=31095; sentence=4] However, given the profound multi-systemic involvement of COVID-19, particularly in the severe and critical forms of disease, liver injury is likely to be multifactorial with contributions from systemic inflammation, intrahepatic immune activation, microvascular thrombosis, perturbations of the gut-liver-axis, and drug toxicity.[32], [33], [34], [35], [36] In our cohort, patients who suffered acute hepatic decompensation had a 2-fold increased rate of mortality compared to those without and case fatality strongly correlated with degree of organ failure.",NOT_ACCURATE,已定位,31095#S4,证据提到多系统因素和死亡率差异，但没有把严重 COVID-19 明确归因于免疫功能障碍，完整命题证据不足。,,,,,,,,待协作,待陈明进独立复核并填写标签、证据定位和理由；收到后再裁决,是,李云初审完成，待陈明进复核
demo_27,,Sarol-Dev,8,"These findings have significant prognostic implications and could help clinicians perform risk stratification and make decisions while treating cirrhotic patients with COVID-19, increasing the level of care earlier in those with advanced liver disease[<|cit|>].","[{""doc_id"":""31093"",""sentences"":[2],""label"":""ACCURATE""},{""doc_id"":""31093"",""sentences"":[3],""label"":""ACCURATE""},{""doc_id"":""31093"",""sentences"":[4],""label"":""ACCURATE""}]","[doc_id=31093; sentence=2] Only 46% of hospitalised patients with Child-Pugh C cirrhosis survived, and this proportion dropped to 21% in those admitted to ICU and further still to 10% in those receiving invasive ventilation.
[doc_id=31093; sentence=3] These findings have important prognostic implications and highlight the need for careful monitoring of patients with cirrhosis throughout their hospital admission.
[doc_id=31093; sentence=4] Our data will also help inform clinical decisions regarding both the escalation of care to ICU and the use of COVID-19 palliative care guidelines in patients with advanced liver disease who undergo rapid inpatient clinical deterioration.25",ACCURATE,已定位,31093#S2; 31093#S3; 31093#S4,证据报告 Child-Pugh C 生存率和 ICU、通气结果，并明确用于监测和升级照护决策，支持风险分层与治疗决策。,,,,,,,,待协作,待陈明进独立复核并填写标签、证据定位和理由；收到后再裁决,是,李云初审完成，待陈明进复核
demo_28,,Sarol-Dev,9,baseline liver disease stage and alcohol-related liver disease were risk factors for death from COVD-19. <|cit|>,"[{""doc_id"":""31005"",""sentences"":[0],""label"":""ACCURATE""}]","[doc_id=31005; sentence=0] In the largest such cohort to date, we demonstrate that baseline liver disease stage and alcohol-related liver disease are independent risk factors for death from COVID-19.",ACCURATE,已定位,31005#S0,证据明确将基线肝病分期和酒精性肝病列为 COVID-19 死亡独立风险因素，与 claim 一致。,,,,,,,,待协作,待陈明进独立复核并填写标签、证据定位和理由；收到后再裁决,是,李云初审完成，待陈明进复核
demo_29,replacement_07,Sarol-Dev,26,"a strong correlation between the stage of liver disease and the rate of intensive care unit (ICU) admissions, renal replacement therapy, and death was found. <|cit|>","[{""doc_id"":""31057"",""sentences"":[1],""label"":""ACCURATE""},{""doc_id"":""31057"",""sentences"":[2],""label"":""ACCURATE""}]","[doc_id=31057; sentence=1] When comparing CLD without cirrhosis to Child- Pugh A/B/C cirrhosis, there were no differences in rates of hospitalisation (p = 0.690).
[doc_id=31057; sentence=2] However, there were significantly higher rates of requirement for ICU (p <0.001), admission to ICU (p <0.001), renal replacement therapy (p = 0.002), and death (p = <0.001) with increasing liver disease severity (Fig. 2 ).",ACCURATE,已定位,31057#S1; 31057#S2,证据明确说明随肝病严重程度增加，ICU、肾替代治疗和死亡率显著升高，支持主张。,ACCURATE,已定位,31057#s1;31057#s2,两条证据句子都符合,ACCURATE,已定位,双方独立标签一致（ACCURATE），双方证据状态均为已定位，按一致结果裁决。,合格（替换样本）,无；已完成替换、双方独立标注和最终裁决,是,已完成替换、双标和裁决
demo_30,replacement_08,Sarol-Dev,29,"Marjot and colleagues found that patients with ARLD had a higher risk of mortality from COVID-19 [odds ratio (OR) 3.11, 95% CI 2.12–4.55, P < 0.001] compared to other aetiologies [<|cit|>].","[{""doc_id"":""31074"",""sentences"":[2],""label"":""ACCURATE""},{""doc_id"":""31074"",""sentences"":[3],""label"":""ACCURATE""}]","[doc_id=31074; sentence=2] Child-Pugh class was also associated with death compared to CLD without cirrhosis; Child-Pugh A (OR 2.94; 95% CI 1.70–5.08; p <0.001), B (OR 6.76; 95% CI 3.95–11.58; p <0.001), and C (OR 12.57; 95% CI 7.12–22.18; p <0.001).
[doc_id=31074; sentence=3] Regarding aetiology of liver disease, negative associations for mortality were found for NAFLD (OR 0.55; 95% CI 0.38–0.81; p = 0.002) and HBV (0.45; 95% CI 0.23-0.88; p = 0.02), whereas ALD showed a positive association with death (OR 3.11; 95% CI 2.12–4.55; p <0.001) (Table 1).",ACCURATE,已定位,31074#S2; 31074#S3,证据明确给出 Child-Pugh 分级死亡 OR 以及 ALD 死亡 OR 3.11，支持主张。,ACCURATE,已定位,31074#s3,ALD与死亡呈正相关,ACCURATE,已定位,双方独立标签一致（ACCURATE），双方证据状态均为已定位，按一致结果裁决。,合格（替换样本）,无；已完成替换、双方独立标注和最终裁决,是,已完成替换、双标和裁决
