doi,expected,actual,status,ok,url
10.1002/anie.201603204,W2471391451,W2471391451,200,True,https://api.openalex.org/works/https://doi.org/10.1002/anie.201603204
10.1002/anie.202016233,W3116766050,W3116766050,200,True,https://api.openalex.org/works/https://doi.org/10.1002/anie.202016233
10.1002/eji.200737271,W2043149094,W2043149094,200,True,https://api.openalex.org/works/https://doi.org/10.1002/eji.200737271
10.1007/s10586-017-1334-1,W2769524775,W2769524775,200,True,https://api.openalex.org/works/https://doi.org/10.1007/s10586-017-1334-1
10.1007/s10772-021-09921-0,W3214879986,W3214879986,200,True,https://api.openalex.org/works/https://doi.org/10.1007/s10772-021-09921-0
10.1007/s10845-020-01590-1,W3033510847,W3033510847,200,True,https://api.openalex.org/works/https://doi.org/10.1007/s10845-020-01590-1
10.1007/s10853-018-2793-3,W2888892048,W2888892048,200,True,https://api.openalex.org/works/https://doi.org/10.1007/s10853-018-2793-3
10.1007/s13139-021-00723-5,W3214821753,W3214821753,200,True,https://api.openalex.org/works/https://doi.org/10.1007/s13139-021-00723-5
10.1007/s13204-021-02330-4,W4211027376,W4211027376,200,True,https://api.openalex.org/works/https://doi.org/10.1007/s13204-021-02330-4
10.1016/j.clon.2020.08.010,W3087071367,W3087071367,200,True,https://api.openalex.org/works/https://doi.org/10.1016/j.clon.2020.08.010
10.1016/j.diamond.2008.01.033,W2082242402,W2082242402,200,True,https://api.openalex.org/works/https://doi.org/10.1016/j.diamond.2008.01.033
10.1016/j.gr.2010.02.011,W2041899598,W2041899598,200,True,https://api.openalex.org/works/https://doi.org/10.1016/j.gr.2010.02.011
10.1016/j.imbio.2021.152166,W4200316850,W4200316850,200,True,https://api.openalex.org/works/https://doi.org/10.1016/j.imbio.2021.152166
10.1016/j.jbiotec.2021.11.001,W3214191220,W3214191220,200,True,https://api.openalex.org/works/https://doi.org/10.1016/j.jbiotec.2021.11.001
10.1016/j.lithos.2014.03.014,W2085188166,W2085188166,200,True,https://api.openalex.org/works/https://doi.org/10.1016/j.lithos.2014.03.014
10.1038/299802a0,W2049471987,W2049471987,200,True,https://api.openalex.org/works/https://doi.org/10.1038/299802a0
10.1038/345315a0,W2008980136,W2008980136,200,True,https://api.openalex.org/works/https://doi.org/10.1038/345315a0
10.1038/nature15257,W1440335865,W1440335865,200,True,https://api.openalex.org/works/https://doi.org/10.1038/nature15257
10.1038/nature21713,W2598830924,W2598830924,200,True,https://api.openalex.org/works/https://doi.org/10.1038/nature21713
10.1038/ncomms14049,W2951506174,W2951506174,200,True,https://api.openalex.org/works/https://doi.org/10.1038/ncomms14049
10.1038/ncomms16007,W3010127968,W3010127968,200,True,https://api.openalex.org/works/https://doi.org/10.1038/ncomms16007
10.1038/ncomms16099,W2952274186,W2952274186,200,True,https://api.openalex.org/works/https://doi.org/10.1038/ncomms16099
10.1038/s41467-017-00519-2,W2745687093,W2745687093,200,True,https://api.openalex.org/works/https://doi.org/10.1038/s41467-017-00519-2
10.1038/s41598-022-06049-2,W4211154595,W4211154595,200,True,https://api.openalex.org/works/https://doi.org/10.1038/s41598-022-06049-2
10.1039/c3nr03052k,W2141415026,W2141415026,200,True,https://api.openalex.org/works/https://doi.org/10.1039/c3nr03052k
10.1063/1.4966192,W2547447472,W2547447472,200,True,https://api.openalex.org/works/https://doi.org/10.1063/1.4966192
10.1073/pnas.1711233114,W2756391458,W2756391458,200,True,https://api.openalex.org/works/https://doi.org/10.1073/pnas.1711233114
10.1093/bioinformatics/btz721,W2977291005,W2977291005,200,True,https://api.openalex.org/works/https://doi.org/10.1093/bioinformatics/btz721
10.1103/physrevb.93.174308,W2398571514,W2398571514,200,True,https://api.openalex.org/works/https://doi.org/10.1103/physrevb.93.174308
10.1107/s0907444910007493,W2124026197,W2124026197,200,True,https://api.openalex.org/works/https://doi.org/10.1107/s0907444910007493
10.1109/icpr.2016.7900086,W2964136035,W2964136035,200,True,https://api.openalex.org/works/https://doi.org/10.1109/icpr.2016.7900086
10.1111/ibi.12258,W2167270675,W2167270675,200,True,https://api.openalex.org/works/https://doi.org/10.1111/ibi.12258
10.1126/sciadv.1600983,W2752695001,W2752695001,200,True,https://api.openalex.org/works/https://doi.org/10.1126/sciadv.1600983
10.1126/sciadv.1601360,W2569004393,W2569004393,200,True,https://api.openalex.org/works/https://doi.org/10.1126/sciadv.1601360
10.1126/sciadv.1603015,W2585152223,W2585152223,200,True,https://api.openalex.org/works/https://doi.org/10.1126/sciadv.1603015
10.1126/science.aag3055,W2603981417,W2603981417,200,True,https://api.openalex.org/works/https://doi.org/10.1126/science.aag3055
10.1126/science.aal1579,W2529261853,W2529261853,200,True,https://api.openalex.org/works/https://doi.org/10.1126/science.aal1579
10.1126/science.aal3573,W2600566292,W2600566292,200,True,https://api.openalex.org/works/https://doi.org/10.1126/science.aal3573
10.1126/science.aam6808,W2604988916,W2604988916,200,True,https://api.openalex.org/works/https://doi.org/10.1126/science.aam6808
10.1126/science.aan3211,W2625737531,W2625737531,200,True,https://api.openalex.org/works/https://doi.org/10.1126/science.aan3211
10.1126/science.aan6814,W2744024286,W2744024286,200,True,https://api.openalex.org/works/https://doi.org/10.1126/science.aan6814
10.1134/s0022476620040101,W3046008455,W3046008455,200,True,https://api.openalex.org/works/https://doi.org/10.1134/s0022476620040101
10.1144/m36.2,W2328363848,W2328363848,200,True,https://api.openalex.org/works/https://doi.org/10.1144/m36.2
10.1155/2021/8527068,W3199233023,W3199233023,200,True,https://api.openalex.org/works/https://doi.org/10.1155/2021/8527068
10.1155/2022/1827731,W4296312657,W4296312657,200,True,https://api.openalex.org/works/https://doi.org/10.1155/2022/1827731
10.1155/2022/9120772,W4306146956,W4306146956,200,True,https://api.openalex.org/works/https://doi.org/10.1155/2022/9120772
10.1155/2022/9259389,W4281691891,W4281691891,200,True,https://api.openalex.org/works/https://doi.org/10.1155/2022/9259389
10.1155/2023/1950220,W4321366248,W4321366248,200,True,https://api.openalex.org/works/https://doi.org/10.1155/2023/1950220
10.1182/blood-2009-03-209262,W2107398329,W2107398329,200,True,https://api.openalex.org/works/https://doi.org/10.1182/blood-2009-03-209262
10.1186/gb-2014-15-2-r29,W2137526110,W2137526110,200,True,https://api.openalex.org/works/https://doi.org/10.1186/gb-2014-15-2-r29
10.2174/1574893615666200207094357,W3005031658,W3005031658,200,True,https://api.openalex.org/works/https://doi.org/10.2174/1574893615666200207094357
10.2298/gensr2003127j,W3119303522,W3119303522,200,True,https://api.openalex.org/works/https://doi.org/10.2298/gensr2003127j
10.2298/gensr2102769m,W3194037677,W3194037677,200,True,https://api.openalex.org/works/https://doi.org/10.2298/gensr2102769m
10.2298/gensr2103179b,W4245259537,W4245259537,200,True,https://api.openalex.org/works/https://doi.org/10.2298/gensr2103179b
10.2298/gensr2201063n,W4285242871,W4285242871,200,True,https://api.openalex.org/works/https://doi.org/10.2298/gensr2201063n
10.32604/cmc.2020.013251,W3110972490,W3110972490,200,True,https://api.openalex.org/works/https://doi.org/10.32604/cmc.2020.013251
10.3390/ma14247565,W4200486416,W4200486416,200,True,https://api.openalex.org/works/https://doi.org/10.3390/ma14247565
