pmcid,role,url,local_file,bytes,expected_sha256,actual_sha256,hash_match,license,error
PMC10715499,cited,https://eutils.ncbi.nlm.nih.gov/entrez/eutils/efetch.fcgi?db=pmc&id=10715499&retmode=xml,PMC10715499.xml,85706,B0E94E71DA1EF955F0404E56EA4584E885A5A462D50FF0C6D9978C3BBFD7EB45,B0E94E71DA1EF955F0404E56EA4584E885A5A462D50FF0C6D9978C3BBFD7EB45,YES,https://creativecommons.org/licenses/by-nc/4.0/,
PMC10850450,cited,https://eutils.ncbi.nlm.nih.gov/entrez/eutils/efetch.fcgi?db=pmc&id=10850450&retmode=xml,PMC10850450.xml,159515,9B1D983A7A23A645D10E51D25705BCBFC1AF0DDD0175CB2E2E5C6E051A36970E,9B1D983A7A23A645D10E51D25705BCBFC1AF0DDD0175CB2E2E5C6E051A36970E,YES,https://creativecommons.org/licenses/by-nc/4.0/,
PMC11177495,cited,https://eutils.ncbi.nlm.nih.gov/entrez/eutils/efetch.fcgi?db=pmc&id=11177495&retmode=xml,PMC11177495.xml,145427,297804172E527105EE940E02A952E49FCBAA7821F97C7A80CF577F9B88D3497A,297804172E527105EE940E02A952E49FCBAA7821F97C7A80CF577F9B88D3497A,YES,https://creativecommons.org/licenses/by/4.0/,
PMC11309924,cited,https://eutils.ncbi.nlm.nih.gov/entrez/eutils/efetch.fcgi?db=pmc&id=11309924&retmode=xml,PMC11309924.xml,114254,F05BAB6AE59FCB83879D3252F09BFD99128965BB38E674984F9F220EBA061A17,F05BAB6AE59FCB83879D3252F09BFD99128965BB38E674984F9F220EBA061A17,YES,https://creativecommons.org/licenses/by-nc-nd/4.0/,
PMC11984007,cited,https://eutils.ncbi.nlm.nih.gov/entrez/eutils/efetch.fcgi?db=pmc&id=11984007&retmode=xml,PMC11984007.xml,115389,02088182D21EF32005CD48721432372EA163EC933A4F192BD96816F8170224BC,02088182D21EF32005CD48721432372EA163EC933A4F192BD96816F8170224BC,YES,https://creativecommons.org/licenses/by/4.0/,
PMC12297025,cited,https://eutils.ncbi.nlm.nih.gov/entrez/eutils/efetch.fcgi?db=pmc&id=12297025&retmode=xml,PMC12297025.xml,334625,5FD3C8C7F06D6D14BD2C49669280BEBA191003E7ED69DC6E19D3758CA173A565,5FD3C8C7F06D6D14BD2C49669280BEBA191003E7ED69DC6E19D3758CA173A565,YES,https://creativecommons.org/licenses/by/4.0/,
PMC12491465,cited,https://eutils.ncbi.nlm.nih.gov/entrez/eutils/efetch.fcgi?db=pmc&id=12491465&retmode=xml,PMC12491465.xml,85261,3AF14372E644E6AC0FBB5F5E31F184E621E57D5DA3AE4BCA3F959BC4907BFF4F,3AF14372E644E6AC0FBB5F5E31F184E621E57D5DA3AE4BCA3F959BC4907BFF4F,YES,https://creativecommons.org/licenses/by/4.0/,
PMC13626989,citing,https://eutils.ncbi.nlm.nih.gov/entrez/eutils/efetch.fcgi?db=pmc&id=13626989&retmode=xml,PMC13626989.xml,183658,5E871A8A6A549C1C49443CDA88D089134051C79F73D94CAC1B07F7999D79E25F,5E871A8A6A549C1C49443CDA88D089134051C79F73D94CAC1B07F7999D79E25F,YES,https://creativecommons.org/licenses/by/4.0/,
PMC13626992,citing,https://eutils.ncbi.nlm.nih.gov/entrez/eutils/efetch.fcgi?db=pmc&id=13626992&retmode=xml,PMC13626992.xml,151974,6C22F592A93C88A136F5002076D6F5CE8728E4C1EA295F4DE3B5B7143E2D184A,6C22F592A93C88A136F5002076D6F5CE8728E4C1EA295F4DE3B5B7143E2D184A,YES,https://creativecommons.org/licenses/by/4.0/,
PMC13626993,citing,https://eutils.ncbi.nlm.nih.gov/entrez/eutils/efetch.fcgi?db=pmc&id=13626993&retmode=xml,PMC13626993.xml,67445,19F779CB197E953D2FE4292E7926669ADBDC1B61FBEAB6A3DD703F82EAD1E7A1,19F779CB197E953D2FE4292E7926669ADBDC1B61FBEAB6A3DD703F82EAD1E7A1,YES,https://creativecommons.org/licenses/by/4.0/,
PMC13626999,citing,https://eutils.ncbi.nlm.nih.gov/entrez/eutils/efetch.fcgi?db=pmc&id=13626999&retmode=xml,PMC13626999.xml,143173,E172465602D150C2CF0035AD2BD9EC7D6B05CA810285E157E39587C2CFF256D9,E172465602D150C2CF0035AD2BD9EC7D6B05CA810285E157E39587C2CFF256D9,YES,https://creativecommons.org/licenses/by/4.0/,
PMC13627012,citing,https://eutils.ncbi.nlm.nih.gov/entrez/eutils/efetch.fcgi?db=pmc&id=13627012&retmode=xml,PMC13627012.xml,97985,F92992333EBF802EDFC11D8E3B0790C3B728EA93D3F6417B845FEC56CE933B67,F92992333EBF802EDFC11D8E3B0790C3B728EA93D3F6417B845FEC56CE933B67,YES,https://creativecommons.org/licenses/by/4.0/,
PMC5007409,cited,https://eutils.ncbi.nlm.nih.gov/entrez/eutils/efetch.fcgi?db=pmc&id=5007409&retmode=xml,PMC5007409.xml,96234,5F7B9C7EE6800A4235A04E84E0E66FF20C880F9970A58539D16B008E5C49D188,5F7B9C7EE6800A4235A04E84E0E66FF20C880F9970A58539D16B008E5C49D188,YES,http://creativecommons.org/licenses/by-nc/3.0/,
PMC5839013,cited,https://eutils.ncbi.nlm.nih.gov/entrez/eutils/efetch.fcgi?db=pmc&id=5839013&retmode=xml,PMC5839013.xml,94521,E15FEB3B9C1F214896A9C03EC34708809F3C157C9AACC721973DB4D296BC0BEE,E15FEB3B9C1F214896A9C03EC34708809F3C157C9AACC721973DB4D296BC0BEE,YES,https://creativecommons.org/licenses/by/4.0/,
PMC6709302,cited,https://eutils.ncbi.nlm.nih.gov/entrez/eutils/efetch.fcgi?db=pmc&id=6709302&retmode=xml,PMC6709302.xml,63973,3224042ADA327689A9E94BEFC3A4A9D72DC2641C16640C51742869013113759F,3224042ADA327689A9E94BEFC3A4A9D72DC2641C16640C51742869013113759F,YES,http://creativecommons.org/licenses/by-nc/4.0,
PMC6837311,cited,https://eutils.ncbi.nlm.nih.gov/entrez/eutils/efetch.fcgi?db=pmc&id=6837311&retmode=xml,PMC6837311.xml,161613,D8A58212983DA584C443227CDA58E433C5641F0D2AC81CBFF310AED1AA85D25D,D8A58212983DA584C443227CDA58E433C5641F0D2AC81CBFF310AED1AA85D25D,YES,http://creativecommons.org/licenses/by/4.0/,
PMC6982324,cited,https://eutils.ncbi.nlm.nih.gov/entrez/eutils/efetch.fcgi?db=pmc&id=6982324&retmode=xml,PMC6982324.xml,162120,02BFF1BDD73534318E0FBC35D136525253C15F8EF1AEE51702AF01FED1BA5DD8,02BFF1BDD73534318E0FBC35D136525253C15F8EF1AEE51702AF01FED1BA5DD8,YES,https://creativecommons.org/licenses/by/4.0/,
PMC7696452,cited,https://eutils.ncbi.nlm.nih.gov/entrez/eutils/efetch.fcgi?db=pmc&id=7696452&retmode=xml,PMC7696452.xml,220957,86362B03404A617A45191ED3CC8667D7573FABDD3CA1EBA95DA2BCF7D5421ACE,86362B03404A617A45191ED3CC8667D7573FABDD3CA1EBA95DA2BCF7D5421ACE,YES,https://creativecommons.org/licenses/by/4.0/,
PMC7777221,cited,https://eutils.ncbi.nlm.nih.gov/entrez/eutils/efetch.fcgi?db=pmc&id=7777221&retmode=xml,PMC7777221.xml,567424,21248D3DC1A802C26BD8409E281DE36313F756E9066F5995390A3BDDB668759D,21248D3DC1A802C26BD8409E281DE36313F756E9066F5995390A3BDDB668759D,YES,https://creativecommons.org/licenses/by/4.0/,
PMC8793832,cited,https://eutils.ncbi.nlm.nih.gov/entrez/eutils/efetch.fcgi?db=pmc&id=8793832&retmode=xml,PMC8793832.xml,74373,258F4875A40BC81DB5857056953F6246BF9162533993E7F50B93447314D14429,258F4875A40BC81DB5857056953F6246BF9162533993E7F50B93447314D14429,YES,https://creativecommons.org/licenses/by/4.0/,
PMC9099525,cited,https://eutils.ncbi.nlm.nih.gov/entrez/eutils/efetch.fcgi?db=pmc&id=9099525&retmode=xml,PMC9099525.xml,180646,0D9956900CF18BD2E3A5989ADEDCB64DF8CA6072F835E69E1CC76C498841B489,0D9956900CF18BD2E3A5989ADEDCB64DF8CA6072F835E69E1CC76C498841B489,YES,https://creativecommons.org/licenses/by/4.0/,
