candidate_id,role,pmcid,url,license,xml_sha256,local_snapshot
PMC-OA-V3-01,citing,PMC12900525,https://pmc.ncbi.nlm.nih.gov/articles/PMC12900525/,https://creativecommons.org/licenses/by-nc-sa/4.0/,7E81E1455501FFDE54E3125739C0E358B20E00D11B4A6873D52FA8303CCEB139,data/raw/pmc_oa_v3_source_xml/PMC12900525.xml
PMC-OA-V3-01,cited,PMC10045528,https://pmc.ncbi.nlm.nih.gov/articles/PMC10045528/,https://creativecommons.org/licenses/by/4.0/,ED69235C504C86E7E0D48385B00D6626AC2A757AD4767C8724C25B28166F9F24,data/raw/pmc_oa_v3_source_xml/PMC10045528.xml
PMC-OA-V3-02,citing,PMC12900525,https://pmc.ncbi.nlm.nih.gov/articles/PMC12900525/,https://creativecommons.org/licenses/by-nc-sa/4.0/,7E81E1455501FFDE54E3125739C0E358B20E00D11B4A6873D52FA8303CCEB139,data/raw/pmc_oa_v3_source_xml/PMC12900525.xml
PMC-OA-V3-02,cited,PMC10765876,https://pmc.ncbi.nlm.nih.gov/articles/PMC10765876/,https://creativecommons.org/licenses/by/4.0/,2386B86383F93D9F3DE00777A5DCE7B0471F5B8427D6DA395B8363500316E48C,data/raw/pmc_oa_v3_source_xml/PMC10765876.xml
PMC-OA-V3-03,citing,PMC12900525,https://pmc.ncbi.nlm.nih.gov/articles/PMC12900525/,https://creativecommons.org/licenses/by-nc-sa/4.0/,7E81E1455501FFDE54E3125739C0E358B20E00D11B4A6873D52FA8303CCEB139,data/raw/pmc_oa_v3_source_xml/PMC12900525.xml
PMC-OA-V3-03,cited,PMC4868912,https://pmc.ncbi.nlm.nih.gov/articles/PMC4868912/,https://creativecommons.org/licenses/by/4.0/,E5EFD85418ED65812A8CDD1CD30915CA72B192600FAFCD6BD59AE843B8E0DD21,data/raw/pmc_oa_v3_source_xml/PMC4868912.xml
PMC-OA-V3-04,citing,PMC12900525,https://pmc.ncbi.nlm.nih.gov/articles/PMC12900525/,https://creativecommons.org/licenses/by-nc-sa/4.0/,7E81E1455501FFDE54E3125739C0E358B20E00D11B4A6873D52FA8303CCEB139,data/raw/pmc_oa_v3_source_xml/PMC12900525.xml
PMC-OA-V3-04,cited,PMC4841349,https://pmc.ncbi.nlm.nih.gov/articles/PMC4841349/,https://creativecommons.org/licenses/by/3.0/,7AEC53A66F24C1D23557E73EC5294020C67642CBC4617B76AE844568A30DAA21,data/raw/pmc_oa_v3_source_xml/PMC4841349.xml
PMC-OA-V3-05,citing,PMC13583542,https://pmc.ncbi.nlm.nih.gov/articles/PMC13583542/,http://creativecommons.org/licenses/by/4.0/,CBCAD8E5255956C6566D766AC86EF82EC8F29FB99D6490E5AB351813AC94514D,data/raw/pmc_oa_v3_source_xml/PMC13583542.xml
PMC-OA-V3-05,cited,PMC13324970,https://pmc.ncbi.nlm.nih.gov/articles/PMC13324970/,https://creativecommons.org/licenses/by/4.0/,3A025C9E02F124816C35F5C0F56A44061DE1A03B3CDA2D9F1C935229F68249D8,data/raw/pmc_oa_v3_source_xml/PMC13324970.xml
PMC-OA-V3-06,citing,PMC13583542,https://pmc.ncbi.nlm.nih.gov/articles/PMC13583542/,http://creativecommons.org/licenses/by/4.0/,CBCAD8E5255956C6566D766AC86EF82EC8F29FB99D6490E5AB351813AC94514D,data/raw/pmc_oa_v3_source_xml/PMC13583542.xml
PMC-OA-V3-06,cited,PMC8876357,https://pmc.ncbi.nlm.nih.gov/articles/PMC8876357/,https://creativecommons.org/licenses/by/4.0/,AF18E5447E944E5F4867A2E3835DF486FE88C243A668A36E20F21459D107D2E9,data/raw/pmc_oa_v3_source_xml/PMC8876357.xml
PMC-OA-V3-07,citing,PMC13583542,https://pmc.ncbi.nlm.nih.gov/articles/PMC13583542/,http://creativecommons.org/licenses/by/4.0/,CBCAD8E5255956C6566D766AC86EF82EC8F29FB99D6490E5AB351813AC94514D,data/raw/pmc_oa_v3_source_xml/PMC13583542.xml
PMC-OA-V3-07,cited,PMC13193722,https://pmc.ncbi.nlm.nih.gov/articles/PMC13193722/,http://creativecommons.org/licenses/by/4.0/,763A7C1E2DBC8C75DC4BF0BFC2D2277C08AD45B385B91D61F6C61DE6A7C50CD3,data/raw/pmc_oa_v3_source_xml/PMC13193722.xml
PMC-OA-V3-08,citing,PMC13625197,https://pmc.ncbi.nlm.nih.gov/articles/PMC13625197/,http://creativecommons.org/licenses/by/4.0/,9D71835DD08D8ECB7E51EBFA44FDE71042CD790623EF451977335C9D473B13ED,data/raw/pmc_oa_v3_source_xml/PMC13625197.xml
PMC-OA-V3-08,cited,PMC9708575,https://pmc.ncbi.nlm.nih.gov/articles/PMC9708575/,https://creativecommons.org/licenses/by/4.0/,FEA99FBEE326815D974497AEC2A3930AA66F02B6BB4CAD64F8CA4A0D412C3D71,data/raw/pmc_oa_v3_source_xml/PMC9708575.xml
PMC-OA-V3-09,citing,PMC13625197,https://pmc.ncbi.nlm.nih.gov/articles/PMC13625197/,http://creativecommons.org/licenses/by/4.0/,9D71835DD08D8ECB7E51EBFA44FDE71042CD790623EF451977335C9D473B13ED,data/raw/pmc_oa_v3_source_xml/PMC13625197.xml
PMC-OA-V3-09,cited,PMC7504301,https://pmc.ncbi.nlm.nih.gov/articles/PMC7504301/,http://creativecommons.org/licenses/by/4.0/,DE2CD1CAF4F18BEB8794A9EECFEFBA12BC52820C5A53CDB0BBF47C80C9DC7F4C,data/raw/pmc_oa_v3_source_xml/PMC7504301.xml
PMC-OA-V3-10,citing,PMC13625197,https://pmc.ncbi.nlm.nih.gov/articles/PMC13625197/,http://creativecommons.org/licenses/by/4.0/,9D71835DD08D8ECB7E51EBFA44FDE71042CD790623EF451977335C9D473B13ED,data/raw/pmc_oa_v3_source_xml/PMC13625197.xml
PMC-OA-V3-10,cited,PMC10464498,https://pmc.ncbi.nlm.nih.gov/articles/PMC10464498/,https://creativecommons.org/licenses/by/4.0/,B8E50E8F5F468B28B842C3E3E49D72F285D2EC27EB855D957808DEFE9C4C2E03,data/raw/pmc_oa_v3_source_xml/PMC10464498.xml
