candidate_id,natural_or_constructed,candidate_status,publication_date,citing_pmcid,citing_title,citing_doi,citing_url,citing_license,citing_license_provenance,citing_xml_sha256,citing_context_marked,citing_xml_locator,cited_pmcid,cited_title,cited_doi,cited_url,cited_license,cited_license_provenance,cited_xml_sha256,cited_evidence,evidence_locator,evidence_status,reference_id,overlap_status,source_retrieved_at,annotator_1_label,annotator_1_evidence_status,annotator_1_evidence_locator,annotator_1_reason
PMC-OA-EXP-01,natural,待双方盲标,2021-03-29,PMC8005924,The PRISMA 2020 statement: an updated guideline for reporting systematic reviews,10.1136/bmj.n71,https://pmc.ncbi.nlm.nih.gov/articles/PMC8005924/,https://creativecommons.org/licenses/by/4.0/,xml_url,C5E3B4A1892F0CB97EA0360D5E5B4B51AB4EA8B4E8DDABE7B441B5D464F18758,"Systematic reviews serve many critical roles. They can provide syntheses of the state of knowledge in a field, from which future research priorities can be identified; they can address questions that otherwise could not be answered by individual studies; they can identify problems in primary research that should be rectified in future studies; and they can generate or evaluate theories about how or why phenomena occur. Systematic reviews therefore generate various types of knowledge for different users of reviews (such as patients, healthcare providers, researchers, and policy makers).<OTHER_CITATION:ref1|1> <CITED:PMC6631872|2> To ensure a systematic review is valuable to users, authors should prepare a transparent, complete, and accurate account of why the review was done, what they did (such as how studies were identified and selected) and what they found (such as characteristics of contributing studies and results of meta-analyses). Up-to-date reporting guidance facilitates authors achieving this.<OTHER_CITATION:ref3|3>",PMC fullTextXML; bibliography_xref=ref2; paragraph containing xref,PMC6631872,Clarifying differences between reviews within evidence ecosystems,10.1186/s13643-019-1089-2,https://pmc.ncbi.nlm.nih.gov/articles/PMC6631872/,https://creativecommons.org/licenses/by/4.0/,xml_url,85308F07CB17F08EBA241A2C8C3291FBB9A2FC009F57793A6C73857FA87CEAC8,"This paper builds on a 2012 paper by the same authors which argued that the types and brands of systematic review do not sufficiently differentiate between the many dimensions of different review questions and review methods (Gough et al., Syst Rev 1:28, 2012). The current paper extends this argument by considering the dynamic contexts, or ‘evidence ecosystems’, within which reviews are undertaken; the fact that these ecosystems are constantly changing; and the relevance of this broader context for understanding ‘dimensions of difference’ in the unfolding development and refinement of review methods.The concept of an evidence ecosystem is used to consider particular issues within the three key dimensions of difference outlined in the 2012 paper of (1) review aims and approach, (2) structure and components of reviews, and (3) breadth, depth, and ‘work done’ by reviews.",PMC fullTextXML; PMC6631872; section=ABSTRACT; exact normalized abstract text,被引全文已取得；是否支持施引命题待双方盲标和正文核对,ref2,未在仓库现有候选池或合并试标按 PMCID 检出；完整 split 清单仍需复核,2026-10-08T04:44:43+00:00,NOT_ACCURATE,已定位,PMC fullTextXML; PMC6631872; section=ABSTRACT; exact normalized abstract text,"被引摘要仅讨论系统综述在证据生态系统中的维度差异（review aims, structure, breadth/depth），未直接支持施引'为患者、医疗提供者、研究者、政策制定者等不同用户生成多种类型知识'的具体主张。引用主题相关但命题细节缺乏摘要证据，需正文核对。"
PMC-OA-EXP-02,natural,待双方盲标,2021-03-29,PMC8005924,The PRISMA 2020 statement: an updated guideline for reporting systematic reviews,10.1136/bmj.n71,https://pmc.ncbi.nlm.nih.gov/articles/PMC8005924/,https://creativecommons.org/licenses/by/4.0/,xml_url,C5E3B4A1892F0CB97EA0360D5E5B4B51AB4EA8B4E8DDABE7B441B5D464F18758,"Systematic reviews serve many critical roles. They can provide syntheses of the state of knowledge in a field, from which future research priorities can be identified; they can address questions that otherwise could not be answered by individual studies; they can identify problems in primary research that should be rectified in future studies; and they can generate or evaluate theories about how or why phenomena occur. Systematic reviews therefore generate various types of knowledge for different users of reviews (such as patients, healthcare providers, researchers, and policy makers).<OTHER_CITATION:ref1|1> <OTHER_CITATION:ref2|2> To ensure a systematic review is valuable to users, authors should prepare a transparent, complete, and accurate account of why the review was done, what they did (such as how studies were identified and selected) and what they found (such as characteristics of contributing studies and results of meta-analyses). Up-to-date reporting guidance facilitates authors achieving this.<CITED:PMC6293542|3>",PMC fullTextXML; bibliography_xref=ref3; paragraph containing xref,PMC6293542,Reporting guidelines: doing better for readers,10.1186/s12916-018-1226-0,https://pmc.ncbi.nlm.nih.gov/articles/PMC6293542/,"Open AccessThis article is distributed under the terms of the Creative Commons Attribution 4.0 International License (http://creativecommons.org/licenses/by/4.0/), which permits unrestricted use, distribution, and reproduction in any medium, provided you give appropriate credit to the original author(s) and the source, provide a link to the Creative Commons license, and indicate if changes were made. The Creative Commons Public Domain Dedication waiver (http://creativecommons.org/publicdomain/zero/1.0/) applies to the data made available in this article, unless otherwise stated.",xml_text,AFA86BA16D0991C5188BE5EDAE0DC6DE71CAEAEACCFAE203022E059C842AC07F,"AbstractThere is clear guidance on the responsibilities of editors to ensure that the research they publish is of the highest possible quality. Poor reporting is unethical and directly impacts patient care. Reporting guidelines are a relatively recent development to help improve the accuracy, clarity, and transparency of biomedical publications. They have caught on, with hundreds of reporting guidelines now available. Some journals endorse reporting guidelines while a smaller number have used various approaches to implement them. Yet challenges remain – biomedical research is still not optimally reported despite the abundance of reporting guidelines. Electronic algorithms are now being developed to facilitate the choice of correct reporting guideline(s), while other tools are being integrated into journal editorial management processes. Universities need to consider whether it is responsible to advance careers of faculty based on poorly reported research which is of little societal value. If journals embraced auditing of the quality of articles they publish this would give them and their readers essential feedback from which to improve their product.Keywords: Quality of reporting, EQUATOR, reporting guidelines, evidence, reproducibility, audit and feedback",PMC fullTextXML; PMC6293542; section=ABSTRACT; exact normalized abstract text,被引全文已取得；是否支持施引命题待双方盲标和正文核对,ref3,未在仓库现有候选池或合并试标按 PMCID 检出；完整 split 清单仍需复核,2026-10-08T04:44:43+00:00,ACCURATE,摘要已支持,PMC6293542 ABSTRACT; 首段,"被引摘要明确指出'Reporting guidelines are a relatively recent development to help improve the accuracy, clarity, and transparency of biomedical publications'，直接支持施引'Up-to-date reporting guidance facilitates authors achieving this'（透明、完整、准确报告）的命题。"
PMC-OA-EXP-03,natural,待双方盲标,2021-07-15,PMC8371605,Highly accurate protein structure prediction with AlphaFold,10.1038/s41586-021-03819-2,https://pmc.ncbi.nlm.nih.gov/articles/PMC8371605/,https://creativecommons.org/licenses/by/4.0/,xml_url,A93693B00EE4BA41DA6BC50F04712A66AA1AA2184D3A85B4B68EC7A35757C028,"Proteins are essential to life, and understanding their structure can facilitate a mechanistic understanding of their function. Through an enormous experimental effort<CITED:PMC7333361|1>–<OTHER_CITATION:CR4|4>, the structures of around 100,000 unique proteins have been determined<OTHER_CITATION:CR5|5>, but this represents a small fraction of the billions of known protein sequences<OTHER_CITATION:CR6|6>,<OTHER_CITATION:CR7|7>. Structural coverage is bottlenecked by the months to years of painstaking effort required to determine a single protein structure. Accurate computational approaches are needed to address this gap and to enable large-scale structural bioinformatics. Predicting the three-dimensional structure that a protein will adopt based solely on its amino acid sequence—the structure prediction component of the ‘protein folding problem’<OTHER_CITATION:CR8|8>—has been an important open research problem for more than 50 years<OTHER_CITATION:CR9|9>. Despite recent progress<OTHER_CITATION:CR10|10>–<OTHER_CITATION:CR14|14>, existing methods fall far short of atomic accuracy, especially when no homologous structure is available. Here we provide the first computational method that can regularly predict protein structures with atomic accuracy even in cases in which no similar structure is known. We validated an entirely redesigned version of our neural network-based model, AlphaFold, in the challenging 14th Critical Assessment of protein Structure Prediction (CASP14)<OTHER_CITATION:CR15|15>, demonstrating accuracy competitive with experimental structures in a majority of cases and greatly outperforming other methods. Underpinning the latest version of AlphaFold is a novel machine learning approach that incorporates physical and biological knowledge about protein structure, leveraging multi-sequence alignments, into the design of the deep learning algorithm.",PMC fullTextXML; bibliography_xref=CR1; paragraph containing xref,PMC7333361,Advances in methods for atomic resolution macromolecular structure determination,10.12688/f1000research.25097.1,https://pmc.ncbi.nlm.nih.gov/articles/PMC7333361/,"This is an open access article distributed under the terms of the Creative Commons Attribution Licence, which permits unrestricted use, distribution, and reproduction in any medium, provided the original work is properly cited.",xml_text,810F346CF84CB5A34D3A5B89B9A8AE9E8024E370C0EBAA9A4725F081BDE3FB14,"AbstractRecent technical advances have dramatically increased the power and scope of structural biology. New developments in high-resolution cryo-electron microscopy, serial X-ray crystallography, and electron diffraction have been especially transformative. Here we highlight some of the latest advances and current challenges at the frontiers of atomic resolution methods for elucidating the structures and dynamical properties of macromolecules and their complexes.Keywords: Structural biology, x-ray crystallography, electron microscopy, electron diffraction, computational methods",PMC fullTextXML; PMC7333361; section=ABSTRACT; exact normalized abstract text,被引全文已取得；是否支持施引命题待双方盲标和正文核对,CR1,未在仓库现有候选池或合并试标按 PMCID 检出；完整 split 清单仍需复核,2026-10-08T04:44:43+00:00,ACCURATE,摘要已支持,PMC7333361 ABSTRACT,被引论文是关于原子分辨率大分子结构测定方法（cryo-EM、X射线晶体学、电子衍射）进展的综述，直接支持施引'Through an enormous experimental effort... structures... have been determined'的概括性陈述。引用为范围引用CR1-CR4，被引作为首篇在该范围内具代表性。
PMC-OA-EXP-04,natural,待双方盲标,2021-07-15,PMC8371605,Highly accurate protein structure prediction with AlphaFold,10.1038/s41586-021-03819-2,https://pmc.ncbi.nlm.nih.gov/articles/PMC8371605/,https://creativecommons.org/licenses/by/4.0/,xml_url,A93693B00EE4BA41DA6BC50F04712A66AA1AA2184D3A85B4B68EC7A35757C028,"Proteins are essential to life, and understanding their structure can facilitate a mechanistic understanding of their function. Through an enormous experimental effort<OTHER_CITATION:CR1|1>–<OTHER_CITATION:CR4|4>, the structures of around 100,000 unique proteins have been determined<CITED:PMC6324056|5>, but this represents a small fraction of the billions of known protein sequences<OTHER_CITATION:CR6|6>,<OTHER_CITATION:CR7|7>. Structural coverage is bottlenecked by the months to years of painstaking effort required to determine a single protein structure. Accurate computational approaches are needed to address this gap and to enable large-scale structural bioinformatics. Predicting the three-dimensional structure that a protein will adopt based solely on its amino acid sequence—the structure prediction component of the ‘protein folding problem’<OTHER_CITATION:CR8|8>—has been an important open research problem for more than 50 years<OTHER_CITATION:CR9|9>. Despite recent progress<OTHER_CITATION:CR10|10>–<OTHER_CITATION:CR14|14>, existing methods fall far short of atomic accuracy, especially when no homologous structure is available. Here we provide the first computational method that can regularly predict protein structures with atomic accuracy even in cases in which no similar structure is known. We validated an entirely redesigned version of our neural network-based model, AlphaFold, in the challenging 14th Critical Assessment of protein Structure Prediction (CASP14)<OTHER_CITATION:CR15|15>, demonstrating accuracy competitive with experimental structures in a majority of cases and greatly outperforming other methods. Underpinning the latest version of AlphaFold is a novel machine learning approach that incorporates physical and biological knowledge about protein structure, leveraging multi-sequence alignments, into the design of the deep learning algorithm.",PMC fullTextXML; bibliography_xref=CR5; paragraph containing xref,PMC6324056,Protein Data Bank: the single global archive for 3D macromolecular structure data,10.1093/nar/gky949,https://pmc.ncbi.nlm.nih.gov/articles/PMC6324056/,"This is an Open Access article distributed under the terms of the Creative Commons Attribution License (http://creativecommons.org/licenses/by/4.0/), which permits unrestricted reuse, distribution, and reproduction in any medium, provided the original work is properly cited.",xml_text,1949A3F1E51A99742291F35832C0375EEF5C654B015D81FC5585D011B22E670A,"AbstractThe Protein Data Bank (PDB) is the single global archive of experimentally determined three-dimensional (3D) structure data of biological macromolecules. Since 2003, the PDB has been managed by the Worldwide Protein Data Bank (wwPDB; wwpdb.org), an international consortium that collaboratively oversees deposition, validation, biocuration, and open access dissemination of 3D macromolecular structure data. The PDB Core Archive houses 3D atomic coordinates of more than 144 000 structural models of proteins, DNA/RNA, and their complexes with metals and small molecules and related experimental data and metadata. Structure and experimental data/metadata are also stored in the PDB Core Archive using the readily extensible wwPDB PDBx/mmCIF master data format, which will continue to evolve as data/metadata from new experimental techniques and structure determination methods are incorporated by the wwPDB. Impacts of the recently developed universal wwPDB OneDep deposition/validation/biocuration system and various methods-specific wwPDB Validation Task Forces on improving the quality of structures and data housed in the PDB Core Archive are described together with current challenges and future plans.",PMC fullTextXML; PMC6324056; section=ABSTRACT; exact normalized abstract text,被引全文已取得；是否支持施引命题待双方盲标和正文核对,CR5,未在仓库现有候选池或合并试标按 PMCID 检出；完整 split 清单仍需复核,2026-10-08T04:44:43+00:00,NOT_ACCURATE,已定位,PMC fullTextXML; PMC6324056; section=ABSTRACT; exact normalized abstract text,"被引摘要记载PDB Core Archive存档'more than 144,000 structural models of proteins, DNA/RNA, and their complexes'，与施引'around 100,000 unique proteins'在数量（144k vs 100k）和对象（结构模型/含核酸复合物 vs 独特蛋白质）两方面均不精确匹配。施引的约数表述与被引数据存在偏差。"
PMC-OA-EXP-05,natural,待双方盲标,2018-09-01,PMC6129281,fastp: an ultra-fast all-in-one FASTQ preprocessor,10.1093/bioinformatics/bty560,https://pmc.ncbi.nlm.nih.gov/articles/PMC6129281/,https://creativecommons.org/licenses/by-nc/4.0/,xml_url,1D2CE7AB6EE56D48D912220A4A3AB7C7BD621195DB7A05BC341DD4A20D573560,"Quality control and preprocessing of FASTQ data could be considered resolved given the availability of several relevant tools. For instance, FASTQC (<OTHER_CITATION:bty560-B1|Andrews, 2010>) is a Java-based quality control tool providing per-base and per-read quality profiling features. Cutadapt (<OTHER_CITATION:bty560-B13|Martin, 2011>) is a commonly used adapter trimmer, which also provides some read-filtering features. Trimmomatic (<CITED:PMC4103590|Bolger et al., 2014>), another popular trimming adapter tool, can perform quality pruning using algorithms such as sliding window cutting. SOAPnuke (<OTHER_CITATION:bty560-B6|Chen et al., 2018>) is a recently published tool for adapter trimming and read filtering with the implementation of MapReduce on Hadoop systems.",PMC fullTextXML; bibliography_xref=bty560-B3; paragraph containing xref,PMC4103590,Trimmomatic: a flexible trimmer for Illumina sequence data,10.1093/bioinformatics/btu170,https://pmc.ncbi.nlm.nih.gov/articles/PMC4103590/,"This is an Open Access article distributed under the terms of the Creative Commons Attribution License (http://creativecommons.org/licenses/by/3.0/), which permits unrestricted reuse, distribution, and reproduction in any medium, provided the original work is properly cited.",xml_text,62C59C1013CE4D5ABA1ACEF3276CE9C5D2A7548274DB3812B2F817D30C66D8C0,"AbstractMotivation: Although many next-generation sequencing (NGS) read preprocessing tools already existed, we could not find any tool or combination of tools that met our requirements in terms of flexibility, correct handling of paired-end data and high performance. We have developed Trimmomatic as a more flexible and efficient preprocessing tool, which could correctly handle paired-end data.Results: The value of NGS read preprocessing is demonstrated for both reference-based and reference-free tasks. Trimmomatic is shown to produce output that is at least competitive with, and in many cases superior to, that produced by other tools, in all scenarios tested.Availability and implementation: Trimmomatic is licensed under GPL V3. It is cross-platform (Java 1.5+ required) and available at http://www.usadellab.org/cms/index.php?page=trimmomaticContact: usadel@bio1.rwth-aachen.deSupplementary information: Supplementary data are available at Bioinformatics online.",PMC fullTextXML; PMC4103590; section=ABSTRACT; exact normalized abstract text,被引全文已取得；是否支持施引命题待双方盲标和正文核对,bty560-B3,未在仓库现有候选池或合并试标按 PMCID 检出；完整 split 清单仍需复核,2026-10-08T04:44:43+00:00,NOT_ACCURATE,已定位,PMC fullTextXML; PMC4103590; section=ABSTRACT; exact normalized abstract text,被引摘要仅概括Trimmomatic为'more flexible and efficient preprocessing tool'，能正确处理paired-end data，未提及adapter trimming、quality pruning或sliding window cutting等具体功能描述。施引对Trimmomatic功能的细节描述在摘要中无直接证据，需正文核对。
PMC-OA-EXP-06,natural,待双方盲标,2018-09-01,PMC6129281,fastp: an ultra-fast all-in-one FASTQ preprocessor,10.1093/bioinformatics/bty560,https://pmc.ncbi.nlm.nih.gov/articles/PMC6129281/,https://creativecommons.org/licenses/by-nc/4.0/,xml_url,1D2CE7AB6EE56D48D912220A4A3AB7C7BD621195DB7A05BC341DD4A20D573560,"In the past, multiple tools were employed for FASTQ data quality control and preprocessing. A typical combination was the use of FASTQC for quality control, Cutadapt for adapter trimming and Trimmomatic for read pruning and filtering. The requirement to read and load data multiple times made preprocessing slow and I/O inefficient. Yet the tools must be used in combination because no single tool currently exists that can effectively address all these problems. The authors developed AfterQC (<CITED:PMC5374548|Chen et al., 2017>) to integrate quality control, adapter trimming, data filtering and other useful functions into one tool. AfterQC is a convenient tool that can perform all necessary operations and output HTML-based reports with a single scan of FASTQ files. It also provides a novel algorithm to correct bases by searching for overlapping paired-end reads. However, because AfterQC was developed in Python, it is relatively slow and overly time-consuming when processing large FASTQ files.",PMC fullTextXML; bibliography_xref=bty560-B5; paragraph containing xref,PMC5374548,"AfterQC: automatic filtering, trimming, error removing and quality control for fastq data",10.1186/s12859-017-1469-3,https://pmc.ncbi.nlm.nih.gov/articles/PMC5374548/,https://creativecommons.org/licenses/by/4.0/,xml_url,16F5A28FC4A4B06538FE9C0A0575550EB80CAE3CC4E9F227F1DDF55C8F2FCECE,"BackgroundSome applications, especially those clinical applications requiring high accuracy of sequencing data, usually have to face the troubles caused by unavoidable sequencing errors. Several tools have been proposed to profile the sequencing quality, but few of them can quantify or correct the sequencing errors. This unmet requirement motivated us to develop AfterQC, a tool with functions to profile sequencing errors and correct most of them, plus highly automated quality control and data filtering features. Different from most tools, AfterQC analyses the overlapping of paired sequences for pair-end sequencing data. Based on overlapping analysis, AfterQC can detect and cut adapters, and furthermore it gives a novel function to correct wrong bases in the overlapping regions. Another new feature is to detect and visualise sequencing bubbles, which can be commonly found on the flowcell lanes and may raise sequencing errors. Besides normal per cycle quality and base content plotting, AfterQC also provides features like polyX (a long sub-sequence of a same base X) filtering, automatic trimming and K-MER based strand bias profiling.ResultsFor each single or pair of FastQ files, AfterQC filters out bad reads, detects and eliminates sequencer’s bubble effects, trims reads at front and tail, detects the sequencing errors and corrects part of them, and finally outputs clean data and generates HTML reports with interactive figures. AfterQC can run in batch mode with multiprocess support, it can run with a single FastQ file, a single pair of FastQ files (for pair-end sequencing), or a folder for all included FastQ files to be processed automatically. Based on overlapping analysis, AfterQC can estimate the sequencing error rate and profile the error transform distribution. The results of our error profiling tests show that the error distribution is highly platform dependent.ConclusionMuch more than just another new quality control (QC) tool, AfterQC is able to perform quality control, data filtering, error profiling and base correction automatically. Experimental results show that AfterQC can help to eliminate the sequencing errors for pair-end sequencing data to provide much cleaner outputs, and consequently help to reduce the false-positive variants, especially for the low-frequency somatic mutations. While providing rich configurable options, AfterQC can detect and set all the options automatically and require no argument in most cases.",PMC fullTextXML; PMC5374548; section=ABSTRACT; exact normalized abstract text,被引全文已取得；是否支持施引命题待双方盲标和正文核对,bty560-B5,未在仓库现有候选池或合并试标按 PMCID 检出；完整 split 清单仍需复核,2026-10-08T04:44:43+00:00,ACCURATE,摘要已支持,PMC5374548 ABSTRACT; Results/Conclusion段,"被引论文即AfterQC原始论文，摘要明确记载其整合质量控制、数据过滤、修剪、错误纠正等功能，并可生成交互式HTML报告（'generates HTML reports with interactive figures'），与施引'integrate quality control, adapter trimming, data filtering... output HTML-based reports with a single scan'的陈述完全一致。"
PMC-OA-EXP-07,natural,待双方盲标,2020-02-28,PMC7092819,Clinical Characteristics of Coronavirus Disease 2019 in China,10.1056/NEJMoa2002032,https://pmc.ncbi.nlm.nih.gov/articles/PMC7092819/,"This article is made available via the PMC Open Access Subset for unrestricted re-use, except commercial resale, and analyses in any form or by any means with acknowledgment of the original source. PMC is granted a license to make this article available via PMC and Europe PMC, subject to existing copyright protections.",xml_text,F44ACEE7791FE1CC89F8FD66E7CE6348845C3676EE8A026E00A5CCD6D4D66E5D,"In early December 2019, the first pneumonia cases of unknown origin were identified in Wuhan, the capital city of Hubei province.<CITED:PMC7159299|1> The pathogen has been identified as a novel enveloped RNA betacoronavirus<OTHER_CITATION:r2|2> that has currently been named severe acute respiratory syndrome coronavirus 2 (SARS-CoV-2), which has a phylogenetic similarity to SARS-CoV.<OTHER_CITATION:r3|3> Patients with the infection have been documented both in hospitals and in family settings.<OTHER_CITATION:r4|4-8>",PMC fullTextXML; bibliography_xref=r1; paragraph containing xref,PMC7159299,"Clinical features of patients infected with 2019 novel coronavirus in Wuhan, China",10.1016/S0140-6736(20)30183-5,https://pmc.ncbi.nlm.nih.gov/articles/PMC7159299/,"Since January 2020 Elsevier has created a COVID-19 resource centre with free information in English and Mandarin on the novel coronavirus COVID-19. The COVID-19 resource centre is hosted on Elsevier Connect, the company's public news and information website. Elsevier hereby grants permission to make all its COVID-19-related research that is available on the COVID-19 resource centre - including this research content - immediately available in PubMed Central and other publicly funded repositories, such as the WHO COVID database with rights for unrestricted research re-use and analyses in any form or by any means with acknowledgement of the original source. These permissions are granted for free by Elsevier for as long as the COVID-19 resource centre remains active.",xml_text,A9312BAC9D699021879A9D169C91FCEDDECE0EBBDC823FE671503889DA5449BF,"SummaryBackgroundA recent cluster of pneumonia cases in Wuhan, China, was caused by a novel betacoronavirus, the 2019 novel coronavirus (2019-nCoV). We report the epidemiological, clinical, laboratory, and radiological characteristics and treatment and clinical outcomes of these patients.MethodsAll patients with suspected 2019-nCoV were admitted to a designated hospital in Wuhan. We prospectively collected and analysed data on patients with laboratory-confirmed 2019-nCoV infection by real-time RT-PCR and next-generation sequencing. Data were obtained with standardised data collection forms shared by WHO and the International Severe Acute Respiratory and Emerging Infection Consortium from electronic medical records. Researchers also directly communicated with patients or their families to ascertain epidemiological and symptom data. Outcomes were also compared between patients who had been admitted to the intensive care unit (ICU) and those who had not.FindingsBy Jan 2, 2020, 41 admitted hospital patients had been identified as having laboratory-confirmed 2019-nCoV infection. Most of the infected patients were men (30 [73%] of 41); less than half had underlying diseases (13 [32%]), including diabetes (eight [20%]), hypertension (six [15%]), and cardiovascular disease (six [15%]). Median age was 49·0 years (IQR 41·0–58·0). 27 (66%) of 41 patients had been exposed to Huanan seafood market. One family cluster was found. Common symptoms at onset of illness were fever (40 [98%] of 41 patients), cough (31 [76%]), and myalgia or fatigue (18 [44%]); less common symptoms were sputum production (11 [28%] of 39), headache (three [8%] of 38), haemoptysis (two [5%] of 39), and diarrhoea (one [3%] of 38). Dyspnoea developed in 22 (55%) of 40 patients (median time from illness onset to dyspnoea 8·0 days [IQR 5·0–13·0]). 26 (63%) of 41 patients had lymphopenia. All 41 patients had pneumonia with abnormal findings on chest CT. Complications included acute respiratory distress syndrome (12 [29%]), RNAaemia (six [15%]), acute cardiac injury (five [12%]) and secondary infection (four [10%]). 13 (32%) patients were admitted to an ICU and six (15%) died. Compared with non-ICU patients, ICU patients had higher plasma levels of IL2, IL7, IL10, GSCF, IP10, MCP1, MIP1A, and TNFα.InterpretationThe 2019-nCoV infection caused clusters of severe respiratory illness similar to severe acute respiratory syndrome coronavirus and was associated with ICU admission and high mortality. Major gaps in our knowledge of the origin, epidemiology, duration of human transmission, and clinical spectrum of disease need fulfilment by future studies.FundingMinistry of Science and Technology, Chinese Academy of Medical Sciences, National Natural Science Foundation of China, and Beijing Municipal Science and Technology Commission.",PMC fullTextXML; PMC7159299; section=ABSTRACT; exact normalized abstract text,被引全文已取得；是否支持施引命题待双方盲标和正文核对,r1,未在仓库现有候选池或合并试标按 PMCID 检出；完整 split 清单仍需复核,2026-10-08T04:44:43+00:00,NOT_ACCURATE,已定位,PMC fullTextXML; PMC7159299; section=ABSTRACT; exact normalized abstract text,被引摘要仅称'A recent cluster of pneumonia cases in Wuhan'，未明确确认发病时间为2019年12月初，也未支持'first pneumonia cases'的定性。施引的时间点和'首批'表述在摘要中缺乏直接证据，需正文核对。
PMC-OA-EXP-08,natural,待双方盲标,2020-02-28,PMC7092819,Clinical Characteristics of Coronavirus Disease 2019 in China,10.1056/NEJMoa2002032,https://pmc.ncbi.nlm.nih.gov/articles/PMC7092819/,"This article is made available via the PMC Open Access Subset for unrestricted re-use, except commercial resale, and analyses in any form or by any means with acknowledgment of the original source. PMC is granted a license to make this article available via PMC and Europe PMC, subject to existing copyright protections.",xml_text,F44ACEE7791FE1CC89F8FD66E7CE6348845C3676EE8A026E00A5CCD6D4D66E5D,"In early December 2019, the first pneumonia cases of unknown origin were identified in Wuhan, the capital city of Hubei province.<OTHER_CITATION:r1|1> The pathogen has been identified as a novel enveloped RNA betacoronavirus<CITED:PMC7159086|2> that has currently been named severe acute respiratory syndrome coronavirus 2 (SARS-CoV-2), which has a phylogenetic similarity to SARS-CoV.<OTHER_CITATION:r3|3> Patients with the infection have been documented both in hospitals and in family settings.<OTHER_CITATION:r4|4-8>",PMC fullTextXML; bibliography_xref=r2; paragraph containing xref,PMC7159086,Genomic characterisation and epidemiology of 2019 novel coronavirus: implications for virus origins and receptor binding,10.1016/S0140-6736(20)30251-8,https://pmc.ncbi.nlm.nih.gov/articles/PMC7159086/,"Since January 2020 Elsevier has created a COVID-19 resource centre with free information in English and Mandarin on the novel coronavirus COVID-19. The COVID-19 resource centre is hosted on Elsevier Connect, the company's public news and information website. Elsevier hereby grants permission to make all its COVID-19-related research that is available on the COVID-19 resource centre - including this research content - immediately available in PubMed Central and other publicly funded repositories, such as the WHO COVID database with rights for unrestricted research re-use and analyses in any form or by any means with acknowledgement of the original source. These permissions are granted for free by Elsevier for as long as the COVID-19 resource centre remains active.",xml_text,DBCA0DB1A15C0983A32F10C3013B10E46A0EFF2A00AFEE2F573294B21ECB42F8,"AbstractBackgroundIn late December, 2019, patients presenting with viral pneumonia due to an unidentified microbial agent were reported in Wuhan, China. A novel coronavirus was subsequently identified as the causative pathogen, provisionally named 2019 novel coronavirus (2019-nCoV). As of Jan 26, 2020, more than 2000 cases of 2019-nCoV infection have been confirmed, most of which involved people living in or visiting Wuhan, and human-to-human transmission has been confirmed.MethodsWe did next-generation sequencing of samples from bronchoalveolar lavage fluid and cultured isolates from nine inpatients, eight of whom had visited the Huanan seafood market in Wuhan. Complete and partial 2019-nCoV genome sequences were obtained from these individuals. Viral contigs were connected using Sanger sequencing to obtain the full-length genomes, with the terminal regions determined by rapid amplification of cDNA ends. Phylogenetic analysis of these 2019-nCoV genomes and those of other coronaviruses was used to determine the evolutionary history of the virus and help infer its likely origin. Homology modelling was done to explore the likely receptor-binding properties of the virus.FindingsThe ten genome sequences of 2019-nCoV obtained from the nine patients were extremely similar, exhibiting more than 99·98% sequence identity. Notably, 2019-nCoV was closely related (with 88% identity) to two bat-derived severe acute respiratory syndrome (SARS)-like coronaviruses, bat-SL-CoVZC45 and bat-SL-CoVZXC21, collected in 2018 in Zhoushan, eastern China, but were more distant from SARS-CoV (about 79%) and MERS-CoV (about 50%). Phylogenetic analysis revealed that 2019-nCoV fell within the subgenus Sarbecovirus of the genus Betacoronavirus, with a relatively long branch length to its closest relatives bat-SL-CoVZC45 and bat-SL-CoVZXC21, and was genetically distinct from SARS-CoV. Notably, homology modelling revealed that 2019-nCoV had a similar receptor-binding domain structure to that of SARS-CoV, despite amino acid variation at some key residues.Interpretation2019-nCoV is sufficiently divergent from SARS-CoV to be considered a new human-infecting betacoronavirus. Although our phylogenetic analysis suggests that bats might be the original host of this virus, an animal sold at the seafood market in Wuhan might represent an intermediate host facilitating the emergence of the virus in humans. Importantly, structural analysis suggests that 2019-nCoV might be able to bind to the angiotensin-converting enzyme 2 receptor in humans. The future evolution, adaptation, and spread of this virus warrant urgent investigation.FundingNational Key Research and Development Program of China, National Major Project for Control and Prevention of Infectious Disease in China, Chinese Academy of Sciences, Shandong First Medical University.",PMC fullTextXML; PMC7159086; section=ABSTRACT; exact normalized abstract text,被引全文已取得；是否支持施引命题待双方盲标和正文核对,r2,未在仓库现有候选池或合并试标按 PMCID 检出；完整 split 清单仍需复核,2026-10-08T04:44:43+00:00,ACCURATE,摘要已支持,PMC7159086 ABSTRACT; Findings/Interpretation段,"被引论文即2019-nCoV基因组特征与流行病学研究（Lancet, Zhou et al.），摘要明确将病原体鉴定为属于Betacoronavirus属的新型人感染冠状病毒（'2019-nCoV fell within the subgenus Sarbecovirus of the genus Betacoronavirus'），直接支持施引'novel enveloped RNA betacoronavirus'的陈述。"
PMC-OA-EXP-09,natural,待双方盲标,2020-03-11,PMC7270627,"Clinical course and risk factors for mortality of adult inpatients with COVID-19 in Wuhan, China: a retrospective cohort study",10.1016/S0140-6736(20)30566-3,https://pmc.ncbi.nlm.nih.gov/articles/PMC7270627/,"Since January 2020 Elsevier has created a COVID-19 resource centre with free information in English and Mandarin on the novel coronavirus COVID-19. The COVID-19 resource centre is hosted on Elsevier Connect, the company's public news and information website. Elsevier hereby grants permission to make all its COVID-19-related research that is available on the COVID-19 resource centre - including this research content - immediately available in PubMed Central and other publicly funded repositories, such as the WHO COVID database with rights for unrestricted research re-use and analyses in any form or by any means with acknowledgement of the original source. These permissions are granted for free by Elsevier for as long as the COVID-19 resource centre remains active.",xml_text,0270EE6D7D8C1E815B769D55FBC8A174B293B81DB297750928848B1AB5163E14,"Although the outbreak is likely to have started from a zoonotic transmission event associated with a large seafood market that also traded in live wild animals, it soon became clear that efficient person-to-person transmission was also occurring.<CITED:PMC7121484|4> The clinical spectrum of SARS-CoV-2 infection appears to be wide, encompassing asymptomatic infection, mild upper respiratory tract illness, and severe viral pneumonia with respiratory failure and even death, with many patients being hospitalised with pneumonia in Wuhan.<OTHER_CITATION:bib5|5>, <OTHER_CITATION:bib6|6>, <OTHER_CITATION:bib7|7> Although some case series have been published, many patients in these series remained hospitalised at time of publication. To our knowledge, no previous studies have been done among patients with definite outcomes. The estimation of risk factors for severe disease and death in these earlier case series are therefore not very robust. Additionally, details of the clinical and virological course of illness have not yet been well described.",PMC fullTextXML; bibliography_xref=bib4; paragraph containing xref,PMC7121484,"Early Transmission Dynamics in Wuhan, China, of Novel Coronavirus–Infected Pneumonia",10.1056/NEJMoa2001316,https://pmc.ncbi.nlm.nih.gov/articles/PMC7121484/,http://www.nejmgroup.org/legal/terms-of-use.htm,xml_url,1712C1AEC45306FD0062696D8C5C6CCF2A31B41E73BE40D6B5C4932A80F9043C,"AbstractBackgroundThe initial cases of novel coronavirus (2019-nCoV)–infected pneumonia (NCIP) occurred in Wuhan, Hubei Province, China, in December 2019 and January 2020. We analyzed data on the first 425 confirmed cases in Wuhan to determine the epidemiologic characteristics of NCIP.MethodsWe collected information on demographic characteristics, exposure history, and illness timelines of laboratory-confirmed cases of NCIP that had been reported by January 22, 2020. We described characteristics of the cases and estimated the key epidemiologic time-delay distributions. In the early period of exponential growth, we estimated the epidemic doubling time and the basic reproductive number.ResultsAmong the first 425 patients with confirmed NCIP, the median age was 59 years and 56% were male. The majority of cases (55%) with onset before January 1, 2020, were linked to the Huanan Seafood Wholesale Market, as compared with 8.6% of the subsequent cases. The mean incubation period was 5.2 days (95% confidence interval [CI], 4.1 to 7.0), with the 95th percentile of the distribution at 12.5 days. In its early stages, the epidemic doubled in size every 7.4 days. With a mean serial interval of 7.5 days (95% CI, 5.3 to 19), the basic reproductive number was estimated to be 2.2 (95% CI, 1.4 to 3.9).ConclusionsOn the basis of this information, there is evidence that human-to-human transmission has occurred among close contacts since the middle of December 2019. Considerable efforts to reduce transmission will be required to control outbreaks if similar dynamics apply elsewhere. Measures to prevent or reduce transmission should be implemented in populations at risk. (Funded by the Ministry of Science and Technology of China and others.)",PMC fullTextXML; PMC7121484; section=ABSTRACT; exact normalized abstract text,被引全文已取得；是否支持施引命题待双方盲标和正文核对,bib4,未在仓库现有候选池或合并试标按 PMCID 检出；完整 split 清单仍需复核,2026-10-08T04:44:43+00:00,ACCURATE,摘要已支持,PMC7121484 ABSTRACT; Conclusions段,"被引论文即武汉早期传播动力学研究（NEJM, Li et al.），摘要明确报告'there is evidence that human-to-human transmission has occurred among close contacts since the middle of December 2019'，并估算R0=2.2，直接支持施引'efficiency person-to-person transmission was also occurring'的陈述。"
PMC-OA-EXP-10,natural,待双方盲标,2023-01-01,PMC9825434,The STRING database in 2023: protein–protein association networks and functional enrichment analyses for any sequenced genome of interest,10.1093/nar/gkac1000,https://pmc.ncbi.nlm.nih.gov/articles/PMC9825434/,https://creativecommons.org/licenses/by/4.0/,xml_url,66BC47F18788FC5D28489094EA0A4F137204B519213F0DCA910271FD673FF65D,"A dense network of functional connections among proteins has evolved to support cellular life, forming a multitude of pathways, protein complexes and cellular structures (<OTHER_CITATION:B1|1>,<OTHER_CITATION:B2|2>). Recent developments have further improved our ability to unravel this connectivity, through techniques such as high-throughput genetic screens (<OTHER_CITATION:B3|3–5>), systematic co-fractionation of proteomes (<CITED:PMC8111494|6>,<OTHER_CITATION:B7|7>), in-vivo proteome-wide cross-linking of proteins (<OTHER_CITATION:B8|8–10>), and deep learning-based computational prediction frameworks such as AlphaFold (<OTHER_CITATION:B11|11>,<OTHER_CITATION:B12|12>). These efforts complement earlier results based on focused, small-scale laboratory studies, yeast two-hybrid screens, affinity purifications, co-crystallization and computational prediction algorithms (reviewed in (<OTHER_CITATION:B13|13>)). Together, the many approaches have begun to reveal a large part of the interaction landscape of cellular proteins, but they each have strengths and weaknesses, including potential biases, false negatives and noise. Furthermore, the resulting interaction data is scattered over a number of online resources, and available in varying namespaces and data-formats as well as varying levels of detail.",PMC fullTextXML; bibliography_xref=B6; paragraph containing xref,PMC8111494,"hu.MAP 2.0: integration of over 15,000 proteomic experiments builds a global compendium of human multiprotein assemblies",10.15252/msb.202010016,https://pmc.ncbi.nlm.nih.gov/articles/PMC8111494/,https://creativecommons.org/licenses/by/4.0/,xml_url,0547D31D4893CFE849034BD4D922ADC51634EB2150771F9F15F5E7670C22C74A,"AbstractA general principle of biology is the self‐assembly of proteins into functional complexes. Characterizing their composition is, therefore, required for our understanding of cellular functions. Unfortunately, we lack knowledge of the comprehensive set of identities of protein complexes in human cells. To address this gap, we developed a machine learning framework to identify protein complexes in over 15,000 mass spectrometry experiments which resulted in the identification of nearly 7,000 physical assemblies. We show our resource, hu.MAP 2.0, is more accurate and comprehensive than previous state of the art high‐throughput protein complex resources and gives rise to many new hypotheses, including for 274 completely uncharacterized proteins. Further, we identify 253 promiscuous proteins that participate in multiple complexes pointing to possible moonlighting roles. We have made hu.MAP 2.0 easily searchable in a web interface (http://humap2.proteincomplexes.org/), which will be a valuable resource for researchers across a broad range of interests including systems biology, structural biology, and molecular explanations of disease. Integration of orthogonal high‐throughput mass spectrometry datasets using a machine learning framework reveals nearly 7,000 human protein assemblies and offers insights into novel protein function.",PMC fullTextXML; PMC8111494; section=ABSTRACT; exact normalized abstract text,被引全文已取得；是否支持施引命题待双方盲标和正文核对,B6,未在仓库现有候选池或合并试标按 PMCID 检出；完整 split 清单仍需复核,2026-10-08T05:05:32+00:00,ACCURATE,摘要已支持,PMC8111494 ABSTRACT,"被引论文hu.MAP 2.0整合超过15,000个质谱蛋白质组学实验，鉴定近7,000个人类物理蛋白质复合物，属于基于蛋白质分级分离的大规模系统蛋白质组学方法，直接支持施引'systematic co-fractionation of proteomes'改善蛋白质相互作用网络解析能力的陈述。"
