candidate_id,citing_pmcid,cited_pmcid,citing_xml_sha256_expected,citing_xml_sha256_actual,cited_xml_sha256_expected,cited_xml_sha256_actual,source_sha256_match,citing_context_xml_match,citing_xml_paragraph_1based,cited_evidence_abstract_xml_match,cited_abstract_paragraph_1based,bioc_passage_index_0based,bioc_offset,bioc_match,evidence_status,stable_locator,review_note
PMC-OA-V2-01,PMC13627012,PMC10715499,F92992333EBF802EDFC11D8E3B0790C3B728EA93D3F6417B845FEC56CE933B67,F92992333EBF802EDFC11D8E3B0790C3B728EA93D3F6417B845FEC56CE933B67,B0E94E71DA1EF955F0404E56EA4584E885A5A462D50FF0C6D9978C3BBFD7EB45,B0E94E71DA1EF955F0404E56EA4584E885A5A462D50FF0C6D9978C3BBFD7EB45,是,是,8,是,1,2,137,是,已核对,citing:PMC13627012:xml_p=8; cited:PMC10715499:abstract_p=1; BioC_passage=2; offset=137,
PMC-OA-V2-02,PMC13627012,PMC10715499,F92992333EBF802EDFC11D8E3B0790C3B728EA93D3F6417B845FEC56CE933B67,F92992333EBF802EDFC11D8E3B0790C3B728EA93D3F6417B845FEC56CE933B67,B0E94E71DA1EF955F0404E56EA4584E885A5A462D50FF0C6D9978C3BBFD7EB45,B0E94E71DA1EF955F0404E56EA4584E885A5A462D50FF0C6D9978C3BBFD7EB45,是,是,9,是,1,2,137,是,已核对,citing:PMC13627012:xml_p=9; cited:PMC10715499:abstract_p=1; BioC_passage=2; offset=137,
PMC-OA-V2-03,PMC13627012,PMC5007409,F92992333EBF802EDFC11D8E3B0790C3B728EA93D3F6417B845FEC56CE933B67,F92992333EBF802EDFC11D8E3B0790C3B728EA93D3F6417B845FEC56CE933B67,5F7B9C7EE6800A4235A04E84E0E66FF20C880F9970A58539D16B008E5C49D188,5F7B9C7EE6800A4235A04E84E0E66FF20C880F9970A58539D16B008E5C49D188,是,是,9,是,1,2,135,是,已核对,citing:PMC13627012:xml_p=9; cited:PMC5007409:abstract_p=1; BioC_passage=2; offset=135,
PMC-OA-V2-04,PMC13627012,PMC10850450,F92992333EBF802EDFC11D8E3B0790C3B728EA93D3F6417B845FEC56CE933B67,F92992333EBF802EDFC11D8E3B0790C3B728EA93D3F6417B845FEC56CE933B67,9B1D983A7A23A645D10E51D25705BCBFC1AF0DDD0175CB2E2E5C6E051A36970E,9B1D983A7A23A645D10E51D25705BCBFC1AF0DDD0175CB2E2E5C6E051A36970E,是,是,13,是,1,1,96,是,已核对,citing:PMC13627012:xml_p=13; cited:PMC10850450:abstract_p=1; BioC_passage=1; offset=96,
PMC-OA-V2-05,PMC13626993,PMC11309924,19F779CB197E953D2FE4292E7926669ADBDC1B61FBEAB6A3DD703F82EAD1E7A1,19F779CB197E953D2FE4292E7926669ADBDC1B61FBEAB6A3DD703F82EAD1E7A1,F05BAB6AE59FCB83879D3252F09BFD99128965BB38E674984F9F220EBA061A17,F05BAB6AE59FCB83879D3252F09BFD99128965BB38E674984F9F220EBA061A17,是,是,4,是,1;2,2;3,88;1093,是,已核对,citing:PMC13626993:xml_p=4; cited:PMC11309924:abstract_p=1;2; BioC_passage=2;3; offset=88;1093,被引 evidence 字段跨多个 BioC passage，保留多段定位
PMC-OA-V2-06,PMC13626993,PMC12491465,19F779CB197E953D2FE4292E7926669ADBDC1B61FBEAB6A3DD703F82EAD1E7A1,19F779CB197E953D2FE4292E7926669ADBDC1B61FBEAB6A3DD703F82EAD1E7A1,3AF14372E644E6AC0FBB5F5E31F184E621E57D5DA3AE4BCA3F959BC4907BFF4F,3AF14372E644E6AC0FBB5F5E31F184E621E57D5DA3AE4BCA3F959BC4907BFF4F,是,是,5,是,1,1,103,是,已核对,citing:PMC13626993:xml_p=5; cited:PMC12491465:abstract_p=1; BioC_passage=1; offset=103,
PMC-OA-V2-07,PMC13626993,PMC6709302,19F779CB197E953D2FE4292E7926669ADBDC1B61FBEAB6A3DD703F82EAD1E7A1,19F779CB197E953D2FE4292E7926669ADBDC1B61FBEAB6A3DD703F82EAD1E7A1,3224042ADA327689A9E94BEFC3A4A9D72DC2641C16640C51742869013113759F,3224042ADA327689A9E94BEFC3A4A9D72DC2641C16640C51742869013113759F,是,是,19,是,1,3,68,是,已核对,citing:PMC13626993:xml_p=19; cited:PMC6709302:abstract_p=1; BioC_passage=3; offset=68,
PMC-OA-V2-08,PMC13626993,PMC6709302,19F779CB197E953D2FE4292E7926669ADBDC1B61FBEAB6A3DD703F82EAD1E7A1,19F779CB197E953D2FE4292E7926669ADBDC1B61FBEAB6A3DD703F82EAD1E7A1,3224042ADA327689A9E94BEFC3A4A9D72DC2641C16640C51742869013113759F,3224042ADA327689A9E94BEFC3A4A9D72DC2641C16640C51742869013113759F,是,是,19,是,1,3,68,是,已核对,citing:PMC13626993:xml_p=19; cited:PMC6709302:abstract_p=1; BioC_passage=3; offset=68,
PMC-OA-V2-09,PMC13626999,PMC11984007,E172465602D150C2CF0035AD2BD9EC7D6B05CA810285E157E39587C2CFF256D9,E172465602D150C2CF0035AD2BD9EC7D6B05CA810285E157E39587C2CFF256D9,02088182D21EF32005CD48721432372EA163EC933A4F192BD96816F8170224BC,02088182D21EF32005CD48721432372EA163EC933A4F192BD96816F8170224BC,是,是,2,是,1,2,157,是,已核对,citing:PMC13626999:xml_p=2; cited:PMC11984007:abstract_p=1; BioC_passage=2; offset=157,
PMC-OA-V2-10,PMC13626999,PMC7696452,E172465602D150C2CF0035AD2BD9EC7D6B05CA810285E157E39587C2CFF256D9,E172465602D150C2CF0035AD2BD9EC7D6B05CA810285E157E39587C2CFF256D9,86362B03404A617A45191ED3CC8667D7573FABDD3CA1EBA95DA2BCF7D5421ACE,86362B03404A617A45191ED3CC8667D7573FABDD3CA1EBA95DA2BCF7D5421ACE,是,是,2,是,1,1,119,是,已核对,citing:PMC13626999:xml_p=2; cited:PMC7696452:abstract_p=1; BioC_passage=1; offset=119,
PMC-OA-V2-11,PMC13626999,PMC8793832,E172465602D150C2CF0035AD2BD9EC7D6B05CA810285E157E39587C2CFF256D9,E172465602D150C2CF0035AD2BD9EC7D6B05CA810285E157E39587C2CFF256D9,258F4875A40BC81DB5857056953F6246BF9162533993E7F50B93447314D14429,258F4875A40BC81DB5857056953F6246BF9162533993E7F50B93447314D14429,是,是,2,是,1,1,54,是,已核对,citing:PMC13626999:xml_p=2; cited:PMC8793832:abstract_p=1; BioC_passage=1; offset=54,
PMC-OA-V2-12,PMC13626999,PMC6982324,E172465602D150C2CF0035AD2BD9EC7D6B05CA810285E157E39587C2CFF256D9,E172465602D150C2CF0035AD2BD9EC7D6B05CA810285E157E39587C2CFF256D9,02BFF1BDD73534318E0FBC35D136525253C15F8EF1AEE51702AF01FED1BA5DD8,02BFF1BDD73534318E0FBC35D136525253C15F8EF1AEE51702AF01FED1BA5DD8,是,是,6,是,1,1,76,是,已核对,citing:PMC13626999:xml_p=6; cited:PMC6982324:abstract_p=1; BioC_passage=1; offset=76,
PMC-OA-V2-13,PMC13626999,PMC6982324,E172465602D150C2CF0035AD2BD9EC7D6B05CA810285E157E39587C2CFF256D9,E172465602D150C2CF0035AD2BD9EC7D6B05CA810285E157E39587C2CFF256D9,02BFF1BDD73534318E0FBC35D136525253C15F8EF1AEE51702AF01FED1BA5DD8,02BFF1BDD73534318E0FBC35D136525253C15F8EF1AEE51702AF01FED1BA5DD8,是,是,7,是,1,1,76,是,已核对,citing:PMC13626999:xml_p=7; cited:PMC6982324:abstract_p=1; BioC_passage=1; offset=76,
PMC-OA-V2-14,PMC13626989,PMC12297025,5E871A8A6A549C1C49443CDA88D089134051C79F73D94CAC1B07F7999D79E25F,5E871A8A6A549C1C49443CDA88D089134051C79F73D94CAC1B07F7999D79E25F,5FD3C8C7F06D6D14BD2C49669280BEBA191003E7ED69DC6E19D3758CA173A565,5FD3C8C7F06D6D14BD2C49669280BEBA191003E7ED69DC6E19D3758CA173A565,是,是,6,是,1,1,113,是,已核对,citing:PMC13626989:xml_p=6; cited:PMC12297025:abstract_p=1; BioC_passage=1; offset=113,
PMC-OA-V2-15,PMC13626989,PMC5839013,5E871A8A6A549C1C49443CDA88D089134051C79F73D94CAC1B07F7999D79E25F,5E871A8A6A549C1C49443CDA88D089134051C79F73D94CAC1B07F7999D79E25F,E15FEB3B9C1F214896A9C03EC34708809F3C157C9AACC721973DB4D296BC0BEE,E15FEB3B9C1F214896A9C03EC34708809F3C157C9AACC721973DB4D296BC0BEE,是,是,7,是,1,2,106,是,已核对,citing:PMC13626989:xml_p=7; cited:PMC5839013:abstract_p=1; BioC_passage=2; offset=106,
PMC-OA-V2-16,PMC13626989,PMC7777221,5E871A8A6A549C1C49443CDA88D089134051C79F73D94CAC1B07F7999D79E25F,5E871A8A6A549C1C49443CDA88D089134051C79F73D94CAC1B07F7999D79E25F,21248D3DC1A802C26BD8409E281DE36313F756E9066F5995390A3BDDB668759D,21248D3DC1A802C26BD8409E281DE36313F756E9066F5995390A3BDDB668759D,是,是,7,是,1,1;12,92;2572,是,已核对,citing:PMC13626989:xml_p=7; cited:PMC7777221:abstract_p=1; BioC_passage=1;12; offset=92;2572,被引 evidence 字段跨多个 BioC passage，保留多段定位
PMC-OA-V2-17,PMC13626989,PMC9099525,5E871A8A6A549C1C49443CDA88D089134051C79F73D94CAC1B07F7999D79E25F,5E871A8A6A549C1C49443CDA88D089134051C79F73D94CAC1B07F7999D79E25F,0D9956900CF18BD2E3A5989ADEDCB64DF8CA6072F835E69E1CC76C498841B489,0D9956900CF18BD2E3A5989ADEDCB64DF8CA6072F835E69E1CC76C498841B489,是,是,8,是,1,1,120,是,已核对,citing:PMC13626989:xml_p=8; cited:PMC9099525:abstract_p=1; BioC_passage=1; offset=120,
PMC-OA-V2-18,PMC13626989,PMC9099525,5E871A8A6A549C1C49443CDA88D089134051C79F73D94CAC1B07F7999D79E25F,5E871A8A6A549C1C49443CDA88D089134051C79F73D94CAC1B07F7999D79E25F,0D9956900CF18BD2E3A5989ADEDCB64DF8CA6072F835E69E1CC76C498841B489,0D9956900CF18BD2E3A5989ADEDCB64DF8CA6072F835E69E1CC76C498841B489,是,是,8,是,1,1,120,是,已核对,citing:PMC13626989:xml_p=8; cited:PMC9099525:abstract_p=1; BioC_passage=1; offset=120,
PMC-OA-V2-19,PMC13626989,PMC6837311,5E871A8A6A549C1C49443CDA88D089134051C79F73D94CAC1B07F7999D79E25F,5E871A8A6A549C1C49443CDA88D089134051C79F73D94CAC1B07F7999D79E25F,D8A58212983DA584C443227CDA58E433C5641F0D2AC81CBFF310AED1AA85D25D,D8A58212983DA584C443227CDA58E433C5641F0D2AC81CBFF310AED1AA85D25D,是,是,8,是,1,1,80,是,已核对,citing:PMC13626989:xml_p=8; cited:PMC6837311:abstract_p=1; BioC_passage=1; offset=80,
PMC-OA-V2-20,PMC13626992,PMC11177495,6C22F592A93C88A136F5002076D6F5CE8728E4C1EA295F4DE3B5B7143E2D184A,6C22F592A93C88A136F5002076D6F5CE8728E4C1EA295F4DE3B5B7143E2D184A,297804172E527105EE940E02A952E49FCBAA7821F97C7A80CF577F9B88D3497A,297804172E527105EE940E02A952E49FCBAA7821F97C7A80CF577F9B88D3497A,是,是,6,是,1,1,85,是,已核对,citing:PMC13626992:xml_p=6; cited:PMC11177495:abstract_p=1; BioC_passage=1; offset=85,
