candidate_id,chen_label,chen_evidence_status,chen_evidence_locator,chen_reason,ly_label,ly_evidence_status,ly_evidence_locator,ly_reason,label_agreement,evidence_status_agreement,joint_adjudication_status,joint_label,joint_reason,joint_evidence_status,joint_evidence_locator,adjudication_status,joint_qa_status
PMC-OA-EXP-01,NOT_ACCURATE,已定位,PMC fullTextXML; PMC6631872; section=ABSTRACT; exact normalized abstract text,"被引摘要仅讨论系统综述在证据生态系统中的维度差异（review aims, structure, breadth/depth），未直接支持施引'为患者、医疗提供者、研究者、政策制定者等不同用户生成多种类型知识'的具体主张。引用主题相关但命题细节缺乏摘要证据，需正文核对。",ACCURATE,已定位,"citing: PMC8005924 fullTextXML; reference_id=ref2; paragraph containing exact xref; cited: PMC6631872 fullTextXML; review aims, evidence ecosystems and evidence synthesis discussion",被引文献全文讨论系统综述的目标、方法差异、证据生态和证据综合在决策中的作用，能够支持施引句关于系统综述承担多种知识和决策功能的概括。,否,是,待共同裁决,NOT_ACCURATE,CITED 覆盖的是“系统综述为不同用户（患者、医疗提供者、研究者、政策制定者等）生成多种类型知识”这一具体主张。被引文献主题是综述在证据生态系统中的维度差异、综述方法与结构差异，未直接支持该具体用户分类和知识类型列举。全文讨论证据生态和决策作用，不等于支持“为这些具体用户生成多种知识”的完整主张。,部分支持，待正文核对,PMC6631872 ABSTRACT; review aims/evidence ecosystems讨论,已共同裁决,需澄清：evidence_status含“待正文核对”，但adjudication_status为已共同裁决
PMC-OA-EXP-02,ACCURATE,摘要已支持,PMC6293542 ABSTRACT; 首段,"被引摘要明确指出'Reporting guidelines are a relatively recent development to help improve the accuracy, clarity, and transparency of biomedical publications'，直接支持施引'Up-to-date reporting guidance facilitates authors achieving this'（透明、完整、准确报告）的命题。",ACCURATE,已定位,citing: PMC8005924 fullTextXML; reference_id=ref3; paragraph containing exact xref; cited: PMC6293542 fullTextXML; abstract and reporting-guidance discussion,被引文献明确讨论报告指南、准确性、透明性、完整性和可复现性，与施引句关于系统综述应完整准确报告研究过程和结果的主张直接一致。,是,否,待共同裁决,,,,,,双方标签一致；共同字段尚未填写
PMC-OA-EXP-03,ACCURATE,摘要已支持,PMC7333361 ABSTRACT,被引论文是关于原子分辨率大分子结构测定方法（cryo-EM、X射线晶体学、电子衍射）进展的综述，直接支持施引'Through an enormous experimental effort... structures... have been determined'的概括性陈述。引用为范围引用CR1-CR4，被引作为首篇在该范围内具代表性。,NOT_ACCURATE,已定位,citing: PMC8371605 fullTextXML; reference_id=CR1; paragraph containing exact xref; cited: PMC7333361 fullTextXML; abstract and structural-methods review,被引文献讨论原子分辨率结构测定方法和技术进展，但未直接给出施引句中的“约 10 万个独特蛋白结构”及“数十亿已知蛋白序列”这组数量主张；主题相关但证据不足。,否,否,待共同裁决,ACCURATE,"CITED 只覆盖“Through an enormous experimental effort”，后面的“约 100,000 个独特蛋白结构”由 OTHER_CITATION:CR5（PDB）支持，不归 PMC7333361。被引文献是原子分辨率结构测定方法进展综述，支持“通过巨大实验努力”这一分句。不能因为该文献未给数量而判 NOT_ACCURATE。",摘要已支持,PMC7333361 ABSTRACT,已共同裁决,回传完整，待最终格式核验
PMC-OA-EXP-04,NOT_ACCURATE,已定位,PMC fullTextXML; PMC6324056; section=ABSTRACT; exact normalized abstract text,"被引摘要记载PDB Core Archive存档'more than 144,000 structural models of proteins, DNA/RNA, and their complexes'，与施引'around 100,000 unique proteins'在数量（144k vs 100k）和对象（结构模型/含核酸复合物 vs 独特蛋白质）两方面均不精确匹配。施引的约数表述与被引数据存在偏差。",NOT_ACCURATE,已定位,citing: PMC8371605 fullTextXML; reference_id=CR5; paragraph containing exact xref; cited: PMC6324056 fullTextXML; abstract and PDB archive description,被引文献支持 PDB 保存大量实验结构并报告超过 144000 个结构模型，但没有支持施引句所称“约 10 万个独特蛋白”及“数十亿蛋白序列”的完整表述；主题相关但数量和对象不一致。,是,是,待确认,,,,,,双方标签一致；共同字段尚未填写
PMC-OA-EXP-05,NOT_ACCURATE,已定位,PMC fullTextXML; PMC4103590; section=ABSTRACT; exact normalized abstract text,被引摘要仅概括Trimmomatic为'more flexible and efficient preprocessing tool'，能正确处理paired-end data，未提及adapter trimming、quality pruning或sliding window cutting等具体功能描述。施引对Trimmomatic功能的细节描述在摘要中无直接证据，需正文核对。,ACCURATE,已定位,citing: PMC6129281 fullTextXML; reference_id=bty560-B3; paragraph containing exact xref; cited: PMC4103590 fullTextXML; quality-filtering and sliding-window sections,被引文献明确说明 Trimmomatic 可进行质量过滤和滑动窗口剪切，直接支持施引句对其修剪和质量处理功能的描述。,否,是,待共同裁决,ACCURATE,按全文核对，Trimmomatic 确实支持 adapter trimming、quality pruning 和 sliding window cutting。CITED 覆盖整句对 Trimmomatic 功能的具体描述，全文证据支持。若只依据摘要，则摘要未列这些细节；但本次按全文裁决，应改 ACCURATE,全文已支持,PMC4103590 全文; quality trimming/sliding window sections,已共同裁决,回传完整，待最终格式核验
PMC-OA-EXP-06,ACCURATE,摘要已支持,PMC5374548 ABSTRACT; Results/Conclusion段,"被引论文即AfterQC原始论文，摘要明确记载其整合质量控制、数据过滤、修剪、错误纠正等功能，并可生成交互式HTML报告（'generates HTML reports with interactive figures'），与施引'integrate quality control, adapter trimming, data filtering... output HTML-based reports with a single scan'的陈述完全一致。",ACCURATE,已定位,citing: PMC6129281 fullTextXML; reference_id=bty560-B5; paragraph containing exact xref; cited: PMC5374548 fullTextXML; abstract and methods,被引文献明确介绍 AfterQC 的质量控制、过滤、接头切除、重叠分析和碱基校正功能，支持施引句对其用途和特点的概括。,是,否,待共同裁决,,,,,,双方标签一致；共同字段尚未填写
PMC-OA-EXP-07,NOT_ACCURATE,已定位,PMC fullTextXML; PMC7159299; section=ABSTRACT; exact normalized abstract text,被引摘要仅称'A recent cluster of pneumonia cases in Wuhan'，未明确确认发病时间为2019年12月初，也未支持'first pneumonia cases'的定性。施引的时间点和'首批'表述在摘要中缺乏直接证据，需正文核对。,ACCURATE,已定位,citing: PMC7092819 fullTextXML; reference_id=r1; paragraph containing exact xref; cited: PMC7159299 fullTextXML; abstract and early-case description,被引文献明确报告武汉早期不明原因肺炎病例、2019-nCoV 以及患者临床和流行病学特征，支持施引句关于武汉早期病例的陈述。,否,是,待共同裁决,ACCURATE,"被引文献是武汉早期 COVID-19 病例的临床特征研究，全文报告了 2019 年 12 月武汉不明原因肺炎早期病例。CITED 覆盖“In early December 2019, the first pneumonia cases of unknown origin were identified in Wuhan”，与该文献的早期病例描述一致。若严格限定“first”为全球首例，则需额外史源；但按引用语境和全文早期病例报告，可支持。",摘要已支持,PMC7159299 ABSTRACT; Background/Findings段,已共同裁决,需补精确全文定位：理由使用全文，但locator仍混合摘要/笼统段名
PMC-OA-EXP-08,ACCURATE,摘要已支持,PMC7159086 ABSTRACT; Findings/Interpretation段,"被引论文即2019-nCoV基因组特征与流行病学研究（Lancet, Zhou et al.），摘要明确将病原体鉴定为属于Betacoronavirus属的新型人感染冠状病毒（'2019-nCoV fell within the subgenus Sarbecovirus of the genus Betacoronavirus'），直接支持施引'novel enveloped RNA betacoronavirus'的陈述。",ACCURATE,已定位,citing: PMC7092819 fullTextXML; reference_id=r2; paragraph containing exact xref; cited: PMC7159086 fullTextXML; abstract and genomic-characterisation discussion,被引文献明确报告新型人感染 betacoronavirus、2019-nCoV 的基因组特征、与 SARS-like 病毒的相似性及人际传播，支持施引句的病原体和系统发育概括。,是,否,待共同裁决,,,,,,双方标签一致；共同字段尚未填写
PMC-OA-EXP-09,ACCURATE,摘要已支持,PMC7121484 ABSTRACT; Conclusions段,"被引论文即武汉早期传播动力学研究（NEJM, Li et al.），摘要明确报告'there is evidence that human-to-human transmission has occurred among close contacts since the middle of December 2019'，并估算R0=2.2，直接支持施引'efficiency person-to-person transmission was also occurring'的陈述。",ACCURATE,已定位,citing: PMC7270627 fullTextXML; reference_id=bib4; paragraph containing exact xref; cited: PMC7121484 fullTextXML; abstract and transmission-dynamics discussion,被引文献明确给出近距离接触中的人际传播证据和传播动力学，直接支持施引句关于出现有效人际传播的判断。,是,否,待共同裁决,,,,,,双方标签一致；共同字段尚未填写
PMC-OA-EXP-10,ACCURATE,摘要已支持,PMC8111494 ABSTRACT,"被引论文hu.MAP 2.0整合超过15,000个质谱蛋白质组学实验，鉴定近7,000个人类物理蛋白质复合物，属于基于蛋白质分级分离的大规模系统蛋白质组学方法，直接支持施引'systematic co-fractionation of proteomes'改善蛋白质相互作用网络解析能力的陈述。",ACCURATE,已定位,citing: PMC9825434 fullTextXML; reference_id=B6; paragraph containing exact xref; cited: PMC8111494 fullTextXML; abstract and co-fractionation methods discussion,被引文献明确说明整合包括 co-fractionation mass spectrometry 在内的多种蛋白互作数据，支持施引句关于系统性 co-fractionation 和蛋白互作网络研究的描述。,是,否,待共同裁决,,,,,,双方标签一致；共同字段尚未填写
