claim_id,claim,model_ev,locator_check,evidence_valid,stable_locator,review_reason,reviewer_id,reviewed_at
146,Reduced ACE2 and TMPRSS2 expression were also reported in sputum samples of asthmatics who were on prolonged used of inhaled corticosteroids (<|cit|>).,[d22051#2] ACE2 (angiotensin-converting enzyme 2) and TMPRSS2 (transmembrane protease serine 2) are statistically significantly lower in patients on inhaled corticosteroids than in the control group of subjects not on inhaled corticosteroids.,,,,,,
292,"Since the start of the coronavirus pandemic (COVID-19), it has been affecting health, societies and economies (<|multi_cit|>).",[d23009#4] No SARS-CoV infection has been reported since 2004.,,,,,,
555,"In a study involving Black persons living with HIV, half of the participants perceived the COVID-19 vaccine as harmful and were worried about the safety of the vaccine [<|cit|>].","[d37043#3] More than half of participants showed hesitancy regarding a COVID-19 future vaccine or treatment across the items, with about a third saying they would not get vaccinated or treated.",,,,,,
358,"Rapamycin induced inhibition of mTORC1 has also been shown to decrease beta-amyloid expression by increasing the rate of autophagy [<|multi_cit|>,2","[d2020#2] Moreover, rapamycin-induced autophagy has been implicated in the regulation of amyloid accumulation in vivo [26] and in the clearance of huntingtin[21], [40] and α-synuclein[41].",,,,,,
526,"The HIV-stimulated IFN response in Trex1-/- cells can be dampened by reverse transcriptase inhibitor (e.g., nevirapine) but not by integrase inhibitor (e.g., raltegravir), consistent with HIV DNA being the main pathogen associated molecular pattern (PAMP) detected by an innate immune sensor (<|cit|>).","[d3037#0] HIV-stimulated IFN activation in Trex1−/− cells is eliminated by treating infected cells with an RT inhibitor, but not an IN inhibitor, suggesting that HIV DNA, but not gRNA, is the nucleic acid that triggers innate immunity.",,,,,,
353,the activation of mTOR is likely to promote Aβ production.<|multi_cit|>,"[d2021#6] It is possible that the activation of autophagy as a response to Aβ accumulation is reduced with increasing age[47], [48].",,,,,,
364,"Some good examples so far include coordination activities, such as the COVID-MINDS Network (<|other_cit|>), the NIHR COVID-19 and Mental Health Studies Register (<|other_cit|>), and the COVID-19 Suicide Prevention Research Collaboration (<|cit|>)",[d25018#0] COVID-19 Suicide Prevention Research Collaboration:,,,,,,
254,"Some studies observed decreases in alcohol binge drinking<|other_cit|>, frequency of skipping breakfast5, decreases in eating fried foods5, meals eaten in restaurants5,<|other_cit|> and from fast food<|multi_cit|>","[d32044#3] Positive reported eating behavior changes included a lower frequency of breakfast skipping, a lower frequency of eating four or more meals at a restaurant, a lower frequency of eating two or more meals from fast food, a lower frequency of consuming fried foods, and an increased frequency of eating fruit.",,,,,,
107,"We next designed a series of immunization regimens that we hypothesized would i) allow direct comparison of protective efficacy of single-shot versus two-dose prime-boost schedules, and ii) generate a range of binding and neutralizing antibody responses that could enable analyses of correlates of protection following challenge [<|multi_cit|>].",[d29031#3] Future studies could also be designed to evaluate the potential protective efficacy of cellular immune responses in the absence of antibody responses.,,,,,,
229,"time spent or metabolic equivalent (MET) in PA pre and during COVID-19. All but one study [<|other_cit|>] reported a decrease in time or METs, with eight studies [<|multi_cit|>] reporting this decrease was statistically significant.",[d32031#5] Intensity‐adjusted physical activity was computed by multiplying the time spent in each activity by the corresponding MET value.,,,,,,
263,"In the United States before and during the initial peak of the COVID-19 pandemic, cooking meals at home increased from 4.49 to 5.18 days per week [<|cit|>].","[d32044#1] Eating meals from restaurants and consuming preprepared food declined from 1.98 times per week to 1.08 times per week (P < 0.001), while cooking meals at home increased from 4.49 to 5.18 days per week (P < 0.001).",,,,,,
88,"he CCCP-stabilized form of PINK1 that localizes to the outer mitochondrial membrane facing the cytosol (<|cit|>), the 60-kD ΔMTS-PINK1, which appears in the absence of PARL, and the 52-kD PINK1 are protease-protected within polarized mitochondria (<|other_cit|>)","[d1049#3] We found that FRB-PINK1Δ1-110-YFP is in the cytosol in the absence of AP21967, but is quickly recruited to the outer mitochondrial membrane following the addition of AP21967 (Figure S4B and S4C).",,,,,,
509,"HIV not only exploits many host factors for the successful completion of the life cycle (<|other_cit|>), it also exploits several key host factors that are critical for subversion of innate immune responses in target cells (<|multi_cit|>;",[d3032#10] (c) Innate immune factors involved in HIV-stimulated IFN response do not affect HIV DNA accumulation.,,,,,,
583,"During the COVID-19 pandemic, several studies have evaluated the impact of lockdown on many aspects of lifestyle. [<|multi_cit|>].","[d33000#0] Effects of COVID‐19 Lockdown on Lifestyle Behaviors in Children with Obesity Living in Verona, Italy: A Longitudinal Study",,,,,,
139,A recent passive immunization study in nonhuman primates suggested that high-level neutralizing humoral immunity may not be essential for protection against SARS-CoV-2 disease (<|cit|>).,"[d29001#1] However, the importance of humoral and cellular immunity for protection against SARS-CoV-2 infection remains to be determined.",,,,,,
540,"participants in the Bogart et al. study showed high rates of COVID-19 mistrust and hesitancy related to future vaccines [17]. Nearly all (97%) Black participants validated one mistrust belief, with the most being mistrust due to the government withholding of information concerning COVID-19 [<|cit|>].","[d37006#0] Nearly all participants (97%) endorsed at least one general COVID-19 mistrust belief, and more than half endorsed at least one COVID-19 vaccine or treatment hesitancy belief.",,,,,,
208,"A recent study showed that individuals with substance use disorders are also at increased risk of COVID-19 infection, hospitalization, and death<|multi_cit|>.","[d28004#3] To the extent that chronic use of tobacco, alcohol and other drugs is associated with cardiovascular (arrhythmias, cardiac insufficiency, and myocardial infarction), pulmonary (COPD, pulmonary hypertension), and metabolic diseases (diabetes, hypertension) [6–10] all of which are risk factors for COVID-19 infection and for worse outcomes [11–13] one can also predict that individuals with SUD including OUD would be at increased risk for adverse COVID-19 outcomes [2].",,,,,,
327,Decreased mTOR signaling leads to reduction in levels of Aβ (<|multi_cit|>),"[d2021#0] The data presented here are, to our knowledge, the first to show that inhibition of mTOR by rapamycin decreased Aβ42 levels ( Fig. 2 ) and rescued cognitive function ( Fig. 1 ) in a mouse model of AD.",,,,,,
420,Potential beneficial effects of TNFi have also been described in patients with COVID-19 with inflammatory bowel disease.<|cit|>,"[d34078#1] Higher baseline TNF levels have been associated with an increased risk of death in COVID-19, and the use of TNF antagonists as a COVID-19 treatment has been advocated by some experts in order to blunt the robust inflammatory response seen in severe disease.15 22",,,,,,
395,SECURE-IBD is a physician self-report database that collects information on global cases of COVID-19 occurring in people with IBD (<|multi_cit|>).,[d34025#0] The SECURE-IBD database (www.covidibd.org) was created to monitor outcomes of COVID-19 occurring in paediatric and adult patients with IBD.,,,,,,
451,Recent advances in the field suggest that breast tumors belonging to the claudin-low and basal-like intrinsic subtypes are particularly enriched in TIC cell signatures [<|multi_cit|>].,"[d5066#4] Thus, our data suggest that claudin-low tumors, compared with the other intrinsic breast tumor subtypes, are the most enriched for stem cell and/or TIC features, and on the basis of our vimentin immunofluorescence staining, it appears that these mesenchymal features are present within epithelial cells, which is a feature not seen in normal breast tissues.",,,,,,
468,"Voineagu et al.[<|cit|>], who, included in their expression profiling study, used the AGRE data to perform an analysis searching for evidence of a genetic enrichment of immune loci.",[d9030#0] A. GWAS set enrichment analysis using the discovery AGRE cohort from Wang et al.27,,,,,,
443,The MDA-MB-231 cell line used in this study was originally described as Basal B and has been recently characterized as Claudin-low <|multi_cit|>.,"[d5053#6] Except for the nine claudin-low cell lines, we used the subtype calls (luminal [L] and basal [B]) as reported in Neve et al. [21].",,,,,,
218,"Other research reports similar variability in COVID-19-related changes to diet, with some individuals reporting healthy dietary changes and other reporting shifts to unhealthy patterns of intake [<|multi_cit|>].","[d32022#1] Temporary closure to places of employment, restaurants, fitness facilities, and other public places has forced abrupt changes to habitual dietary and physical activity patterns.",,,,,,
173,"asthma would not seem a risk factor for COVID-19 either in childhood or in adulthood (<|multi_cit|>,","[d22056#1] This finding is interesting, because diabetes is a risk factor for severe morbidity or death from COVID-19 (1).",,,,,,
60,the full-length transmembrane ACE2 corresponds to 96–98% of the total amount of ACE2 even when shedding is enhanced [<|cit|>],"[d36011#6] However, given that by far the majority of ACE2 is membrane-bound, even a doubling is unlikely to significantly alter the amount of membrane-bound ACE2.",,,,,,
90,PINK1 and Parkin have also been suggested to collaborate to form a mitochondrial quality control system <|multi_cit|>.,[d1081#0] PINK1 and Parkin are a significant cause of autosomal recessive parkinsonism and have been genetically linked to a pathway that protects against progressive mitochondrial damage and dysfunction.,,,,,,
122,CD8 depletion studies in non-human primate (NHP) challenge studies suggest T cells also play a protective role especially when antibody levels are low<|multi_cit|>,[d29029#2] CD8 depletion studies also showed that cellular immunity can contribute to protection against SARS-CoV-2 re-challenge in convalescent macaques with waning antibody titers.,,,,,,
362,"concern for rising numbers of violence-related injuries,<|other_cit|> increased social isolation, and prevalence of mental health problems,<|multi_cit|>","[d25014#2] Other concerns in these settings include social effects of banning religious gatherings and funerals, interpersonal violence, and vulnerable migrant workers.",,,,,,
440,High CD44high/CD24- ratios have been associated with the claudin-low breast cancer subtype [<|multi_cit|>].,"[d5038#2] The expression pattern of these gene markers is concordant with CD44+/CD24-/low and CD49f+/EpCAM-/low antigenic phenotypes, which have been previously shown to be enriched in breast TICs [32,33] and mammary stem cells (MaSCs) [24].",,,,,,
141,it has previously been reported that IgG was sufficient for protection against homologous SARS-CoV-2 challenge in macaques and that CD8 T cell responses also contributed to protection if antibody titres were subprotective<|cit|>,"[d29001#4] These data demonstrate that relatively low antibody titers are sufficient for protection against SARS-CoV-2 in rhesus macaques, and that cellular immune responses may also contribute to protection if antibody responses are suboptimal.",,,,,,
404,"In patients with stable disease, a de-escalation of combination therapy with thiopurine and anti-TNF should be considered[<|cit|>].",[d34030#4] Combination therapy was considered coprescription of a TNF antagonist with a thiopurine.,,,,,,
473,differentially expressed genes implicated recently by Voineagu et al. <|cit|>.,"[d9022#5] Among these, 36 had been defined by Zhang et al.19",,,,,,
154,"These reported discrepancies may be attributable to the overall under-diagnosis of CRDs, some level of protection provided by atopy [<|other_cit|>], or the use of inhaled corticosteroids [<|cit|>].","[d22058#3] The lack of agreement for the effects of inhaled versus systemic corticosteroids and SARS-CoV-2 genes in the SARP-3 cohort may be explained by multiple factors, including the possibility that the time point chosen for assessing the effects of TA on sputum cell gene expression was not optimal for the detection of any effect of TA on ACE2 or TMPRSS2 gene expression in lung cells.",,,,,,
437,"CD44+/CD24- is considered a cancer stem cell or tumor initiating cell signature, and high CD44/CD24 ratios are characteristic of aggressive Claudin-low tumors and cell lines <|cit|>.","[d5005#4] More recently, a tumor initiating cell (TIC) genomic signature derived from CD44+/CD24-/low-sorted cells and mammospheres obtained from primary human breast tumors was found to be exclusively enriched by gene expression in the claudin-low subtype [6,7], and the expression of this CD44+/CD24-/low/claudin-low profile increased in posttreatment samples after neoadjuvant chemotherapy or hormone therapy [7].",,,,,,
75,"mitochondrial stress, such as exposure to membrane potential inhibitors, initiates the PINK1/Parkin mitophagy pathway <|multi_cit|>.",[d1071#3] That inhibition of PINK1 cleavage by mitochondrial depolarization up-regulates the PINK1/Parkin mitophagy pathway also raises the possibility that inhibitors of PINK1's protease might up-regulate the pathway and have some therapeutic benefit.,,,,,,
54,"as proposed by several recent published authoritative reviews and research, studies on the association between RAAS inhibition therapy and treatment outcomes in COVID-19 patients are urgently needed [<|multi_cit|>]","[d36013#5] AT1 receptor blockers (ARBs) alter ACE2 expression more consistently in several studies, both at the mRNA and protein level.19–21",,,,,,
134,"correlate of protection (CoP), a measurable immune response (often nAb titer) predictive of protection, as has been demonstrated for some licensed vaccines<|other_cit|>. As of October 2021, both meta-analyses and prospective case–cohort sampling analyses have found a strong correlation between nAb titers and protection against COVID-19<|other_cit|>. This is underpinned by passive immunization and preclinical vaccine efficacy studies in nonhuman primates (NHPs) that similarly support nAb as a CoP<|multi_cit|>","[d29003#1] Both neutralizing antibody (NAb) titers as well as Fc functional antibody responses correlated with protection4,5, but direct data demonstrating the immunologic determinants of protection have been lacking.",,,,,,
196,"Due to their high prevalence of chronic diseases [<|cit|>], homelessness [<|other_cit|>], food insecurity [<|other_cit|>], frequent incarceration [<|other_cit|>], and behavioral risk factors (e.g., engaging in sex work, sharing needles with others) [<|other_cit|>], PWID are at elevated risk for SARS-CoV-2 infection and developing severe symptoms [14, <|other_cit|>].","[d28044#5] Other factors including access to healthcare, socioeconomic status and other social adversity components may have contributed negatively to their increased risk of COVID-19 as well as to the adverse outcomes.",,,,,,
12,"ABCA7, a novel AD risk locus gene <|multi_cit|>","[d4006#5] identified SNPs at ABCA7 as a novel LOAD locus, we included ABCA7 region SNPs in Stage 2 and provided the results to Hollingworth et al.12.",,,,,,
391,"individuals with IBD receiving immunosuppressive medications may be at higher risk of contracting severe COVID-19 than the general public (<|multi_cit|>,","[d34022#2] However, it is also possible that immunosuppressive medications may be associated with a decreased risk of adverse COVID-19 outcomes by limiting the cytokine storm characteristic of severe COVID-19.15 16",,,,,,
199,"we found that injection drug use [<|cit|>], problematic alcohol use, schizophrenia and psychotic disorders [<|other_cit|>] as well as intellectual and developmental disability were independently associated with higher risk of hospitalization","[d28049#3] Second, due to limited sample sizes for COVID-19 cases among patients with SUD (1880 cases for all SUD and 210 for OUD), the large number of SUD-associated comorbidities, as well as inter-dependency among comorbidities (e.g., diabetes, hypertension, and obesity), we are currently unable to control for these comorbidities as well as their associated medications, behaviors and other socioeconomic factors in order to assess the direct effects of addictive drugs or of SUD as a disease entity on COVID-19 risk.",,,,,,
155,"ICS may decrease both ACE2 and TMPRSS2 gene expression on respiratory epithelial cells, decreasing susceptibility of SARS-Cov-2 viral binding to receptors on respiratory epithelium.<|multi_cit|>","[d22057#0] TMPRSS2 is a transmembrane protease that modifies spike proteins in multiple viruses—including SARS-CoV, SARS-CoV-2, Middle East Respiratory Syndrome–CoV, and influenza A and B—to promote viral infection and spread (3).",,,,,,
322,"effects of the coronavirus epidemic and the quarantine such as stress, confusion, and anger has been reported by the research (<|other_cit|>). Other psychological and social effects include social isolation, financial insecurity, job loss, and childcare challenges. Social health is the ability to perform effectively and efficiently social roles without harming others. It is associated with social skills, social performance, and the ability to recognize oneself as a member of a larger community (<|other_cit|>). However, the effects have not only been limited to psychological problems and the disease has also led to poverty and social welfare problems (<|other_cit|>), physical health problems and heart disease (<|other_cit|>), educational problems (<|other_cit|>), and nutritional problems (<|cit|>).","[d30007#3] Furthermore, there is a well-known association between pathological levels of neuroinflammation and neurodegenerative diseases such as Alzheimer’s and other forms of dementia.",,,,,,
466,"The comparison of findings between the present study and Voineagu et al. <|cit|>, have identified potential functional genomic abnormalities in autism, biological validation requires postmo","[d9027#2] The RNA-Seq data thus provides validation of the functional groups of genes identified by co-expression analysis, and evidence for a convergence of transcriptional and alternative-splicing abnormalities in the synaptic and signaling pathogenesis of ASD.",,,,,,
149,"Moreover, a study examining the relation between increase the in gene expression of ACE 2 and TMPRSS 2 is related to increased symptoms severity in COVID-19, in the meantime African Americans show and increased gene expression of ACE2 and TRPSS2 putting them at a higher risk with COVID-19 infections (<|cit|>).","[d22056#3] The higher expression of ACE2 in African Americans is also noteworthy, because COVID-19 outcomes in African Americans, Africans, or other persons of African descent have not yet been reported in any detail.",,,,,,
528,"In the absence of TREX1, HIV infection triggers a robust type I IFN response strictly dependent upon the cytosolic DNA sensing pathway, including the endoplasmic reticulum (ER) localized adaptor stimulator of interferon genes (STING), TANK-binding kinase 1 (TBK1), and the transcription factor interferon regulatory factor 3 (IRF3) (<|cit|>)","[d3003#9] TREX1 binds to transfected immunostimulatory DNA (ISD), and Trex1−/− cells accumulate cytoplasmic DNA derived from endogenous retroelements, which activates interferon regulatory factor 3 (IRF3)-dependent IFN expression6,7.",,,,,,
533,"a significant proportion of participants, over forty percent, did agree with at least one mistrust item, and one in four participants agreed or strongly agreed that information about coronavirus was being withheld from the public, which was also common among Black Americans living with HIV [<|cit|>]","[d37006#0] Nearly all participants (97%) endorsed at least one general COVID-19 mistrust belief, and more than half endorsed at least one COVID-19 vaccine or treatment hesitancy belief.",,,,,,
592,"A recently published Italian study found that the intakes of potato chips, red meat, and sugary drinks increased significantly during the lockdown [<|cit|>].","[d33035#3] Potato chips, red meat, and sugary drink intakes all increased significantly (P = 0.005 to < 0.001) during the lockdown.",,,,,,
245,"More than two thirds of the participants reported increasing their sedentary behavior during shelter-in-place, a finding replicated in the U.S. [<|multi_cit|>]","[d32029#4] The topics included the following: breakfast skipping; consuming less than two fruits and vegetables per day; eating four or more meals from a sit‐down or takeout restaurant; eating fast food two or more times; eating fried foods; eating sweets, and desserts; and drinking more than 16 ounces of sugar‐sweetened beverages.",,,,,,
335,"rapamycin reduces soluble Aβ and tau pathology and the associated early cognitive deficits in 6-month-old transgenic mice <|multi_cit|>,",[d2000#0] # Inhibition of mTOR by Rapamycin Abolishes Cognitive Deficits and Reduces Amyloid-β Levels in a Mouse Model of Alzheimer's Disease,,,,,,
347,"In two independent mouse models of AD, rapamycin, through inhibition of mTOR signaling, rescued cognitive deficits by suppressing extracellular Aβ deposition and intracellular tau accumulation [<|multi_cit|>].",[d2000#0] # Inhibition of mTOR by Rapamycin Abolishes Cognitive Deficits and Reduces Amyloid-β Levels in a Mouse Model of Alzheimer's Disease,,,,,,
342,recent publications indicate that pharmacological stimulation of autophagy can be beneficial and reduce Aβ mediated toxicity <|multi_cit|>.,[d2003#2] These data indicate that inhibition of the mTOR pathway can reduce Aβ42 levels in vivo and block or delay AD in mice.,,,,,,
164,"SARS-CoV-2 receptors are elevated in situations of COPD, as well as diabetes and male gender [<|multi_cit|>]","[d22059#3] Non–asthma-related factors, such as male sex, African American race, and metabolic disease (diabetes mellitus), may be more important and more generalizable risks for susceptibility to SARS-CoV-2 infection and more severe COVID-19 morbidity.",,,,,,
16,"All variants classified as “likely pathogenic” or with an “unknown pathogenicity”, and some “non-pathogenic” variants were genotyped in 961 sporadic AD cases, 1,346 unrelated elderly non-demented controls <|multi_cit|>","[d4005#5] For both approaches, we also examined an extended model of covariate adjustment that adjusted for age (age at onset or death in cases; age at exam or death in controls), sex, and number of APOE ε4 alleles (0, 1, or 2).",,,,,,
166,"The two polymorphisms rs112132031 and rs75603675 identified in 10.67 and 4.85% of our cohort, respectively, may be relevant for COVID-19 Cytokine Release syndrome and conjunctival infection according to earlier reports (<|cit|>).","[d22056#5] To our knowledge, little is known about polymorphisms that may affect ACE2.",,,,,,
548,Previous influenza vaccination was the most common determinant associated with lower vaccine hesitancy (n = 28) [<|multi_cit|>].,[d37014#3] A national US survey of a mostly White sample found that belief in COVID-19 conspiracies was associated with lower vaccine intentions.37,,,,,,
314,"Since its appearance at the end of 2019, coronavirus disease 2019 (COVID-19) has immediately shown a high rate of transmission, forcing the World Health Organization (WHO) to declare in March 2020 that this unknown coronavirus, named severe acute respiratory syndrome coronavirus 2 (SARS CoV-2), can be characterized as a pandemic [<|multi_cit|>].","[d30003#0] COVID-19 is a respiratory disease caused by the novel coronavirus, SARS-CoV-2, that has reached pandemic status.",,,,,,
477,"Remdesivir is a nucleotide analog antiviral medication that has activity against SARS-CoV and MERS-CoV, as well as other RNA viruses. It is a broad-spectrum agent which is an ideal starting therapy. In vitro studies demonstrate inhibitory activity toward cell entry of SARS-CoV-2.[<|multi_cit|>]","[d35005#0] Remdesivir (RDV, GS-5734) is a broad-spectrum antiviral nucleotide prodrug with potent in vitro antiviral activity against a diverse panel of RNA viruses such as Ebola virus (EBOV), Marburg, MERS-CoV, SARS-CoV, respiratory syncytial virus (RSV), Nipah virus (NiV), and Hendra virus16–18.",,,,,,
390,We first assessed S1-RBD–specific serum antibodies to confirm that the patients with IBD in our study had the serological defects noted in other publications (<|multi_cit|>).,"[d34078#0] In addition, most of our data suggest the possibility that TNF antagonist therapy may have a protective effect against the development of severe COVID-19 relative to other IBD therapies.",,,,,,
