claim_id,gold,claim,model_evidence_locator,model_evidence_from_corpus,gold_evidence_from_corpus,cmj_evidence_valid,cmj_review_reason,ly_evidence_valid,ly_review_reason,discussion_type
60,ACCURATE,the full-length transmembrane ACE2 corresponds to 96–98% of the total amount of ACE2 even when shedding is enhanced [<|cit|>],d36011#6,"d36011#6: However, given that by far the majority of ACE2 is membrane-bound, even a doubling is unlikely to significantly alter the amount of membrane-bound ACE2.","d36011#6: However, given that by far the majority of ACE2 is membrane-bound, even a doubling is unlikely to significantly alter the amount of membrane-bound ACE2. || d36011#7: For instance, if 2% of ACE2 occurs in a soluble form, doubling would increase this to 4%, while still 96% of ACE2 is membrane-bound. || d36011#7: For instance, if 2% of ACE2 occurs in a soluble form, doubling would increase this to 4%, while still 96% of ACE2 is membrane-bound. || d36011#8: Theoretically, RAS blockade might (partly) reverse this, thus returning the percent of membrane-bound ACE2 to 97–98. || d36001#5: ACE2 in its full-length form is a membrane-bound enzyme, whereas its shorter (soluble) form circulates in blood at very low levels.",否,证据支持多数ACE2膜结合，但未给出96-98%具体数字,是,句子直接给出 ACE2 绝大多数为膜结合并在加倍后仍约 96% 膜结合。,语义分歧
90,ACCURATE,PINK1 and Parkin have also been suggested to collaborate to form a mitochondrial quality control system <|multi_cit|>.,d1081#0,d1081#0: PINK1 and Parkin are a significant cause of autosomal recessive parkinsonism and have been genetically linked to a pathway that protects against progressive mitochondrial damage and dysfunction.,"d1005#4: Since neurons in the SN are postmitotic, any mitochondrial damage they acquire could accumulate over an organism's lifetime, leading to progressive mitochondrial dysfunction—including increased oxidative stress, decreased calcium buffering capacity, loss of ATP, and, eventually, cell death—unless quality control processes eliminate the damaged mitochondria. || d1006#0: Recent studies have linked Parkin and PINK1 in a pathway critical for the maintenance of mitochondrial integrity and function. || d1006#3: Additionally, mice null for either Parkin or PINK1 exhibit increased oxidative damage and decreased mitochondrial function in the striatium (which receives projections from dopaminergic neurons) [16],[17]; and primary cells from patients with loss-of-function mutations in Parkin or PINK1 have similar abnormalities [18]–[20]. || d1006#4: Together these findings suggest that Parkin and PINK1 may function in an evolutionarily conserved pathway critical for the maintenance of mitochondrial integrity and function.",否,证据间接支持PINK1/Parkin通路，未明确说质量控制系统,是,句子直接把 PINK1 和 Parkin 联系到保护线粒体完整性的共同通路。,语义分歧
134,ACCURATE,"correlate of protection (CoP), a measurable immune response (often nAb titer) predictive of protection, as has been demonstrated for some licensed vaccines<|other_cit|>. As of October 2021, both meta-analyses and prospective case–cohort sampling analyses have found a strong correlation between nAb titers and protection against COVID-19<|other_cit|>. This is underpinned by passive immunization and preclinical vaccine efficacy studies in nonhuman primates (NHPs) that similarly support nAb as a CoP<|multi_cit|>",d29003#1,"d29003#1: Both neutralizing antibody (NAb) titers as well as Fc functional antibody responses correlated with protection4,5, but direct data demonstrating the immunologic determinants of protection have been lacking.",d29001#2: Here we show that adoptive transfer of purified IgG from convalescent macaques protects naïve recipient rhesus macaques against SARS-CoV-2 challenge in a dose dependent fashion.,否,证据间接支持CoP概念，但表述不完全一致,是,句子直接给出中和抗体滴度与保护相关。,语义分歧
141,ACCURATE,it has previously been reported that IgG was sufficient for protection against homologous SARS-CoV-2 challenge in macaques and that CD8 T cell responses also contributed to protection if antibody titres were subprotective<|cit|>,d29001#4,"d29001#4: These data demonstrate that relatively low antibody titers are sufficient for protection against SARS-CoV-2 in rhesus macaques, and that cellular immune responses may also contribute to protection if antibody responses are suboptimal.","d29001#2: Here we show that adoptive transfer of purified IgG from convalescent macaques protects naïve recipient rhesus macaques against SARS-CoV-2 challenge in a dose dependent fashion. || d29001#3: Depletion of CD8+ T cells in convalescent animals partially abrogated the protective efficacy of natural immunity against SARS-CoV-2 re-challenge, suggesting the importance of cellular immunity in the context of waning or subprotective antibody titers.",是,证据直接给出低抗体滴度足够保护、细胞免疫补充，与claim一致,,仅凭当前句子不能确认是否支持完整 claim，保留待核。,李云待核
164,NOT_ACCURATE,"SARS-CoV-2 receptors are elevated in situations of COPD, as well as diabetes and male gender [<|multi_cit|>]",d22059#3,"d22059#3: Non–asthma-related factors, such as male sex, African American race, and metabolic disease (diabetes mellitus), may be more important and more generalizable risks for susceptibility to SARS-CoV-2 infection and more severe COVID-19 morbidity.","d22004#1: Among patients with asthma, male sex, African American race, and history of diabetes mellitus were associated with higher expression of ACE2 and TMPRSS2. || d22060#5: Second, for the corticosteroid results reported here, the data were not generated in a randomized, prospective, or placebo-controlled study. || d22060#6: Third, it is not confirmed that mRNA expression reflects protein levels, which need to be validated.",否,证据支持男性代谢病风险，未直接说受体升高及COPD,是,句子直接给出男性和代谢疾病是更一般化的 COVID-19 易感性/严重结局风险因素。,语义分歧
166,IRRELEVANT,"The two polymorphisms rs112132031 and rs75603675 identified in 10.67 and 4.85% of our cohort, respectively, may be relevant for COVID-19 Cytokine Release syndrome and conjunctival infection according to earlier reports (<|cit|>).",d22056#5,"d22056#5: To our knowledge, little is known about polymorphisms that may affect ACE2.",,否,证据称多态性知之甚少，不支持具体多态性及比例,证据不适用,金标准证据为空，保留为证据不适用，不参与语义支持判定。,IRRELEVANT字段口径差异
208,ACCURATE,"A recent study showed that individuals with substance use disorders are also at increased risk of COVID-19 infection, hospitalization, and death<|multi_cit|>.",d28004#3,"d28004#3: To the extent that chronic use of tobacco, alcohol and other drugs is associated with cardiovascular (arrhythmias, cardiac insufficiency, and myocardial infarction), pulmonary (COPD, pulmonary hypertension), and metabolic diseases (diabetes, hypertension) [6–10] all of which are risk factors for COVID-19 infection and for worse outcomes [11–13] one can also predict that individuals with SUD including OUD would be at increased risk for adverse COVID-19 outcomes [2].","d28001#6: COVID-19 patients with SUD had significantly worse outcomes (death: 9.6%, hospitalization: 41.0%) than general COVID-19 patients (death: 6.6%, hospitalization: 30.1%) and African Americans with COVID-19 and SUD had worse outcomes (death: 13.0%, hospitalization: 50.7%) than Caucasians (death: 8.6%, hospitalization: 35.2%). || d28001#0: The global pandemic of COVID-19 is colliding with the epidemic of opioid use disorders (OUD) and other substance use disorders (SUD) in the United States (US). || d28001#7: These findings identify individuals with SUD, especially individuals with OUD and African Americans, as having increased risk for COVID-19 and its adverse outcomes, highlighting the need to screen and treat individuals with SUD as part of the strategy to control the pandemic while ensuring no disparities in access to healthcare support.",否,证据仅描述合并症，未直接给出SUD患者感染住院死亡风险数据,是,句子直接把 SUD 与 COVID-19 不良结局风险升高联系起来。,语义分歧
254,ACCURATE,"Some studies observed decreases in alcohol binge drinking<|other_cit|>, frequency of skipping breakfast5, decreases in eating fried foods5, meals eaten in restaurants5,<|other_cit|> and from fast food<|multi_cit|>",d32044#3,"d32044#3: Positive reported eating behavior changes included a lower frequency of breakfast skipping, a lower frequency of eating four or more meals at a restaurant, a lower frequency of eating two or more meals from fast food, a lower frequency of consuming fried foods, and an increased frequency of eating fruit.","d32044#1: Eating meals from restaurants and consuming preprepared food declined from 1.98 times per week to 1.08 times per week (P < 0.001), while cooking meals at home increased from 4.49 to 5.18 days per week (P < 0.001). || d32044#2: The REAP‐s increased (0.81 [0.04], P < 0.001), indicating overall healthier eating. || d32044#3: Positive reported eating behavior changes included a lower frequency of breakfast skipping, a lower frequency of eating four or more meals at a restaurant, a lower frequency of eating two or more meals from fast food, a lower frequency of consuming fried foods, and an increased frequency of eating fruit.",否,证据为饮食行为变化，未包含claim中的酗酒减少,是,句子直接列出早餐、餐馆、快餐和油炸食品摄入下降。,语义分歧
314,IRRELEVANT,"Since its appearance at the end of 2019, coronavirus disease 2019 (COVID-19) has immediately shown a high rate of transmission, forcing the World Health Organization (WHO) to declare in March 2020 that this unknown coronavirus, named severe acute respiratory syndrome coronavirus 2 (SARS CoV-2), can be characterized as a pandemic [<|multi_cit|>].",d30003#0,"d30003#0: COVID-19 is a respiratory disease caused by the novel coronavirus, SARS-CoV-2, that has reached pandemic status.",,否,证据支持大流行状态，未给出WHO宣布时间及传播率细节,证据不适用,金标准证据为空，保留为证据不适用，不参与语义支持判定。,IRRELEVANT字段口径差异
342,NOT_ACCURATE,recent publications indicate that pharmacological stimulation of autophagy can be beneficial and reduce Aβ mediated toxicity <|multi_cit|>.,d2003#2,d2003#2: These data indicate that inhibition of the mTOR pathway can reduce Aβ42 levels in vivo and block or delay AD in mice.,"d2010#6: Consistent with this hypothesis, inhibition of mTOR by rapamycin had no effect on endogenous mouse Aβ levels in non- transgenic brains, in which the autophagic response was not activated. || d2010#7: Thus, our data suggest that inhibition of mTOR by rapamycin, an intervention that extends lifespan in mice, can lower Aβ levels and slow or block AD progression in a transgenic mouse model of the disease, possibly by stimulating autophagy.",是,证据直接显示抑制mTOR降低Aβ并延迟AD，与claim一致,否,证据说明mTOR抑制可降低Aβ42并延缓AD，未直接说明药理性自噬刺激及降低Aβ介导毒性。,语义分歧
358,ACCURATE,"Rapamycin induced inhibition of mTORC1 has also been shown to decrease beta-amyloid expression by increasing the rate of autophagy [<|multi_cit|>,2",d2020#2,"d2020#2: Moreover, rapamycin-induced autophagy has been implicated in the regulation of amyloid accumulation in vivo [26] and in the clearance of huntingtin[21], [40] and α-synuclein[41].","d2010#2: Here we show that long-term mTOR inhibition by rapamycin inhibited mTOR in brain, prevented AD-like cognitive deficits ( Fig. 1 ) and lowered levels of Aβ42 ( Fig. 2 ) in the PDAPP transgenic mouse model. || d2010#3: These data indicate that inhibition of the mTOR pathway by long-term rapamycin treatment can reduce Aβ42 levels in vivo and block or delay AD in mice. || d2003#3: As expected from the inhibition of mTOR, autophagy was increased in neurons of rapamycin-treated transgenic, but not in non-transgenic, PDAPP mice, suggesting that the reduction in Aβ and the improvement in cognitive function are due in part to increased autophagy, possibly as a response to high levels of Aβ.",否,证据仅提及自噬与淀粉样蛋白积累相关，未直接支持降低β-淀粉样蛋白表达,是,句子直接把 rapamycin-induced autophagy 与 amyloid accumulation 联系起来。,语义分歧
364,ACCURATE,"Some good examples so far include coordination activities, such as the COVID-MINDS Network (<|other_cit|>), the NIHR COVID-19 and Mental Health Studies Register (<|other_cit|>), and the COVID-19 Suicide Prevention Research Collaboration (<|cit|>)",d25018#0,d25018#0: COVID-19 Suicide Prevention Research Collaboration:,"d25017#0: ## Contributor Information || d25018#0: COVID-19 Suicide Prevention Research Collaboration: || d25002#3: The response must capitalise on, but extend beyond, general mental health policies and practices. || d25003#3: Selective, indicated, and universal interventions are required (figure ).",否,证据仅为组织名称且内容为空，未覆盖claim中列举的全部协调活动,是,句子直接给出被引文献中列举的 COVID-19 Suicide Prevention Research Collaboration。,语义分歧
390,IRRELEVANT,We first assessed S1-RBD–specific serum antibodies to confirm that the patients with IBD in our study had the serological defects noted in other publications (<|multi_cit|>).,d34078#0,"d34078#0: In addition, most of our data suggest the possibility that TNF antagonist therapy may have a protective effect against the development of severe COVID-19 relative to other IBD therapies.",,否,证据为TNF拮抗剂保护作用，未涉及血清学缺陷,证据不适用,金标准证据为空，保留为证据不适用，不参与语义支持判定。,IRRELEVANT字段口径差异
391,NOT_ACCURATE,"individuals with IBD receiving immunosuppressive medications may be at higher risk of contracting severe COVID-19 than the general public (<|multi_cit|>,",d34022#2,"d34022#2: However, it is also possible that immunosuppressive medications may be associated with a decreased risk of adverse COVID-19 outcomes by limiting the cytokine storm characteristic of severe COVID-19.15 16",d34006#0: ### Conclusion || d34007#0: Combination therapy and thiopurines may be associated with an increased risk of severe COVID-19.,否,证据方向相反，称免疫抑制可能降低而非增加重症风险,是,句子直接讨论免疫抑制药物与 COVID-19 不良结局风险，属于同一主张的直接证据语境。,语义分歧
420,ACCURATE,Potential beneficial effects of TNFi have also been described in patients with COVID-19 with inflammatory bowel disease.<|cit|>,d34078#1,"d34078#1: Higher baseline TNF levels have been associated with an increased risk of death in COVID-19, and the use of TNF antagonists as a COVID-19 treatment has been advocated by some experts in order to blunt the robust inflammatory response seen in severe disease.15 22","d34077#5: Additionally, in select high-risk patients (ie, older age or multiple comorbidities) in stable remission on TNF antagonist combination therapy, consideration of discontinuing the thiopurine while the COVID-19 pandemic continues may be warranted.",否,证据为TNF与死亡风险关联，未专门针对IBD患者,是,句子直接说明 TNF antagonists 被倡议作为 COVID-19 炎症治疗，支持潜在获益语境。,语义分歧
477,IRRELEVANT,"Remdesivir is a nucleotide analog antiviral medication that has activity against SARS-CoV and MERS-CoV, as well as other RNA viruses. It is a broad-spectrum agent which is an ideal starting therapy. In vitro studies demonstrate inhibitory activity toward cell entry of SARS-CoV-2.[<|multi_cit|>]",d35005#0,"d35005#0: Remdesivir (RDV, GS-5734) is a broad-spectrum antiviral nucleotide prodrug with potent in vitro antiviral activity against a diverse panel of RNA viruses such as Ebola virus (EBOV), Marburg, MERS-CoV, SARS-CoV, respiratory syncytial virus (RSV), Nipah virus (NiV), and Hendra virus16–18.",,是,证据直接描述瑞德西韦广谱抗病毒活性，与claim一致,证据不适用,金标准证据为空，保留为证据不适用，不参与语义支持判定。,IRRELEVANT字段口径差异
540,ACCURATE,"participants in the Bogart et al. study showed high rates of COVID-19 mistrust and hesitancy related to future vaccines [17]. Nearly all (97%) Black participants validated one mistrust belief, with the most being mistrust due to the government withholding of information concerning COVID-19 [<|cit|>].",d37006#0,"d37006#0: Nearly all participants (97%) endorsed at least one general COVID-19 mistrust belief, and more than half endorsed at least one COVID-19 vaccine or treatment hesitancy belief.","d37006#0: Nearly all participants (97%) endorsed at least one general COVID-19 mistrust belief, and more than half endorsed at least one COVID-19 vaccine or treatment hesitancy belief. || d37043#0: The sample showed high levels of general COVID-19 mistrust and high levels of hesitancy related to treatment and a future vaccine (Table 2). || d37043#1: Nearly all (97%) endorsed at least one mistrust belief. || d37043#2: The most prevalent general mistrust beliefs (endorsed by about half or more than half) concerned withholding information or a lack of honesty by the government.",否,证据支持97%不信任率，但未提及claim中最常见为政府隐瞒信息的具体内容,是,证据直接给出97%存在一般新冠不信任、过半存在未来疫苗或治疗犹豫，支持该主张。,语义分歧
548,IRRELEVANT,Previous influenza vaccination was the most common determinant associated with lower vaccine hesitancy (n = 28) [<|multi_cit|>].,d37014#3,d37014#3: A national US survey of a mostly White sample found that belief in COVID-19 conspiracies was associated with lower vaccine intentions.37,,否,证据为阴谋论与疫苗意图，未涉及流感疫苗接种,证据不适用,金标准证据为空，保留为证据不适用，不参与语义支持判定。,IRRELEVANT字段口径差异
