claim_id,gold,claim,cmj_locator_check,ly_locator_check,locator_agreement,cmj_stable_locator,ly_stable_locator,normalized_locator,normalized_locator_agreement,cmj_evidence_valid,ly_evidence_valid,evidence_status,cmj_review_reason,ly_review_reason,cmj_reviewer_id,cmj_reviewed_at
12,NOT_ACCURATE,"ABCA7, a novel AD risk locus gene <|multi_cit|>",是,是,是,d4006#5,corpus.jsonl:L7257 doc_id=4006 sentence=5,d4006#5,是,是,是,一致,证据直接识别ABCA7为新LOAD风险位点，与claim一致,句子直接把 ABCA7 SNP 识别为 novel LOAD locus。,member1_chenmingjin,2026/10/4
16,IRRELEVANT,"All variants classified as “likely pathogenic” or with an “unknown pathogenicity”, and some “non-pathogenic” variants were genotyped in 961 sporadic AD cases, 1,346 unrelated elderly non-demented controls <|multi_cit|>",是,是,是,d4005#5,corpus.jsonl:L7256 doc_id=4005 sentence=5,d4005#5,是,否,否,一致,证据为统计模型描述，不支持基因分型样本说明,定位句只讨论APOE等协变量调整，未支持该条关于致病性变异分型和样本基因分型的主张。,member1_chenmingjin,2026/10/4
54,ACCURATE,"as proposed by several recent published authoritative reviews and research, studies on the association between RAAS inhibition therapy and treatment outcomes in COVID-19 patients are urgently needed [<|multi_cit|>]",是,是,是,d36013#5,corpus.jsonl:L7406 doc_id=36013 sentence=5,d36013#5,是,否,否,一致,证据为ARBs改变ACE2表达，不支持迫切需要研究的论断,句子说 ARB 改变 ACE2 表达，未支持迫切需要研究 RAAS 抑制治疗结局。,member1_chenmingjin,2026/10/4
60,ACCURATE,the full-length transmembrane ACE2 corresponds to 96–98% of the total amount of ACE2 even when shedding is enhanced [<|cit|>],是,是,是,d36011#6,corpus.jsonl:L7404 doc_id=36011 sentence=6,d36011#6,是,否,是,语义分歧，待共同裁决,证据支持多数ACE2膜结合，但未给出96-98%具体数字,句子直接给出 ACE2 绝大多数为膜结合并在加倍后仍约 96% 膜结合。,member1_chenmingjin,2026/10/4
75,ACCURATE,"mitochondrial stress, such as exposure to membrane potential inhibitors, initiates the PINK1/Parkin mitophagy pathway <|multi_cit|>.",是,是,是,d1071#3,corpus.jsonl:L7500 doc_id=1071 sentence=3,d1071#3,是,是,是,一致,证据直接显示去极化上调PINK1/Parkin线粒体自噬，与claim一致,句子直接把线粒体去极化与 PINK1/Parkin 线粒体自噬通路上调联系起来。,member1_chenmingjin,2026/10/4
88,ACCURATE,"he CCCP-stabilized form of PINK1 that localizes to the outer mitochondrial membrane facing the cytosol (<|cit|>), the 60-kD ΔMTS-PINK1, which appears in the absence of PARL, and the 52-kD PINK1 are protease-protected within polarized mitochondria (<|other_cit|>)",是,是,是,d1049#3,corpus.jsonl:L7478 doc_id=1049 sentence=3,d1049#3,是,否,否,一致,证据为FRB-PINK1招募实验，未涉及CCCP稳定PINK1定位,句子是 AP21967 诱导的 FRB-PINK1 定位，未支持 CCCP 稳定化 PINK1 的蛋白酶保护主张。,member1_chenmingjin,2026/10/4
90,ACCURATE,PINK1 and Parkin have also been suggested to collaborate to form a mitochondrial quality control system <|multi_cit|>.,是,是,是,d1081#0,corpus.jsonl:L7510 doc_id=1081 sentence=0,d1081#0,是,否,是,语义分歧，待共同裁决,证据间接支持PINK1/Parkin通路，未明确说质量控制系统,句子直接把 PINK1 和 Parkin 联系到保护线粒体完整性的共同通路。,member1_chenmingjin,2026/10/4
107,ACCURATE,"We next designed a series of immunization regimens that we hypothesized would i) allow direct comparison of protective efficacy of single-shot versus two-dose prime-boost schedules, and ii) generate a range of binding and neutralizing antibody responses that could enable analyses of correlates of protection following challenge [<|multi_cit|>].",是,是,是,d29031#3,corpus.jsonl:L7573 doc_id=29031 sentence=3,d29031#3,是,否,否,一致,证据为未来研究方向，未涉及claim中免疫方案设计,句子说的是未来评估细胞免疫保护，未支持单剂/两剂免疫方案设计。,member1_chenmingjin,2026/10/4
122,ACCURATE,CD8 depletion studies in non-human primate (NHP) challenge studies suggest T cells also play a protective role especially when antibody levels are low<|multi_cit|>,是,是,是,d29029#2,corpus.jsonl:L7571 doc_id=29029 sentence=2,d29029#2,是,是,是,一致,证据直接显示CD8耗竭时细胞免疫保护作用，与claim一致,句子直接给出 CD8 depletion 与低抗体时的细胞免疫保护作用。,member1_chenmingjin,2026/10/4
134,ACCURATE,"correlate of protection (CoP), a measurable immune response (often nAb titer) predictive of protection, as has been demonstrated for some licensed vaccines<|other_cit|>. As of October 2021, both meta-analyses and prospective case–cohort sampling analyses have found a strong correlation between nAb titers and protection against COVID-19<|other_cit|>. This is underpinned by passive immunization and preclinical vaccine efficacy studies in nonhuman primates (NHPs) that similarly support nAb as a CoP<|multi_cit|>",是,是,是,d29003#1,corpus.jsonl:L7545 doc_id=29003 sentence=1,d29003#1,是,否,是,语义分歧，待共同裁决,证据间接支持CoP概念，但表述不完全一致,句子直接给出中和抗体滴度与保护相关。,member1_chenmingjin,2026/10/4
139,ACCURATE,A recent passive immunization study in nonhuman primates suggested that high-level neutralizing humoral immunity may not be essential for protection against SARS-CoV-2 disease (<|cit|>).,是,是,是,d29001#1,corpus.jsonl:L7543 doc_id=29001 sentence=1,d29001#1,是,否,否,一致,证据称免疫保护重要性仍待确定，未支持高水平中和免疫非必需的结论,句子说体液和细胞免疫的重要性仍待确定，未支持低滴度已足以保护。,member1_chenmingjin,2026/10/4
141,ACCURATE,it has previously been reported that IgG was sufficient for protection against homologous SARS-CoV-2 challenge in macaques and that CD8 T cell responses also contributed to protection if antibody titres were subprotective<|cit|>,是,是,是,d29001#4,corpus.jsonl:L7543 doc_id=29001 sentence=4,d29001#4,是,是,,李云待核，不能裁决,证据直接给出低抗体滴度足够保护、细胞免疫补充，与claim一致,仅凭当前句子不能确认是否支持完整 claim，保留待核。,member1_chenmingjin,2026/10/4
146,ACCURATE,Reduced ACE2 and TMPRSS2 expression were also reported in sputum samples of asthmatics who were on prolonged used of inhaled corticosteroids (<|cit|>).,是,是,是,d22051#2,corpus.jsonl:L7691 doc_id=22051 sentence=2,d22051#2,是,是,是,一致,证据直接显示ICS患者ACE2/TMPRSS2显著低于对照组，支持claim,句子直接给出 ICS 使用与 ACE2/TMPRSS2 降低的关系。,member1_chenmingjin,2026/10/4
149,NOT_ACCURATE,"Moreover, a study examining the relation between increase the in gene expression of ACE 2 and TMPRSS 2 is related to increased symptoms severity in COVID-19, in the meantime African Americans show and increased gene expression of ACE2 and TRPSS2 putting them at a higher risk with COVID-19 infections (<|cit|>).",是,是,是,d22056#3,corpus.jsonl:L7696 doc_id=22056 sentence=3,d22056#3,是,否,否,一致,证据支持非裔ACE2较高，未涉及症状严重程度关联,证据只说非裔美国人ACE2表达较高且相关结局尚无详细报告，未支持TMPRSS2、症状严重度和感染风险的完整主张。,member1_chenmingjin,2026/10/4
154,ACCURATE,"These reported discrepancies may be attributable to the overall under-diagnosis of CRDs, some level of protection provided by atopy [<|other_cit|>], or the use of inhaled corticosteroids [<|cit|>].",是,是,是,d22058#3,corpus.jsonl:L7698 doc_id=22058 sentence=3,d22058#3,是,否,否,一致,证据支持多因素解释，但未包含特应性保护,证据只涉及吸入或全身糖皮质激素作用差异及解释因素，未支持低诊断率、特应性保护和吸入激素三项完整主张。,member1_chenmingjin,2026/10/4
155,NOT_ACCURATE,"ICS may decrease both ACE2 and TMPRSS2 gene expression on respiratory epithelial cells, decreasing susceptibility of SARS-Cov-2 viral binding to receptors on respiratory epithelium.<|multi_cit|>",是,是,是,d22057#0,corpus.jsonl:L7697 doc_id=22057 sentence=0,d22057#0,是,否,否,一致,证据描述TMPRSS2功能，未涉及ICS降低表达,句子只说明 TMPRSS2 促进病毒感染传播，未支持 ICS 降低 ACE2/TMPRSS2 并降低易感性。,member1_chenmingjin,2026/10/4
164,NOT_ACCURATE,"SARS-CoV-2 receptors are elevated in situations of COPD, as well as diabetes and male gender [<|multi_cit|>]",是,是,是,d22059#3,corpus.jsonl:L7699 doc_id=22059 sentence=3,d22059#3,是,否,是,语义分歧，待共同裁决,证据支持男性代谢病风险，未直接说受体升高及COPD,句子直接给出男性和代谢疾病是更一般化的 COVID-19 易感性/严重结局风险因素。,member1_chenmingjin,2026/10/4
166,IRRELEVANT,"The two polymorphisms rs112132031 and rs75603675 identified in 10.67 and 4.85% of our cohort, respectively, may be relevant for COVID-19 Cytokine Release syndrome and conjunctival infection according to earlier reports (<|cit|>).",是,是,是,d22056#5,corpus.jsonl:L7696 doc_id=22056 sentence=5,d22056#5,是,否,证据不适用,字段口径待确认（IRRELEVANT：李云=证据不适用，师兄=二值）,证据称多态性知之甚少，不支持具体多态性及比例,金标准证据为空，保留为证据不适用，不参与语义支持判定。,member1_chenmingjin,2026/10/4
173,ACCURATE,"asthma would not seem a risk factor for COVID-19 either in childhood or in adulthood (<|multi_cit|>,",是,是,是,d22056#1,corpus.jsonl:L7696 doc_id=22056 sentence=1,d22056#1,是,否,否,一致,证据讨论糖尿病风险，未涉及哮喘不是风险因素,句子讨论 diabetes 风险，未支持 asthma 在儿童或成人中不是风险因素。,member1_chenmingjin,2026/10/4
196,NOT_ACCURATE,"Due to their high prevalence of chronic diseases [<|cit|>], homelessness [<|other_cit|>], food insecurity [<|other_cit|>], frequent incarceration [<|other_cit|>], and behavioral risk factors (e.g., engaging in sex work, sharing needles with others) [<|other_cit|>], PWID are at elevated risk for SARS-CoV-2 infection and developing severe symptoms [14, <|other_cit|>].",是,是,是,d28044#5,corpus.jsonl:L7756 doc_id=28044 sentence=5,d28044#5,是,否,否,一致,证据支持社会逆境因素，未具体包含无家可归食物不安全,证据笼统提到医疗可及性、社会经济状况和社会逆境，未支持主张列出的PWID具体风险因素组合。,member1_chenmingjin,2026/10/4
199,NOT_ACCURATE,"we found that injection drug use [<|cit|>], problematic alcohol use, schizophrenia and psychotic disorders [<|other_cit|>] as well as intellectual and developmental disability were independently associated with higher risk of hospitalization",是,是,是,d28049#3,corpus.jsonl:L7761 doc_id=28049 sentence=3,d28049#3,是,否,否,一致,证据为研究局限性，不支持独立相关性结论,句子说明混杂因素导致无法评估成瘾药物或 SUD 对 COVID-19 风险的直接作用，未支持所列因素独立导致住院。,member1_chenmingjin,2026/10/4
208,ACCURATE,"A recent study showed that individuals with substance use disorders are also at increased risk of COVID-19 infection, hospitalization, and death<|multi_cit|>.",是,是,是,d28004#3,corpus.jsonl:L7716 doc_id=28004 sentence=3,d28004#3,是,否,是,语义分歧，待共同裁决,证据仅描述合并症，未直接给出SUD患者感染住院死亡风险数据,句子直接把 SUD 与 COVID-19 不良结局风险升高联系起来。,member1_chenmingjin,2026/10/4
218,ACCURATE,"Other research reports similar variability in COVID-19-related changes to diet, with some individuals reporting healthy dietary changes and other reporting shifts to unhealthy patterns of intake [<|multi_cit|>].",是,是,是,d32022#1,corpus.jsonl:L7803 doc_id=32022 sentence=1,d32022#1,是,否,否,一致,证据描述封锁迫使饮食改变，未直接支持变异性结论,证据只说饮食和身体活动模式发生变化，未给出健康与不健康方向的差异。,member1_chenmingjin,2026/10/4
229,ACCURATE,"time spent or metabolic equivalent (MET) in PA pre and during COVID-19. All but one study [<|other_cit|>] reported a decrease in time or METs, with eight studies [<|multi_cit|>] reporting this decrease was statistically significant.",是,是,是,d32031#5,corpus.jsonl:L7812 doc_id=32031 sentence=5,d32031#5,是,否,否,一致,证据仅为MET计算方法，不支持研究结果汇总,句子只定义 MET 的计算方式，未支持疫情前后身体活动时间或 MET 下降。,member1_chenmingjin,2026/10/4
245,NOT_ACCURATE,"More than two thirds of the participants reported increasing their sedentary behavior during shelter-in-place, a finding replicated in the U.S. [<|multi_cit|>]",是,是,是,d32029#4,corpus.jsonl:L7810 doc_id=32029 sentence=4,d32029#4,是,否,否,一致,证据仅为主题列表，不支持久坐行为数据,句子列出饮食调查主题，未支持居家令期间久坐行为增加。,member1_chenmingjin,2026/10/4
254,ACCURATE,"Some studies observed decreases in alcohol binge drinking<|other_cit|>, frequency of skipping breakfast5, decreases in eating fried foods5, meals eaten in restaurants5,<|other_cit|> and from fast food<|multi_cit|>",是,是,是,d32044#3,corpus.jsonl:L7825 doc_id=32044 sentence=3,d32044#3,是,否,是,语义分歧，待共同裁决,证据为饮食行为变化，未包含claim中的酗酒减少,句子直接列出早餐、餐馆、快餐和油炸食品摄入下降。,member1_chenmingjin,2026/10/4
263,ACCURATE,"In the United States before and during the initial peak of the COVID-19 pandemic, cooking meals at home increased from 4.49 to 5.18 days per week [<|cit|>].",是,是,是,d32044#1,corpus.jsonl:L7825 doc_id=32044 sentence=1,d32044#1,是,是,是,一致,证据直接给出在家做饭4.49→5.18天/周，与claim一致,句子直接给出在家做饭从 4.49 增至 5.18 天。,member1_chenmingjin,2026/10/4
292,ACCURATE,"Since the start of the coronavirus pandemic (COVID-19), it has been affecting health, societies and economies (<|multi_cit|>).",是,是,是,d23009#4,corpus.jsonl:L7869 doc_id=23009 sentence=4,d23009#4,是,否,否,一致,证据为2004年后无SARS感染报告，与COVID-19影响健康社会经济的claim完全不相关,句子只说 2004 年后没有 SARS-CoV 感染，未支持疫情对健康、社会和经济影响。,member1_chenmingjin,2026/10/4
314,IRRELEVANT,"Since its appearance at the end of 2019, coronavirus disease 2019 (COVID-19) has immediately shown a high rate of transmission, forcing the World Health Organization (WHO) to declare in March 2020 that this unknown coronavirus, named severe acute respiratory syndrome coronavirus 2 (SARS CoV-2), can be characterized as a pandemic [<|multi_cit|>].",是,是,是,d30003#0,corpus.jsonl:L7925 doc_id=30003 sentence=0,d30003#0,是,否,证据不适用,字段口径待确认（IRRELEVANT：李云=证据不适用，师兄=二值）,证据支持大流行状态，未给出WHO宣布时间及传播率细节,金标准证据为空，保留为证据不适用，不参与语义支持判定。,member1_chenmingjin,2026/10/4
322,NOT_ACCURATE,"effects of the coronavirus epidemic and the quarantine such as stress, confusion, and anger has been reported by the research (<|other_cit|>). Other psychological and social effects include social isolation, financial insecurity, job loss, and childcare challenges. Social health is the ability to perform effectively and efficiently social roles without harming others. It is associated with social skills, social performance, and the ability to recognize oneself as a member of a larger community (<|other_cit|>). However, the effects have not only been limited to psychological problems and the disease has also led to poverty and social welfare problems (<|other_cit|>), physical health problems and heart disease (<|other_cit|>), educational problems (<|other_cit|>), and nutritional problems (<|cit|>).",是,是,是,d30007#3,corpus.jsonl:L7929 doc_id=30007 sentence=3,d30007#3,是,否,否,一致,证据为神经炎症与退行性疾病，未涉及隔离心理影响,句子讨论神经炎症与阿尔茨海默病，和 claim 的疫情社会心理、教育及营养影响无关。,member1_chenmingjin,2026/10/4
327,ACCURATE,Decreased mTOR signaling leads to reduction in levels of Aβ (<|multi_cit|>),是,是,是,d2021#0,corpus.jsonl:L7954 doc_id=2021 sentence=0,d2021#0,是,是,是,一致,证据直接显示雷帕霉素抑制mTOR降低Aβ42，与claim一致,句子直接给出 mTOR 抑制降低 Aβ42。,member1_chenmingjin,2026/10/4
335,NOT_ACCURATE,"rapamycin reduces soluble Aβ and tau pathology and the associated early cognitive deficits in 6-month-old transgenic mice <|multi_cit|>,",是,是,是,d2000#0,corpus.jsonl:L7933 doc_id=2000 sentence=0,d2000#0,是,否,否,一致,证据标题支持Aβ和认知，未涉及tau病理,证据题名仅涉及认知缺陷和Aβ水平，未支持可溶性Aβ、tau病理和6月龄转基因小鼠的完整组合。,member1_chenmingjin,2026/10/4
342,NOT_ACCURATE,recent publications indicate that pharmacological stimulation of autophagy can be beneficial and reduce Aβ mediated toxicity <|multi_cit|>.,是,是,是,d2003#2,corpus.jsonl:L7936 doc_id=2003 sentence=2,d2003#2,是,是,否,语义分歧，待共同裁决,证据直接显示抑制mTOR降低Aβ并延迟AD，与claim一致,证据说明mTOR抑制可降低Aβ42并延缓AD，未直接说明药理性自噬刺激及降低Aβ介导毒性。,member1_chenmingjin,2026/10/4
347,NOT_ACCURATE,"In two independent mouse models of AD, rapamycin, through inhibition of mTOR signaling, rescued cognitive deficits by suppressing extracellular Aβ deposition and intracellular tau accumulation [<|multi_cit|>].",是,是,是,d2000#0,corpus.jsonl:L7933 doc_id=2000 sentence=0,d2000#0,是,否,否,一致,证据为单一研究，claim称两个独立模型,证据题名只涉及一个模型中的Aβ与认知缺陷，未支持两个独立模型、细胞内tau和细胞外Aβ沉积的完整主张。,member1_chenmingjin,2026/10/4
353,ACCURATE,the activation of mTOR is likely to promote Aβ production.<|multi_cit|>,是,是,是,d2021#6,corpus.jsonl:L7954 doc_id=2021 sentence=6,d2021#6,是,否,否,一致,证据为自噬随年龄降低，未涉及mTOR激活促进Aβ产生,句子说的是年龄增加时自噬反应可能降低，未支持 mTOR 激活促进 Aβ。,member1_chenmingjin,2026/10/4
358,ACCURATE,"Rapamycin induced inhibition of mTORC1 has also been shown to decrease beta-amyloid expression by increasing the rate of autophagy [<|multi_cit|>,2",是,是,是,d2020#2,corpus.jsonl:L7953 doc_id=2020 sentence=2,d2020#2,是,否,是,语义分歧，待共同裁决,证据仅提及自噬与淀粉样蛋白积累相关，未直接支持降低β-淀粉样蛋白表达,句子直接把 rapamycin-induced autophagy 与 amyloid accumulation 联系起来。,member1_chenmingjin,2026/10/4
362,ACCURATE,"concern for rising numbers of violence-related injuries,<|other_cit|> increased social isolation, and prevalence of mental health problems,<|multi_cit|>",是,是,是,d25014#2,corpus.jsonl:L7987 doc_id=25014 sentence=2,d25014#2,是,否,否,一致,证据支持人际暴力和社会影响，未包含心理健康问题,证据提到人际暴力和宗教聚会禁令的社会影响，未支持增加的社会隔离和心理健康问题患病率。,member1_chenmingjin,2026/10/4
364,ACCURATE,"Some good examples so far include coordination activities, such as the COVID-MINDS Network (<|other_cit|>), the NIHR COVID-19 and Mental Health Studies Register (<|other_cit|>), and the COVID-19 Suicide Prevention Research Collaboration (<|cit|>)",是,是,是,d25018#0,corpus.jsonl:L7991 doc_id=25018 sentence=0,d25018#0,是,否,是,语义分歧，待共同裁决,证据仅为组织名称且内容为空，未覆盖claim中列举的全部协调活动,句子直接给出被引文献中列举的 COVID-19 Suicide Prevention Research Collaboration。,member1_chenmingjin,2026/10/4
390,IRRELEVANT,We first assessed S1-RBD–specific serum antibodies to confirm that the patients with IBD in our study had the serological defects noted in other publications (<|multi_cit|>).,是,是,是,d34078#0,corpus.jsonl:L8073 doc_id=34078 sentence=0,d34078#0,是,否,证据不适用,字段口径待确认（IRRELEVANT：李云=证据不适用，师兄=二值）,证据为TNF拮抗剂保护作用，未涉及血清学缺陷,金标准证据为空，保留为证据不适用，不参与语义支持判定。,member1_chenmingjin,2026/10/4
391,NOT_ACCURATE,"individuals with IBD receiving immunosuppressive medications may be at higher risk of contracting severe COVID-19 than the general public (<|multi_cit|>,",是,是,是,d34022#2,corpus.jsonl:L8017 doc_id=34022 sentence=2,d34022#2,是,否,是,语义分歧，待共同裁决,证据方向相反，称免疫抑制可能降低而非增加重症风险,句子直接讨论免疫抑制药物与 COVID-19 不良结局风险，属于同一主张的直接证据语境。,member1_chenmingjin,2026/10/4
395,ACCURATE,SECURE-IBD is a physician self-report database that collects information on global cases of COVID-19 occurring in people with IBD (<|multi_cit|>).,是,是,是,d34025#0,corpus.jsonl:L8020 doc_id=34025 sentence=0,d34025#0,是,是,是,一致,证据直接描述SECURE-IBD数据库用途，与claim一致,句子直接说明 SECURE-IBD 数据库收集 IBD 患者 COVID-19 结局。,member1_chenmingjin,2026/10/4
404,ACCURATE,"In patients with stable disease, a de-escalation of combination therapy with thiopurine and anti-TNF should be considered[<|cit|>].",是,是,是,d34030#4,corpus.jsonl:L8025 doc_id=34030 sentence=4,d34030#4,是,否,否,一致,证据仅为联合治疗定义，不支持应降低治疗的建议,句子只定义 combination therapy，未支持稳定期应降阶治疗的建议。,member1_chenmingjin,2026/10/4
420,ACCURATE,Potential beneficial effects of TNFi have also been described in patients with COVID-19 with inflammatory bowel disease.<|cit|>,是,是,是,d34078#1,corpus.jsonl:L8073 doc_id=34078 sentence=1,d34078#1,是,否,是,语义分歧，待共同裁决,证据为TNF与死亡风险关联，未专门针对IBD患者,句子直接说明 TNF antagonists 被倡议作为 COVID-19 炎症治疗，支持潜在获益语境。,member1_chenmingjin,2026/10/4
437,ACCURATE,"CD44+/CD24- is considered a cancer stem cell or tumor initiating cell signature, and high CD44/CD24 ratios are characteristic of aggressive Claudin-low tumors and cell lines <|cit|>.",是,是,是,d5005#4,corpus.jsonl:L8097 doc_id=5005 sentence=4,d5005#4,是,是,是,一致,完整证据显示CD44+/CD24-来源的TIC特征在claudin-low亚型中富集，直接支持claim,句子直接给出 CD44+/CD24-/low 的 TIC 特征在 claudin-low 亚型富集。,member1_chenmingjin,2026/10/4
440,ACCURATE,High CD44high/CD24- ratios have been associated with the claudin-low breast cancer subtype [<|multi_cit|>].,是,是,是,d5038#2,corpus.jsonl:L8130 doc_id=5038 sentence=2,d5038#2,是,否,否,一致,证据为TIC富集，未涉及claudin-low亚型关联,证据说明CD44+/CD24-/low表型富集于TIC和乳腺干细胞，未说明其与claudin-low亚型的关联。,member1_chenmingjin,2026/10/4
443,ACCURATE,The MDA-MB-231 cell line used in this study was originally described as Basal B and has been recently characterized as Claudin-low <|multi_cit|>.,是,是,是,d5053#6,corpus.jsonl:L8145 doc_id=5053 sentence=6,d5053#6,是,否,否,一致,证据未直接说明MDA-MB-231为claudin-low,句子只说明亚型标注方法，未直接提到 MDA-MB-231 被描述为 claudin-low。,member1_chenmingjin,2026/10/4
451,ACCURATE,Recent advances in the field suggest that breast tumors belonging to the claudin-low and basal-like intrinsic subtypes are particularly enriched in TIC cell signatures [<|multi_cit|>].,是,是,是,d5066#4,corpus.jsonl:L8158 doc_id=5066 sentence=4,d5066#4,是,否,否,一致,证据仅支持claudin-low富含TIC，未包含basal-like,证据只明确claudin-low亚型富集TIC特征，未支持basal-like与claudin-low共同富集的完整主张。,member1_chenmingjin,2026/10/4
466,NOT_ACCURATE,"The comparison of findings between the present study and Voineagu et al. <|cit|>, have identified potential functional genomic abnormalities in autism, biological validation requires postmo",是,是,是,d9027#2,corpus.jsonl:L8207 doc_id=9027 sentence=2,d9027#2,是,否,否,一致,证据支持转录异常，但未说生物学验证需死后组织,证据提到RNA-Seq对功能分组和ASD通路的验证，未提Voineagu比较及生物学验证仍需后续完成。,member1_chenmingjin,2026/10/4
468,ACCURATE,"Voineagu et al.[<|cit|>], who, included in their expression profiling study, used the AGRE data to perform an analysis searching for evidence of a genetic enrichment of immune loci.",是,是,是,d9030#0,corpus.jsonl:L8210 doc_id=9030 sentence=0,d9030#0,是,否,否,一致,证据描述AGRE队列GWAS富集分析，但未明确为Voineagu研究，也未提及免疫位点,句子是 AGRE 队列 GWAS 图注，未给出 Voineagu 表达谱研究主张。,member1_chenmingjin,2026/10/4
473,ACCURATE,differentially expressed genes implicated recently by Voineagu et al. <|cit|>.,是,是,是,d9022#5,corpus.jsonl:L8202 doc_id=9022 sentence=5,d9022#5,是,否,否,一致,证据讨论Zhang定义基因，未涉及Voineagu差异表达基因,句子提到 Zhang et al.，未支持 Voineagu et al. 的差异表达基因主张。,member1_chenmingjin,2026/10/4
477,IRRELEVANT,"Remdesivir is a nucleotide analog antiviral medication that has activity against SARS-CoV and MERS-CoV, as well as other RNA viruses. It is a broad-spectrum agent which is an ideal starting therapy. In vitro studies demonstrate inhibitory activity toward cell entry of SARS-CoV-2.[<|multi_cit|>]",是,是,是,d35005#0,corpus.jsonl:L8228 doc_id=35005 sentence=0,d35005#0,是,是,证据不适用,字段口径待确认（IRRELEVANT：李云=证据不适用，师兄=二值）,证据直接描述瑞德西韦广谱抗病毒活性，与claim一致,金标准证据为空，保留为证据不适用，不参与语义支持判定。,member1_chenmingjin,2026/10/4
509,ACCURATE,"HIV not only exploits many host factors for the successful completion of the life cycle (<|other_cit|>), it also exploits several key host factors that are critical for subversion of innate immune responses in target cells (<|multi_cit|>;",是,是,是,d3032#10,corpus.jsonl:L8368 doc_id=3032 sentence=10,d3032#10,是,否,否,一致,证据仅为图注(c)，不支持HIV利用宿主因子的广泛描述,句子说先天免疫因子不影响 HIV DNA 累积，未支持 HIV 利用宿主因子进行免疫逃逸的完整主张。,member1_chenmingjin,2026/10/4
526,ACCURATE,"The HIV-stimulated IFN response in Trex1-/- cells can be dampened by reverse transcriptase inhibitor (e.g., nevirapine) but not by integrase inhibitor (e.g., raltegravir), consistent with HIV DNA being the main pathogen associated molecular pattern (PAMP) detected by an innate immune sensor (<|cit|>).",是,是,是,d3037#0,corpus.jsonl:L8373 doc_id=3037 sentence=0,d3037#0,是,是,是,一致,证据直接显示RT抑制剂消除IFN而IN抑制剂不能，与claim一致,句子直接给出 RT 抑制剂而非整合酶抑制剂抑制 Trex1 缺失细胞的 IFN，并指向 HIV DNA。,member1_chenmingjin,2026/10/4
528,NOT_ACCURATE,"In the absence of TREX1, HIV infection triggers a robust type I IFN response strictly dependent upon the cytosolic DNA sensing pathway, including the endoplasmic reticulum (ER) localized adaptor stimulator of interferon genes (STING), TANK-binding kinase 1 (TBK1), and the transcription factor interferon regulatory factor 3 (IRF3) (<|cit|>)",是,是,是,d3003#9,corpus.jsonl:L8339 doc_id=3003 sentence=9,d3003#9,是,否,否,一致,证据为内源性逆转录元件DNA激活IFN，非HIV感染,证据说明TREX1缺失时胞质DNA触发IRF3依赖的IFN表达，未支持HIV感染、STING/TBK1及严格依赖关系。,member1_chenmingjin,2026/10/4
533,NOT_ACCURATE,"a significant proportion of participants, over forty percent, did agree with at least one mistrust item, and one in four participants agreed or strongly agreed that information about coronavirus was being withheld from the public, which was also common among Black Americans living with HIV [<|cit|>]",是,是,是,d37006#0,corpus.jsonl:L8405 doc_id=37006 sentence=0,d37006#0,是,否,否,一致,证据比例为97%，与claim的40%不一致,证据给出97%一般不信任和过半疫苗或治疗犹豫，未支持‘超过40%’、‘四分之一信息被隐瞒’及特定人群表述的完整组合。,member1_chenmingjin,2026/10/4
540,ACCURATE,"participants in the Bogart et al. study showed high rates of COVID-19 mistrust and hesitancy related to future vaccines [17]. Nearly all (97%) Black participants validated one mistrust belief, with the most being mistrust due to the government withholding of information concerning COVID-19 [<|cit|>].",是,是,是,d37006#0,corpus.jsonl:L8405 doc_id=37006 sentence=0,d37006#0,是,否,是,语义分歧，待共同裁决,证据支持97%不信任率，但未提及claim中最常见为政府隐瞒信息的具体内容,证据直接给出97%存在一般新冠不信任、过半存在未来疫苗或治疗犹豫，支持该主张。,member1_chenmingjin,2026/10/4
548,IRRELEVANT,Previous influenza vaccination was the most common determinant associated with lower vaccine hesitancy (n = 28) [<|multi_cit|>].,是,是,是,d37014#3,corpus.jsonl:L8413 doc_id=37014 sentence=3,d37014#3,是,否,证据不适用,字段口径待确认（IRRELEVANT：李云=证据不适用，师兄=二值）,证据为阴谋论与疫苗意图，未涉及流感疫苗接种,金标准证据为空，保留为证据不适用，不参与语义支持判定。,member1_chenmingjin,2026/10/4
555,ACCURATE,"In a study involving Black persons living with HIV, half of the participants perceived the COVID-19 vaccine as harmful and were worried about the safety of the vaccine [<|cit|>].",是,是,是,d37043#3,corpus.jsonl:L8442 doc_id=37043 sentence=3,d37043#3,是,否,否,一致,证据为超半数犹豫、约1/3不接种，claim称半数认为有害，比例和表述不一致,证据只说明未来疫苗或治疗犹豫，未支持‘一半认为疫苗有害且担心安全’这一完整主张。,member1_chenmingjin,2026/10/4
583,ACCURATE,"During the COVID-19 pandemic, several studies have evaluated the impact of lockdown on many aspects of lifestyle. [<|multi_cit|>].",是,是,是,d33000#0,corpus.jsonl:L8464 doc_id=33000 sentence=0,d33000#0,是,否,否,一致,证据仅为单篇论文标题，claim称几项研究，单篇不能支持多项,证据只是单篇研究题名，未支持‘多项研究评估封锁对生活方式影响’的完整概括。,member1_chenmingjin,2026/10/4
592,NOT_ACCURATE,"A recently published Italian study found that the intakes of potato chips, red meat, and sugary drinks increased significantly during the lockdown [<|cit|>].",是,是,是,d33035#3,corpus.jsonl:L8499 doc_id=33035 sentence=3,d33035#3,是,是,是,一致,证据直接给出薯片红肉含糖饮料显著增加，与claim一致,句子直接给出封锁期间薯片、红肉和含糖饮料摄入显著增加。,member1_chenmingjin,2026/10/4
