claim_id,gold,pred,claim,gold_ev,model_ev,loc_ok(是/否),ev_ok(是/否/不适用),note,locator_check,evidence_valid,semantic_review_status,stable_locator,corpus_sha256
146,ACCURATE,ACCURATE,Reduced ACE2 and TMPRSS2 expression were also reported in sputum samples of asthmatics who were on prolonged used of inhaled corticosteroids (<|cit|>).,"[d22004#2] Use of inhaled corticosteroids (ICS) was associated with lower expression of ACE2 and TMPRSS2, but treatment with triamcinolone acetonide did not decrease expression of either gene. || [d22000#0] COVID-19–related Genes in Sputum Cells in Asthma. || [d22000#1] Relationship to Demographic Features and Corticosteroids",[d22051#2] ACE2 (angiotensin-converting enzyme 2) and TMPRSS2 (transmembrane protease serine 2) are statistically significantly lower in patients on inhaled corticosteroids than in the control group of subjects not on inhaled corticosteroids.,是,,待核：定位可回溯，但仅凭机械比对不能确认语义证据是否适用,是,,待核：定位可回溯，但仅凭机械比对不能确认语义证据是否适用,corpus.jsonl:L7691 doc_id=22051 sentence=2,59F2309E1124C9D2EF8240D9C725E1A9377CED43AE34A13F222C7C42D40D8167
292,ACCURATE,ACCURATE,"Since the start of the coronavirus pandemic (COVID-19), it has been affecting health, societies and economies (<|multi_cit|>).","[d23001#0] The severe acute respiratory syndrome coronavirus-2 (SARS-CoV-2) pandemic was first reported in Wuhan, China in December 2019, moved across the globe at an unprecedented speed, and is having a profound and yet still unfolding health and socioeconomic impacts.",[d23009#4] No SARS-CoV infection has been reported since 2004.,是,,待核：定位可回溯，但仅凭机械比对不能确认语义证据是否适用,是,,待核：定位可回溯，但仅凭机械比对不能确认语义证据是否适用,corpus.jsonl:L7869 doc_id=23009 sentence=4,59F2309E1124C9D2EF8240D9C725E1A9377CED43AE34A13F222C7C42D40D8167
555,ACCURATE,ACCURATE,"In a study involving Black persons living with HIV, half of the participants perceived the COVID-19 vaccine as harmful and were worried about the safety of the vaccine [<|cit|>].",[d37042#0] ### Levels of General COVID-19 Mistrust and Vaccine and Treatment Hesitancy || [d37043#0] The sample showed high levels of general COVID-19 mistrust and high levels of hesitancy related to treatment and a future vaccine (Table 2).,"[d37043#3] More than half of participants showed hesitancy regarding a COVID-19 future vaccine or treatment across the items, with about a third saying they would not get vaccinated or treated.",是,,待核：定位可回溯，但仅凭机械比对不能确认语义证据是否适用,是,,待核：定位可回溯，但仅凭机械比对不能确认语义证据是否适用,corpus.jsonl:L8442 doc_id=37043 sentence=3,59F2309E1124C9D2EF8240D9C725E1A9377CED43AE34A13F222C7C42D40D8167
358,ACCURATE,ACCURATE,"Rapamycin induced inhibition of mTORC1 has also been shown to decrease beta-amyloid expression by increasing the rate of autophagy [<|multi_cit|>,2","[d2010#2] Here we show that long-term mTOR inhibition by rapamycin inhibited mTOR in brain, prevented AD-like cognitive deficits ( Fig. 1 ) and lowered levels of Aβ42 ( Fig. 2 ) in the PDAPP transgenic mouse model. || [d2010#3] These data indicate that inhibition of the mTOR pathway by long-term rapamycin treatment can reduce Aβ42 levels in vivo and block or delay AD in mice. || [d2003#3] As expected from the inhibition of mTOR, autophagy was increased in neurons of rapamycin-treated transgenic, but not in non-transgenic, PDAPP mice, suggesting that the reduction in Aβ and the improvement in cognitive function are due in part to increased autophagy, possibly as a response to high levels of Aβ.","[d2020#2] Moreover, rapamycin-induced autophagy has been implicated in the regulation of amyloid accumulation in vivo [26] and in the clearance of huntingtin[21], [40] and α-synuclein[41].",是,,待核：定位可回溯，但仅凭机械比对不能确认语义证据是否适用,是,,待核：定位可回溯，但仅凭机械比对不能确认语义证据是否适用,corpus.jsonl:L7953 doc_id=2020 sentence=2,59F2309E1124C9D2EF8240D9C725E1A9377CED43AE34A13F222C7C42D40D8167
526,ACCURATE,ACCURATE,"The HIV-stimulated IFN response in Trex1-/- cells can be dampened by reverse transcriptase inhibitor (e.g., nevirapine) but not by integrase inhibitor (e.g., raltegravir), consistent with HIV DNA being the main pathogen associated molecular pattern (PAMP) detected by an innate immune sensor (<|cit|>).","[d3005#6] IFN-β was secreted as assessed by ELISA of cultured supernatants (Fig. 1d). || [d3005#7] Nevirapine, which inhibits HIV reverse transcription, but not the IN inhibitor raltegravir, which acts after HIV DNA synthesis, inhibited IFN-β and IL-6 expression in response to HIV in Trex1−/− cells (Fig. 1e,f), suggesting that HIV reverse- transcribed DNA, rather than genomic RNA (gRNA), was triggering the response. || [d3034#6] Based on siRNA experiments, none of the known DNA sensors is involved. || [d3034#7] Therefore our working model of the innate immune pathway activated by cytosolic HIV DNA starts with an unknown sensor (that may preferentially recognize ssDNA) that signals through STING, TBK1 and IRF3 to activate IFN expression.","[d3037#0] HIV-stimulated IFN activation in Trex1−/− cells is eliminated by treating infected cells with an RT inhibitor, but not an IN inhibitor, suggesting that HIV DNA, but not gRNA, is the nucleic acid that triggers innate immunity.",是,,待核：定位可回溯，但仅凭机械比对不能确认语义证据是否适用,是,,待核：定位可回溯，但仅凭机械比对不能确认语义证据是否适用,corpus.jsonl:L8373 doc_id=3037 sentence=0,59F2309E1124C9D2EF8240D9C725E1A9377CED43AE34A13F222C7C42D40D8167
353,ACCURATE,NOT_ACCURATE,the activation of mTOR is likely to promote Aβ production.<|multi_cit|>,"[d2003#2] These data indicate that inhibition of the mTOR pathway can reduce Aβ42 levels in vivo and block or delay AD in mice. || [d2010#6] Consistent with this hypothesis, inhibition of mTOR by rapamycin had no effect on endogenous mouse Aβ levels in non- transgenic brains, in which the autophagic response was not activated. || [d2010#7] Thus, our data suggest that inhibition of mTOR by rapamycin, an intervention that extends lifespan in mice, can lower Aβ levels and slow or block AD progression in a transgenic mouse model of the disease, possibly by stimulating autophagy.","[d2021#6] It is possible that the activation of autophagy as a response to Aβ accumulation is reduced with increasing age[47], [48].",是,,待核：定位可回溯，但仅凭机械比对不能确认语义证据是否适用,是,,待核：定位可回溯，但仅凭机械比对不能确认语义证据是否适用,corpus.jsonl:L7954 doc_id=2021 sentence=6,59F2309E1124C9D2EF8240D9C725E1A9377CED43AE34A13F222C7C42D40D8167
364,ACCURATE,ACCURATE,"Some good examples so far include coordination activities, such as the COVID-MINDS Network (<|other_cit|>), the NIHR COVID-19 and Mental Health Studies Register (<|other_cit|>), and the COVID-19 Suicide Prevention Research Collaboration (<|cit|>)","[d25017#0] ## Contributor Information || [d25018#0] COVID-19 Suicide Prevention Research Collaboration: || [d25002#3] The response must capitalise on, but extend beyond, general mental health policies and practices. || [d25003#3] Selective, indicated, and universal interventions are required (figure ).",[d25018#0] COVID-19 Suicide Prevention Research Collaboration:,是,,待核：定位可回溯，但仅凭机械比对不能确认语义证据是否适用,是,,待核：定位可回溯，但仅凭机械比对不能确认语义证据是否适用,corpus.jsonl:L7991 doc_id=25018 sentence=0,59F2309E1124C9D2EF8240D9C725E1A9377CED43AE34A13F222C7C42D40D8167
254,ACCURATE,ACCURATE,"Some studies observed decreases in alcohol binge drinking<|other_cit|>, frequency of skipping breakfast5, decreases in eating fried foods5, meals eaten in restaurants5,<|other_cit|> and from fast food<|multi_cit|>","[d32044#1] Eating meals from restaurants and consuming preprepared food declined from 1.98 times per week to 1.08 times per week (P < 0.001), while cooking meals at home increased from 4.49 to 5.18 days per week (P < 0.001). || [d32044#2] The REAP‐s increased (0.81 [0.04], P < 0.001), indicating overall healthier eating. || [d32044#3] Positive reported eating behavior changes included a lower frequency of breakfast skipping, a lower frequency of eating four or more meals at a restaurant, a lower frequency of eating two or more meals from fast food, a lower frequency of consuming fried foods, and an increased frequency of eating fruit.","[d32044#3] Positive reported eating behavior changes included a lower frequency of breakfast skipping, a lower frequency of eating four or more meals at a restaurant, a lower frequency of eating two or more meals from fast food, a lower frequency of consuming fried foods, and an increased frequency of eating fruit.",是,是,已确认：模型证据句与至少一条金标准证据句完全一致,是,是,已确认：模型证据句与至少一条金标准证据句完全一致,corpus.jsonl:L7825 doc_id=32044 sentence=3,59F2309E1124C9D2EF8240D9C725E1A9377CED43AE34A13F222C7C42D40D8167
107,ACCURATE,ACCURATE,"We next designed a series of immunization regimens that we hypothesized would i) allow direct comparison of protective efficacy of single-shot versus two-dose prime-boost schedules, and ii) generate a range of binding and neutralizing antibody responses that could enable analyses of correlates of protection following challenge [<|multi_cit|>].",[d29000#0] Correlates of Protection Against SARS-CoV-2 in Rhesus Macaques || [d29001#2] Here we show that adoptive transfer of purified IgG from convalescent macaques protects naïve recipient rhesus macaques against SARS-CoV-2 challenge in a dose dependent fashion.,[d29031#3] Future studies could also be designed to evaluate the potential protective efficacy of cellular immune responses in the absence of antibody responses.,是,,待核：定位可回溯，但仅凭机械比对不能确认语义证据是否适用,是,,待核：定位可回溯，但仅凭机械比对不能确认语义证据是否适用,corpus.jsonl:L7573 doc_id=29031 sentence=3,59F2309E1124C9D2EF8240D9C725E1A9377CED43AE34A13F222C7C42D40D8167
229,ACCURATE,NOT_ACCURATE,"time spent or metabolic equivalent (MET) in PA pre and during COVID-19. All but one study [<|other_cit|>] reported a decrease in time or METs, with eight studies [<|multi_cit|>] reporting this decrease was statistically significant.","[d32004#1] During the pandemic, overall scores for healthy eating increased (P < 0.001), owing to less eating out and increased cooking (P < 0.001). || [d32004#2] Sedentary leisure behaviors increased, while time spent in physical activity (absolute time and intensity adjusted) declined (P < 0.001).",[d32031#5] Intensity‐adjusted physical activity was computed by multiplying the time spent in each activity by the corresponding MET value.,是,,待核：定位可回溯，但仅凭机械比对不能确认语义证据是否适用,是,,待核：定位可回溯，但仅凭机械比对不能确认语义证据是否适用,corpus.jsonl:L7812 doc_id=32031 sentence=5,59F2309E1124C9D2EF8240D9C725E1A9377CED43AE34A13F222C7C42D40D8167
263,ACCURATE,ACCURATE,"In the United States before and during the initial peak of the COVID-19 pandemic, cooking meals at home increased from 4.49 to 5.18 days per week [<|cit|>].","[d32043#0] ### Dietary and physical activity patterns || [d32044#0] Eating behaviors were significantly changed with COVID‐19 (Figure 2A). || [d32044#1] Eating meals from restaurants and consuming preprepared food declined from 1.98 times per week to 1.08 times per week (P < 0.001), while cooking meals at home increased from 4.49 to 5.18 days per week (P < 0.001).","[d32044#1] Eating meals from restaurants and consuming preprepared food declined from 1.98 times per week to 1.08 times per week (P < 0.001), while cooking meals at home increased from 4.49 to 5.18 days per week (P < 0.001).",是,是,已确认：模型证据句与至少一条金标准证据句完全一致,是,是,已确认：模型证据句与至少一条金标准证据句完全一致,corpus.jsonl:L7825 doc_id=32044 sentence=1,59F2309E1124C9D2EF8240D9C725E1A9377CED43AE34A13F222C7C42D40D8167
88,ACCURATE,NOT_ACCURATE,"he CCCP-stabilized form of PINK1 that localizes to the outer mitochondrial membrane facing the cytosol (<|cit|>), the 60-kD ΔMTS-PINK1, which appears in the absence of PARL, and the 52-kD PINK1 are protease-protected within polarized mitochondria (<|other_cit|>)","[d1049#6] Thus, increased expression of PINK1 on the outer mitochondrial membrane is sufficient to recruit Parkin to mitochondria. || [d1050#0] Next, we tested whether Parkin recruitment following increased PINK1 expression on the mitochondria is sufficient to induce mitophagy in the absence of depolarization with CCCP. || [d1050#3] Fusing the outer membrane anchor of OPA3 to PINK1 Δ1-110-YFP, which results in stable expression of PINK1 on mitochondria, restores the ability of PINK1 and Parkin to induce mitophagy ,with 76.4±2.2% of cells lacking mitochondria at 96 h (Figure 6G and 6H). || [d1050#4] These data demonstrate that stable expression of PINK1 on the outer mitochondrial membrane is sufficient to induce mitophagy in the presence of Parkin, irrespective of membrane potential. || [d1024#3] These data confirm that the increase in PINK1 expression following depolarization is not driven by an increase PINK1 transcription (Figure 2C). || [d1025#0] Finally, to test the localization of accumulated PINK1 on depolarized mitochondria, we performed a protease protection assay, using an antibody raised against PINK1's kinase domain. || [d1025#1] Consistent with results from a recent study of PINK1's topology when it is ectopically expressed [22], we found that the kinase domain of endogenous PINK1 faces the cytosol following depolarization (Figure S1E).","[d1049#3] We found that FRB-PINK1Δ1-110-YFP is in the cytosol in the absence of AP21967, but is quickly recruited to the outer mitochondrial membrane following the addition of AP21967 (Figure S4B and S4C).",是,,待核：定位可回溯，但仅凭机械比对不能确认语义证据是否适用,是,,待核：定位可回溯，但仅凭机械比对不能确认语义证据是否适用,corpus.jsonl:L7478 doc_id=1049 sentence=3,59F2309E1124C9D2EF8240D9C725E1A9377CED43AE34A13F222C7C42D40D8167
509,ACCURATE,NOT_ACCURATE,"HIV not only exploits many host factors for the successful completion of the life cycle (<|other_cit|>), it also exploits several key host factors that are critical for subversion of innate immune responses in target cells (<|multi_cit|>;","[d3034#0] HIV infection of its main target cells, macrophages and CD4+ T cells, does not induce cell-autonomous IFNs35. || [d3034#1] We showed here that the host cytoplasmic exonuclease TREX1 helps HIV evade innate immunity by digesting reverse transcripts that are not imported into the nucleus and would otherwise induce IFNs.",[d3032#10] (c) Innate immune factors involved in HIV-stimulated IFN response do not affect HIV DNA accumulation.,是,,待核：定位可回溯，但仅凭机械比对不能确认语义证据是否适用,是,,待核：定位可回溯，但仅凭机械比对不能确认语义证据是否适用,corpus.jsonl:L8368 doc_id=3032 sentence=10,59F2309E1124C9D2EF8240D9C725E1A9377CED43AE34A13F222C7C42D40D8167
583,ACCURATE,ACCURATE,"During the COVID-19 pandemic, several studies have evaluated the impact of lockdown on many aspects of lifestyle. [<|multi_cit|>].","[d33000#0] Effects of COVID‐19 Lockdown on Lifestyle Behaviors in Children with Obesity Living in Verona, Italy: A Longitudinal Study","[d33000#0] Effects of COVID‐19 Lockdown on Lifestyle Behaviors in Children with Obesity Living in Verona, Italy: A Longitudinal Study",是,是,已确认：模型证据句与至少一条金标准证据句完全一致,是,是,已确认：模型证据句与至少一条金标准证据句完全一致,corpus.jsonl:L8464 doc_id=33000 sentence=0,59F2309E1124C9D2EF8240D9C725E1A9377CED43AE34A13F222C7C42D40D8167
139,ACCURATE,NOT_ACCURATE,A recent passive immunization study in nonhuman primates suggested that high-level neutralizing humoral immunity may not be essential for protection against SARS-CoV-2 disease (<|cit|>).,"[d29001#4] These data demonstrate that relatively low antibody titers are sufficient for protection against SARS-CoV-2 in rhesus macaques, and that cellular immune responses may also contribute to protection if antibody responses are suboptimal.","[d29001#1] However, the importance of humoral and cellular immunity for protection against SARS-CoV-2 infection remains to be determined.",是,,待核：定位可回溯，但仅凭机械比对不能确认语义证据是否适用,是,,待核：定位可回溯，但仅凭机械比对不能确认语义证据是否适用,corpus.jsonl:L7543 doc_id=29001 sentence=1,59F2309E1124C9D2EF8240D9C725E1A9377CED43AE34A13F222C7C42D40D8167
540,ACCURATE,ACCURATE,"participants in the Bogart et al. study showed high rates of COVID-19 mistrust and hesitancy related to future vaccines [17]. Nearly all (97%) Black participants validated one mistrust belief, with the most being mistrust due to the government withholding of information concerning COVID-19 [<|cit|>].","[d37006#0] Nearly all participants (97%) endorsed at least one general COVID-19 mistrust belief, and more than half endorsed at least one COVID-19 vaccine or treatment hesitancy belief. || [d37043#0] The sample showed high levels of general COVID-19 mistrust and high levels of hesitancy related to treatment and a future vaccine (Table 2). || [d37043#1] Nearly all (97%) endorsed at least one mistrust belief. || [d37043#2] The most prevalent general mistrust beliefs (endorsed by about half or more than half) concerned withholding information or a lack of honesty by the government.","[d37006#0] Nearly all participants (97%) endorsed at least one general COVID-19 mistrust belief, and more than half endorsed at least one COVID-19 vaccine or treatment hesitancy belief.",是,,待核：定位可回溯，但仅凭机械比对不能确认语义证据是否适用,是,,待核：定位可回溯，但仅凭机械比对不能确认语义证据是否适用,corpus.jsonl:L8405 doc_id=37006 sentence=0,59F2309E1124C9D2EF8240D9C725E1A9377CED43AE34A13F222C7C42D40D8167
208,ACCURATE,ACCURATE,"A recent study showed that individuals with substance use disorders are also at increased risk of COVID-19 infection, hospitalization, and death<|multi_cit|>.","[d28001#6] COVID-19 patients with SUD had significantly worse outcomes (death: 9.6%, hospitalization: 41.0%) than general COVID-19 patients (death: 6.6%, hospitalization: 30.1%) and African Americans with COVID-19 and SUD had worse outcomes (death: 13.0%, hospitalization: 50.7%) than Caucasians (death: 8.6%, hospitalization: 35.2%). || [d28001#0] The global pandemic of COVID-19 is colliding with the epidemic of opioid use disorders (OUD) and other substance use disorders (SUD) in the United States (US). || [d28001#7] These findings identify individuals with SUD, especially individuals with OUD and African Americans, as having increased risk for COVID-19 and its adverse outcomes, highlighting the need to screen and treat individuals with SUD as part of the strategy to control the pandemic while ensuring no disparities in access to healthcare support.","[d28004#3] To the extent that chronic use of tobacco, alcohol and other drugs is associated with cardiovascular (arrhythmias, cardiac insufficiency, and myocardial infarction), pulmonary (COPD, pulmonary hypertension), and metabolic diseases (diabetes, hypertension) [6–10] all of which are risk factors for COVID-19 infection and for worse outcomes [11–13] one can also predict that individuals with SUD including OUD would be at increased risk for adverse COVID-19 outcomes [2].",是,,待核：定位可回溯，但仅凭机械比对不能确认语义证据是否适用,是,,待核：定位可回溯，但仅凭机械比对不能确认语义证据是否适用,corpus.jsonl:L7716 doc_id=28004 sentence=3,59F2309E1124C9D2EF8240D9C725E1A9377CED43AE34A13F222C7C42D40D8167
327,ACCURATE,ACCURATE,Decreased mTOR signaling leads to reduction in levels of Aβ (<|multi_cit|>),"[d2021#9] Although rapamycin treatment did not activate autophagy nor reduce endogenous mouse Aβ levels, it inhibited mTOR function in non-transgenic littermate brains, and this group showed trends to improved learning and retention. || [d2021#10] Although the differences in performance between control-fed and rapamycin-fed non- transgenic groups were not significant, they may suggest that changes in pathways different from autophagy (such as effects on the regulation of protein synthesis) as a result of long-term mTOR inhibition may have a positive effect on learning and memory. || [d2010#1] Whether inhibition of the mTOR pathway would delay or prevent age-associated disease such as AD remained to be determined. || [d2010#2] Here we show that long-term mTOR inhibition by rapamycin inhibited mTOR in brain, prevented AD-like cognitive deficits ( Fig. 1 ) and lowered levels of Aβ42 ( Fig. 2 ) in the PDAPP transgenic mouse model.","[d2021#0] The data presented here are, to our knowledge, the first to show that inhibition of mTOR by rapamycin decreased Aβ42 levels ( Fig. 2 ) and rescued cognitive function ( Fig. 1 ) in a mouse model of AD.",是,,待核：定位可回溯，但仅凭机械比对不能确认语义证据是否适用,是,,待核：定位可回溯，但仅凭机械比对不能确认语义证据是否适用,corpus.jsonl:L7954 doc_id=2021 sentence=0,59F2309E1124C9D2EF8240D9C725E1A9377CED43AE34A13F222C7C42D40D8167
420,ACCURATE,NOT_ACCURATE,Potential beneficial effects of TNFi have also been described in patients with COVID-19 with inflammatory bowel disease.<|cit|>,"[d34077#5] Additionally, in select high-risk patients (ie, older age or multiple comorbidities) in stable remission on TNF antagonist combination therapy, consideration of discontinuing the thiopurine while the COVID-19 pandemic continues may be warranted.","[d34078#1] Higher baseline TNF levels have been associated with an increased risk of death in COVID-19, and the use of TNF antagonists as a COVID-19 treatment has been advocated by some experts in order to blunt the robust inflammatory response seen in severe disease.15 22",是,,待核：定位可回溯，但仅凭机械比对不能确认语义证据是否适用,是,,待核：定位可回溯，但仅凭机械比对不能确认语义证据是否适用,corpus.jsonl:L8073 doc_id=34078 sentence=1,59F2309E1124C9D2EF8240D9C725E1A9377CED43AE34A13F222C7C42D40D8167
395,ACCURATE,ACCURATE,SECURE-IBD is a physician self-report database that collects information on global cases of COVID-19 occurring in people with IBD (<|multi_cit|>).,"[d34004#0] Surveillance Epidemiology of Coronavirus Under Research Exclusion for Inflammatory Bowel Disease (SECURE-IBD) is a large, international registry created to monitor outcomes of IBD patients with confirmed COVID-19.",[d34025#0] The SECURE-IBD database (www.covidibd.org) was created to monitor outcomes of COVID-19 occurring in paediatric and adult patients with IBD.,是,,待核：定位可回溯，但仅凭机械比对不能确认语义证据是否适用,是,,待核：定位可回溯，但仅凭机械比对不能确认语义证据是否适用,corpus.jsonl:L8020 doc_id=34025 sentence=0,59F2309E1124C9D2EF8240D9C725E1A9377CED43AE34A13F222C7C42D40D8167
451,ACCURATE,ACCURATE,Recent advances in the field suggest that breast tumors belonging to the claudin-low and basal-like intrinsic subtypes are particularly enriched in TIC cell signatures [<|multi_cit|>].,"[d5005#3] These distinct tumors were found in both human and murine breast tumor data sets and were characterized by the low gene expression of tight junction proteins claudin 3, 4 and 7 and E-cadherin, a calcium-dependent cell-cell adhesion glycoprotein. || [d5005#4] More recently, a tumor initiating cell (TIC) genomic signature derived from CD44+/CD24-/low-sorted cells and mammospheres obtained from primary human breast tumors was found to be exclusively enriched by gene expression in the claudin-low subtype [6,7], and the expression of this CD44+/CD24-/low/claudin-low profile increased in posttreatment samples after neoadjuvant chemotherapy or hormone therapy [7]. || [d5005#5] Overall, these studies suggest that the claudin-low tumor subtype lacks common epithelial cell features and is enriched for TIC features. || [d5066#3] Consistent with this finding, we observed a high mRNA expression of known transcriptional repressors of E-cadherin such as SNAI1, SNAI2, TWIST1, TWIST2, ZEB1 and ZEB2, and other EMT-inducing factors such as hypoxia-inducible factor-1a in claudin-low tumors [31] (Figure 1b, Figure S2 in Additional file 1). || [d5066#4] Thus, our data suggest that claudin-low tumors, compared with the other intrinsic breast tumor subtypes, are the most enriched for stem cell and/or TIC features, and on the basis of our vimentin immunofluorescence staining, it appears that these mesenchymal features are present within epithelial cells, which is a feature not seen in normal breast tissues.","[d5066#4] Thus, our data suggest that claudin-low tumors, compared with the other intrinsic breast tumor subtypes, are the most enriched for stem cell and/or TIC features, and on the basis of our vimentin immunofluorescence staining, it appears that these mesenchymal features are present within epithelial cells, which is a feature not seen in normal breast tissues.",是,是,已确认：模型证据句与至少一条金标准证据句完全一致,是,是,已确认：模型证据句与至少一条金标准证据句完全一致,corpus.jsonl:L8158 doc_id=5066 sentence=4,59F2309E1124C9D2EF8240D9C725E1A9377CED43AE34A13F222C7C42D40D8167
468,ACCURATE,NOT_ACCURATE,"Voineagu et al.[<|cit|>], who, included in their expression profiling study, used the AGRE data to perform an analysis searching for evidence of a genetic enrichment of immune loci.","[d9028#3] These results indicate that (a) M12 consists of a set of genes that are supported by independent lines of evidence to be causally involved in ASD pathophysiology, and (b) the upregulation of immune response genes in the autistic brain observed by us and others25 has no evidence of a common genetic component. || [d9029#0] Figure 4 GWAS set enrichment analysis || [d9030#0] A. GWAS set enrichment analysis using the discovery AGRE cohort from Wang et al.27",[d9030#0] A. GWAS set enrichment analysis using the discovery AGRE cohort from Wang et al.27,是,是,已确认：模型证据句与至少一条金标准证据句完全一致,是,是,已确认：模型证据句与至少一条金标准证据句完全一致,corpus.jsonl:L8210 doc_id=9030 sentence=0,59F2309E1124C9D2EF8240D9C725E1A9377CED43AE34A13F222C7C42D40D8167
443,ACCURATE,ACCURATE,The MDA-MB-231 cell line used in this study was originally described as Basal B and has been recently characterized as Claudin-low <|multi_cit|>.,"[d5041#3] We identified those genes whose expression distinguished each human tumor subtype using significance analysis of microarrays (SAM) in our UNC337 tumor database, including a list defining the normal breast-like group (Figure 2a). || [d5041#4] These nine cell lines (MDA-MB-435, MDA-MB-436, Hs578T, BT549, MDA-MB-231, MDA-MB-157, SUM1315MO2, SUM159PT and HBL100) showed a gene expression pattern similar to the claudin-low tumor subtype with the lowest expression of genes involved in epithelial cell-cell adhesion (i.e., E-cadherin and claudins 3, 4 and 7), luminal differentiation (i.e., CD24, EpCAM) and high values for the CD44/CD24 and CD49f/EpCAM mRNA ratios (Figure S4, Table S3 in Additional file 1). || [d5067#12] Special attention to the percentage of tumor cellularity of the sample being analyzed and/or strategies that can differentiate tumor cells with mesenchymal properties (i.e., immunoflourescence assays) from normal or tumor-associated fibroblasts with mesenchymal properties are needed for the further evaluation of this signature. || [d5067#13] Finally, from a translational point of view, it is interesting to note that the publicly available NCI-60 in vitro drug-screening database includes six breast cancer cell lines, four of which are claudin-low (BT549, MDA-MB-231, MDA-MB-435 and Hs578T) and two of which are luminal (MCF-7 and T47D).","[d5053#6] Except for the nine claudin-low cell lines, we used the subtype calls (luminal [L] and basal [B]) as reported in Neve et al. [21].",是,,待核：定位可回溯，但仅凭机械比对不能确认语义证据是否适用,是,,待核：定位可回溯，但仅凭机械比对不能确认语义证据是否适用,corpus.jsonl:L8145 doc_id=5053 sentence=6,59F2309E1124C9D2EF8240D9C725E1A9377CED43AE34A13F222C7C42D40D8167
218,ACCURATE,ACCURATE,"Other research reports similar variability in COVID-19-related changes to diet, with some individuals reporting healthy dietary changes and other reporting shifts to unhealthy patterns of intake [<|multi_cit|>].","[d32044#4] Reported negative eating behavior changes included increased consumption of sweets and sugar‐sweetened beverages. || [d32044#5] There were no reported differences in vegetable intake from before to during the pandemic. || [d32044#6] An increase in healthy snacking was reported by 25.8% of participants, whereas 43.5% reported an increase in unhealthy snacking. || [d32044#6] An increase in healthy snacking was reported by 25.8% of participants, whereas 43.5% reported an increase in unhealthy snacking. || [d32004#0] In total, 7,753 participants were included; 32.2% of the sample were individuals with normal weight, 32.1% had overweight, and 34.0% had obesity. || [d32004#1] During the pandemic, overall scores for healthy eating increased (P < 0.001), owing to less eating out and increased cooking (P < 0.001).","[d32022#1] Temporary closure to places of employment, restaurants, fitness facilities, and other public places has forced abrupt changes to habitual dietary and physical activity patterns.",是,,待核：定位可回溯，但仅凭机械比对不能确认语义证据是否适用,是,,待核：定位可回溯，但仅凭机械比对不能确认语义证据是否适用,corpus.jsonl:L7803 doc_id=32022 sentence=1,59F2309E1124C9D2EF8240D9C725E1A9377CED43AE34A13F222C7C42D40D8167
173,ACCURATE,NOT_ACCURATE,"asthma would not seem a risk factor for COVID-19 either in childhood or in adulthood (<|multi_cit|>,","[d22004#0] Measurements and Main Results: Gene expression of ACE2 was lower than TMPRSS2, and expression levels of both genes were similar in asthma and health.","[d22056#1] This finding is interesting, because diabetes is a risk factor for severe morbidity or death from COVID-19 (1).",是,,待核：定位可回溯，但仅凭机械比对不能确认语义证据是否适用,是,,待核：定位可回溯，但仅凭机械比对不能确认语义证据是否适用,corpus.jsonl:L7696 doc_id=22056 sentence=1,59F2309E1124C9D2EF8240D9C725E1A9377CED43AE34A13F222C7C42D40D8167
60,ACCURATE,NOT_ACCURATE,the full-length transmembrane ACE2 corresponds to 96–98% of the total amount of ACE2 even when shedding is enhanced [<|cit|>],"[d36011#6] However, given that by far the majority of ACE2 is membrane-bound, even a doubling is unlikely to significantly alter the amount of membrane-bound ACE2. || [d36011#7] For instance, if 2% of ACE2 occurs in a soluble form, doubling would increase this to 4%, while still 96% of ACE2 is membrane-bound. || [d36011#7] For instance, if 2% of ACE2 occurs in a soluble form, doubling would increase this to 4%, while still 96% of ACE2 is membrane-bound. || [d36011#8] Theoretically, RAS blockade might (partly) reverse this, thus returning the percent of membrane-bound ACE2 to 97–98. || [d36001#5] ACE2 in its full-length form is a membrane-bound enzyme, whereas its shorter (soluble) form circulates in blood at very low levels.","[d36011#6] However, given that by far the majority of ACE2 is membrane-bound, even a doubling is unlikely to significantly alter the amount of membrane-bound ACE2.",是,,待核：定位可回溯，但仅凭机械比对不能确认语义证据是否适用,是,,待核：定位可回溯，但仅凭机械比对不能确认语义证据是否适用,corpus.jsonl:L7404 doc_id=36011 sentence=6,59F2309E1124C9D2EF8240D9C725E1A9377CED43AE34A13F222C7C42D40D8167
90,ACCURATE,ACCURATE,PINK1 and Parkin have also been suggested to collaborate to form a mitochondrial quality control system <|multi_cit|>.,"[d1005#4] Since neurons in the SN are postmitotic, any mitochondrial damage they acquire could accumulate over an organism's lifetime, leading to progressive mitochondrial dysfunction—including increased oxidative stress, decreased calcium buffering capacity, loss of ATP, and, eventually, cell death—unless quality control processes eliminate the damaged mitochondria. || [d1006#0] Recent studies have linked Parkin and PINK1 in a pathway critical for the maintenance of mitochondrial integrity and function. || [d1006#3] Additionally, mice null for either Parkin or PINK1 exhibit increased oxidative damage and decreased mitochondrial function in the striatium (which receives projections from dopaminergic neurons) [16],[17]; and primary cells from patients with loss-of-function mutations in Parkin or PINK1 have similar abnormalities [18]–[20]. || [d1006#4] Together these findings suggest that Parkin and PINK1 may function in an evolutionarily conserved pathway critical for the maintenance of mitochondrial integrity and function.",[d1081#0] PINK1 and Parkin are a significant cause of autosomal recessive parkinsonism and have been genetically linked to a pathway that protects against progressive mitochondrial damage and dysfunction.,是,,待核：定位可回溯，但仅凭机械比对不能确认语义证据是否适用,是,,待核：定位可回溯，但仅凭机械比对不能确认语义证据是否适用,corpus.jsonl:L7510 doc_id=1081 sentence=0,59F2309E1124C9D2EF8240D9C725E1A9377CED43AE34A13F222C7C42D40D8167
122,ACCURATE,ACCURATE,CD8 depletion studies in non-human primate (NHP) challenge studies suggest T cells also play a protective role especially when antibody levels are low<|multi_cit|>,"[d29001#4] These data demonstrate that relatively low antibody titers are sufficient for protection against SARS-CoV-2 in rhesus macaques, and that cellular immune responses may also contribute to protection if antibody responses are suboptimal. || [d29001#3] Depletion of CD8+ T cells in convalescent animals partially abrogated the protective efficacy of natural immunity against SARS-CoV-2 re-challenge, suggesting the importance of cellular immunity in the context of waning or subprotective antibody titers.",[d29029#2] CD8 depletion studies also showed that cellular immunity can contribute to protection against SARS-CoV-2 re-challenge in convalescent macaques with waning antibody titers.,是,,待核：定位可回溯，但仅凭机械比对不能确认语义证据是否适用,是,,待核：定位可回溯，但仅凭机械比对不能确认语义证据是否适用,corpus.jsonl:L7571 doc_id=29029 sentence=2,59F2309E1124C9D2EF8240D9C725E1A9377CED43AE34A13F222C7C42D40D8167
362,ACCURATE,ACCURATE,"concern for rising numbers of violence-related injuries,<|other_cit|> increased social isolation, and prevalence of mental health problems,<|multi_cit|>","[d25002#0] The mental health effects of the coronavirus disease 2019 (COVID-19) pandemic might be profound1 and there are suggestions that suicide rates will rise, although this is not inevitable.","[d25014#2] Other concerns in these settings include social effects of banning religious gatherings and funerals, interpersonal violence, and vulnerable migrant workers.",是,,待核：定位可回溯，但仅凭机械比对不能确认语义证据是否适用,是,,待核：定位可回溯，但仅凭机械比对不能确认语义证据是否适用,corpus.jsonl:L7987 doc_id=25014 sentence=2,59F2309E1124C9D2EF8240D9C725E1A9377CED43AE34A13F222C7C42D40D8167
440,ACCURATE,ACCURATE,High CD44high/CD24- ratios have been associated with the claudin-low breast cancer subtype [<|multi_cit|>].,"[d5038#0] We next explored the mRNA expression of the TIC gene markers CD44 and CD24 and cell surface markers of epithelial differentiation such as MUC1, CD49f, and epithelial cell adhesion molecule (EpCAM) across the intrinsic subtypes (basal-like, claudin-low, luminal A, luminal B, HER2-enriched) and the normal breast-like group to determine their differentiation status. || [d5038#1] Overall, claudin- low tumors showed low mRNA expression of differentiated luminal cell surface markers (CD24, EpCAM and MUC1), while markers CD44 and CD49f were higher when compared to differentiated luminal tumors (P < 0.05, Student's t-test; Figure 1c, Figure S2 in Additional file 1).","[d5038#2] The expression pattern of these gene markers is concordant with CD44+/CD24-/low and CD49f+/EpCAM-/low antigenic phenotypes, which have been previously shown to be enriched in breast TICs [32,33] and mammary stem cells (MaSCs) [24].",是,,待核：定位可回溯，但仅凭机械比对不能确认语义证据是否适用,是,,待核：定位可回溯，但仅凭机械比对不能确认语义证据是否适用,corpus.jsonl:L8130 doc_id=5038 sentence=2,59F2309E1124C9D2EF8240D9C725E1A9377CED43AE34A13F222C7C42D40D8167
141,ACCURATE,ACCURATE,it has previously been reported that IgG was sufficient for protection against homologous SARS-CoV-2 challenge in macaques and that CD8 T cell responses also contributed to protection if antibody titres were subprotective<|cit|>,"[d29001#2] Here we show that adoptive transfer of purified IgG from convalescent macaques protects naïve recipient rhesus macaques against SARS-CoV-2 challenge in a dose dependent fashion. || [d29001#3] Depletion of CD8+ T cells in convalescent animals partially abrogated the protective efficacy of natural immunity against SARS-CoV-2 re-challenge, suggesting the importance of cellular immunity in the context of waning or subprotective antibody titers.","[d29001#4] These data demonstrate that relatively low antibody titers are sufficient for protection against SARS-CoV-2 in rhesus macaques, and that cellular immune responses may also contribute to protection if antibody responses are suboptimal.",是,,待核：定位可回溯，但仅凭机械比对不能确认语义证据是否适用,是,,待核：定位可回溯，但仅凭机械比对不能确认语义证据是否适用,corpus.jsonl:L7543 doc_id=29001 sentence=4,59F2309E1124C9D2EF8240D9C725E1A9377CED43AE34A13F222C7C42D40D8167
404,ACCURATE,ACCURATE,"In patients with stable disease, a de-escalation of combination therapy with thiopurine and anti-TNF should be considered[<|cit|>].","[d34077#3] This is in line with previous studies that have observed a higher risk of viral infections in patients treated with thiopurines alone or in combination with TNF antagonists.12 || [d34077#4] Our data suggest that COVID-19 should be added to the list of potential infectious complications associated with thiopurine therapy in IBD. || [d34077#5] Additionally, in select high-risk patients (ie, older age or multiple comorbidities) in stable remission on TNF antagonist combination therapy, consideration of discontinuing the thiopurine while the COVID-19 pandemic continues may be warranted.",[d34030#4] Combination therapy was considered coprescription of a TNF antagonist with a thiopurine.,是,,待核：定位可回溯，但仅凭机械比对不能确认语义证据是否适用,是,,待核：定位可回溯，但仅凭机械比对不能确认语义证据是否适用,corpus.jsonl:L8025 doc_id=34030 sentence=4,59F2309E1124C9D2EF8240D9C725E1A9377CED43AE34A13F222C7C42D40D8167
473,ACCURATE,NOT_ACCURATE,differentially expressed genes implicated recently by Voineagu et al. <|cit|>.,"[d9003#3] We identified 444 genes showing significant expression changes in autism cortex samples (DS1, Figure 1b), and only 2 genes differentially expressed (DE) between the autism and control groups in cerebellum (Methods), indicating that gene expression changes associated with autism were more pronounced in cerebral cortex, which became the focus of further analysis (Supplementary Table 2).","[d9022#5] Among these, 36 had been defined by Zhang et al.19",是,,待核：定位可回溯，但仅凭机械比对不能确认语义证据是否适用,是,,待核：定位可回溯，但仅凭机械比对不能确认语义证据是否适用,corpus.jsonl:L8202 doc_id=9022 sentence=5,59F2309E1124C9D2EF8240D9C725E1A9377CED43AE34A13F222C7C42D40D8167
154,ACCURATE,NOT_ACCURATE,"These reported discrepancies may be attributable to the overall under-diagnosis of CRDs, some level of protection provided by atopy [<|other_cit|>], or the use of inhaled corticosteroids [<|cit|>].","[d22005#1] The lower expression of ACE2 and TMPRSS2 with ICS use warrants prospective study of ICS use as a predictor of decreased susceptibility to SARS-CoV-2 infection and decreased COVID-19 morbidity. || [d22004#2] Use of inhaled corticosteroids (ICS) was associated with lower expression of ACE2 and TMPRSS2, but treatment with triamcinolone acetonide did not decrease expression of either gene. || [d22012#3] Higher expression of ACE2 and TMPRSS2 in males, African Americans, and patients with diabetes mellitus provides rationale for monitoring these asthma subgroups for poor COVID-19 outcomes. || [d22012#4] The lower expression of ACE2 and TMPRSS2 with ICS use warrants prospective study of ICS use as a predictor of decreased susceptibility to SARS-CoV-2 infection and decreased COVID-19 morbidity.","[d22058#3] The lack of agreement for the effects of inhaled versus systemic corticosteroids and SARS-CoV-2 genes in the SARP-3 cohort may be explained by multiple factors, including the possibility that the time point chosen for assessing the effects of TA on sputum cell gene expression was not optimal for the detection of any effect of TA on ACE2 or TMPRSS2 gene expression in lung cells.",是,,待核：定位可回溯，但仅凭机械比对不能确认语义证据是否适用,是,,待核：定位可回溯，但仅凭机械比对不能确认语义证据是否适用,corpus.jsonl:L7698 doc_id=22058 sentence=3,59F2309E1124C9D2EF8240D9C725E1A9377CED43AE34A13F222C7C42D40D8167
437,ACCURATE,ACCURATE,"CD44+/CD24- is considered a cancer stem cell or tumor initiating cell signature, and high CD44/CD24 ratios are characteristic of aggressive Claudin-low tumors and cell lines <|cit|>.","[d5069#1] For example, Charafe-Jauffret et al. [53] reported that in addition to having EMT features and high expression of stem cell markers such as ALDH1, many of these cell lines contain functional TICs. || [d5069#2] This is in concordance with another report [54] that showed that MDA-MB-231, SUM159PT and SUM1315MO2 have a high proportion (>90%) of CD44+/CD24-/low cells, and that the CD44+/CD24-/low subpopulation obtained from these cell lines was capable of self-renewal, forming tumors in nonobese diabetic severe combined immunodeficient mice, and were more resistant to chemotherapy. || [d5005#3] These distinct tumors were found in both human and murine breast tumor data sets and were characterized by the low gene expression of tight junction proteins claudin 3, 4 and 7 and E-cadherin, a calcium-dependent cell-cell adhesion glycoprotein. || [d5005#4] More recently, a tumor initiating cell (TIC) genomic signature derived from CD44+/CD24-/low-sorted cells and mammospheres obtained from primary human breast tumors was found to be exclusively enriched by gene expression in the claudin-low subtype [6,7], and the expression of this CD44+/CD24-/low/claudin-low profile increased in posttreatment samples after neoadjuvant chemotherapy or hormone therapy [7].","[d5005#4] More recently, a tumor initiating cell (TIC) genomic signature derived from CD44+/CD24-/low-sorted cells and mammospheres obtained from primary human breast tumors was found to be exclusively enriched by gene expression in the claudin-low subtype [6,7], and the expression of this CD44+/CD24-/low/claudin-low profile increased in posttreatment samples after neoadjuvant chemotherapy or hormone therapy [7].",是,是,已确认：模型证据句与至少一条金标准证据句完全一致,是,是,已确认：模型证据句与至少一条金标准证据句完全一致,corpus.jsonl:L8097 doc_id=5005 sentence=4,59F2309E1124C9D2EF8240D9C725E1A9377CED43AE34A13F222C7C42D40D8167
75,ACCURATE,ACCURATE,"mitochondrial stress, such as exposure to membrane potential inhibitors, initiates the PINK1/Parkin mitophagy pathway <|multi_cit|>.",[d1003#4] The findings we report in this paper suggest a new model in which PINK1 and Parkin together sense mitochondria in distress and selectively target them for degradation.,[d1071#3] That inhibition of PINK1 cleavage by mitochondrial depolarization up-regulates the PINK1/Parkin mitophagy pathway also raises the possibility that inhibitors of PINK1's protease might up-regulate the pathway and have some therapeutic benefit.,是,,待核：定位可回溯，但仅凭机械比对不能确认语义证据是否适用,是,,待核：定位可回溯，但仅凭机械比对不能确认语义证据是否适用,corpus.jsonl:L7500 doc_id=1071 sentence=3,59F2309E1124C9D2EF8240D9C725E1A9377CED43AE34A13F222C7C42D40D8167
54,ACCURATE,ACCURATE,"as proposed by several recent published authoritative reviews and research, studies on the association between RAAS inhibition therapy and treatment outcomes in COVID-19 patients are urgently needed [<|multi_cit|>]","[d36021#0] In closing, we see no reason to abandon or discontinue temporarily the use of RAS blockers preventatively in SARS-CoV-2 patients.29 || [d36021#1] There are some concerns that these agents, particularly ARBs, can affect the expression of ACE2 based on animal models that, however, have not been challenged with coronavirus infection to evaluate the impact of RAS blocker therapy. || [d36017#2] Instead, what has been reported is history of hypertension versus not, in SARS-CoV-2 patients, without any adjustment (eg, for age). || [d36017#3] The use of RAS blockers as a causal link is an assumption that lacks evidence, as discussed here.","[d36013#5] AT1 receptor blockers (ARBs) alter ACE2 expression more consistently in several studies, both at the mRNA and protein level.19–21",是,,待核：定位可回溯，但仅凭机械比对不能确认语义证据是否适用,是,,待核：定位可回溯，但仅凭机械比对不能确认语义证据是否适用,corpus.jsonl:L7406 doc_id=36013 sentence=5,59F2309E1124C9D2EF8240D9C725E1A9377CED43AE34A13F222C7C42D40D8167
134,ACCURATE,ACCURATE,"correlate of protection (CoP), a measurable immune response (often nAb titer) predictive of protection, as has been demonstrated for some licensed vaccines<|other_cit|>. As of October 2021, both meta-analyses and prospective case–cohort sampling analyses have found a strong correlation between nAb titers and protection against COVID-19<|other_cit|>. This is underpinned by passive immunization and preclinical vaccine efficacy studies in nonhuman primates (NHPs) that similarly support nAb as a CoP<|multi_cit|>",[d29001#2] Here we show that adoptive transfer of purified IgG from convalescent macaques protects naïve recipient rhesus macaques against SARS-CoV-2 challenge in a dose dependent fashion.,"[d29003#1] Both neutralizing antibody (NAb) titers as well as Fc functional antibody responses correlated with protection4,5, but direct data demonstrating the immunologic determinants of protection have been lacking.",是,,待核：定位可回溯，但仅凭机械比对不能确认语义证据是否适用,是,,待核：定位可回溯，但仅凭机械比对不能确认语义证据是否适用,corpus.jsonl:L7545 doc_id=29003 sentence=1,59F2309E1124C9D2EF8240D9C725E1A9377CED43AE34A13F222C7C42D40D8167
196,NOT_ACCURATE,NEI,"Due to their high prevalence of chronic diseases [<|cit|>], homelessness [<|other_cit|>], food insecurity [<|other_cit|>], frequent incarceration [<|other_cit|>], and behavioral risk factors (e.g., engaging in sex work, sharing needles with others) [<|other_cit|>], PWID are at elevated risk for SARS-CoV-2 infection and developing severe symptoms [14, <|other_cit|>].","[d28001#4] Compared to patients without SUD, patients with SUD had significantly higher prevalence of chronic kidney, liver, lung diseases, cardiovascular diseases, type 2 diabetes, obesity and cancer. || [d28001#0] The global pandemic of COVID-19 is colliding with the epidemic of opioid use disorders (OUD) and other substance use disorders (SUD) in the United States (US).","[d28044#5] Other factors including access to healthcare, socioeconomic status and other social adversity components may have contributed negatively to their increased risk of COVID-19 as well as to the adverse outcomes.",是,,待核：定位可回溯，但仅凭机械比对不能确认语义证据是否适用,是,,待核：定位可回溯，但仅凭机械比对不能确认语义证据是否适用,corpus.jsonl:L7756 doc_id=28044 sentence=5,59F2309E1124C9D2EF8240D9C725E1A9377CED43AE34A13F222C7C42D40D8167
12,NOT_ACCURATE,ACCURATE,"ABCA7, a novel AD risk locus gene <|multi_cit|>","[d4032#2] If there are many loci of more modest effects, some, but not all, will likely be detected in any one study. || [d4032#3] This likely explains the genome-wide statistical significance for the ABCA7 locus in the accompanying manuscript12, which reaches only modest statistical significance in our dataset (rs3752246; PM = 1.0 × 10−5, PJ = 1.9 × 10−5).","[d4006#5] identified SNPs at ABCA7 as a novel LOAD locus, we included ABCA7 region SNPs in Stage 2 and provided the results to Hollingworth et al.12.",是,,待核：定位可回溯，但仅凭机械比对不能确认语义证据是否适用,是,,待核：定位可回溯，但仅凭机械比对不能确认语义证据是否适用,corpus.jsonl:L7257 doc_id=4006 sentence=5,59F2309E1124C9D2EF8240D9C725E1A9377CED43AE34A13F222C7C42D40D8167
391,NOT_ACCURATE,NOT_ACCURATE,"individuals with IBD receiving immunosuppressive medications may be at higher risk of contracting severe COVID-19 than the general public (<|multi_cit|>,",[d34006#0] ### Conclusion || [d34007#0] Combination therapy and thiopurines may be associated with an increased risk of severe COVID-19.,"[d34022#2] However, it is also possible that immunosuppressive medications may be associated with a decreased risk of adverse COVID-19 outcomes by limiting the cytokine storm characteristic of severe COVID-19.15 16",是,,待核：定位可回溯，但仅凭机械比对不能确认语义证据是否适用,是,,待核：定位可回溯，但仅凭机械比对不能确认语义证据是否适用,corpus.jsonl:L8017 doc_id=34022 sentence=2,59F2309E1124C9D2EF8240D9C725E1A9377CED43AE34A13F222C7C42D40D8167
199,NOT_ACCURATE,NOT_ACCURATE,"we found that injection drug use [<|cit|>], problematic alcohol use, schizophrenia and psychotic disorders [<|other_cit|>] as well as intellectual and developmental disability were independently associated with higher risk of hospitalization","[d28001#6] COVID-19 patients with SUD had significantly worse outcomes (death: 9.6%, hospitalization: 41.0%) than general COVID-19 patients (death: 6.6%, hospitalization: 30.1%) and African Americans with COVID-19 and SUD had worse outcomes (death: 13.0%, hospitalization: 50.7%) than Caucasians (death: 8.6%, hospitalization: 35.2%). || [d28001#0] The global pandemic of COVID-19 is colliding with the epidemic of opioid use disorders (OUD) and other substance use disorders (SUD) in the United States (US).","[d28049#3] Second, due to limited sample sizes for COVID-19 cases among patients with SUD (1880 cases for all SUD and 210 for OUD), the large number of SUD-associated comorbidities, as well as inter-dependency among comorbidities (e.g., diabetes, hypertension, and obesity), we are currently unable to control for these comorbidities as well as their associated medications, behaviors and other socioeconomic factors in order to assess the direct effects of addictive drugs or of SUD as a disease entity on COVID-19 risk.",是,,待核：定位可回溯，但仅凭机械比对不能确认语义证据是否适用,是,,待核：定位可回溯，但仅凭机械比对不能确认语义证据是否适用,corpus.jsonl:L7761 doc_id=28049 sentence=3,59F2309E1124C9D2EF8240D9C725E1A9377CED43AE34A13F222C7C42D40D8167
155,NOT_ACCURATE,ACCURATE,"ICS may decrease both ACE2 and TMPRSS2 gene expression on respiratory epithelial cells, decreasing susceptibility of SARS-Cov-2 viral binding to receptors on respiratory epithelium.<|multi_cit|>","[d22000#0] COVID-19–related Genes in Sputum Cells in Asthma. || [d22000#1] Relationship to Demographic Features and Corticosteroids || [d22053#2] In this subgroup analysis, we found no difference between ACE2 or TMPRSS2 sputum gene expression measures between subjects (Figure E2). || [d22054#0] ACE2 and TMPRSS2 expression mediate SARS-CoV-2 infection of host lung cells (3), and it is reasonable to infer that increases in their expression in lung cells will increase susceptibility to SARS-CoV-2 infection or lead to more severe COVID-19 disease.","[d22057#0] TMPRSS2 is a transmembrane protease that modifies spike proteins in multiple viruses—including SARS-CoV, SARS-CoV-2, Middle East Respiratory Syndrome–CoV, and influenza A and B—to promote viral infection and spread (3).",是,,待核：定位可回溯，但仅凭机械比对不能确认语义证据是否适用,是,,待核：定位可回溯，但仅凭机械比对不能确认语义证据是否适用,corpus.jsonl:L7697 doc_id=22057 sentence=0,59F2309E1124C9D2EF8240D9C725E1A9377CED43AE34A13F222C7C42D40D8167
322,NOT_ACCURATE,NOT_ACCURATE,"effects of the coronavirus epidemic and the quarantine such as stress, confusion, and anger has been reported by the research (<|other_cit|>). Other psychological and social effects include social isolation, financial insecurity, job loss, and childcare challenges. Social health is the ability to perform effectively and efficiently social roles without harming others. It is associated with social skills, social performance, and the ability to recognize oneself as a member of a larger community (<|other_cit|>). However, the effects have not only been limited to psychological problems and the disease has also led to poverty and social welfare problems (<|other_cit|>), physical health problems and heart disease (<|other_cit|>), educational problems (<|other_cit|>), and nutritional problems (<|cit|>).",[d30000#0] The impact of nutrition on COVID-19 susceptibility and long-term consequences,"[d30007#3] Furthermore, there is a well-known association between pathological levels of neuroinflammation and neurodegenerative diseases such as Alzheimer’s and other forms of dementia.",是,,待核：定位可回溯，但仅凭机械比对不能确认语义证据是否适用,是,,待核：定位可回溯，但仅凭机械比对不能确认语义证据是否适用,corpus.jsonl:L7929 doc_id=30007 sentence=3,59F2309E1124C9D2EF8240D9C725E1A9377CED43AE34A13F222C7C42D40D8167
466,NOT_ACCURATE,NOT_ACCURATE,"The comparison of findings between the present study and Voineagu et al. <|cit|>, have identified potential functional genomic abnormalities in autism, biological validation requires postmo","[d9032#2] We show that the transcriptome changes observed in ASD brain converge with GWAS data in supporting the genetic basis of synaptic and neuronal signaling dysfunction in ASD, while immune changes have a less pronounced genetic component and thus are most likely either secondary phenomena or caused by environmental factors. || [d9032#3] Since immune molecules and cells such as microglia play a role in synaptic development and function26, we speculate that the observed immune up- regulation may be related to abnormal ongoing plasticity in ASD brain. || [d9001#4] We further identify discrete modules of co-expressed genes associated with autism: a neuronal module enriched for known autism susceptibility genes, including the neuronal specific splicing factor A2BP1/FOX1, and a module enriched for immune genes and glial markers.","[d9027#2] The RNA-Seq data thus provides validation of the functional groups of genes identified by co-expression analysis, and evidence for a convergence of transcriptional and alternative-splicing abnormalities in the synaptic and signaling pathogenesis of ASD.",是,,待核：定位可回溯，但仅凭机械比对不能确认语义证据是否适用,是,,待核：定位可回溯，但仅凭机械比对不能确认语义证据是否适用,corpus.jsonl:L8207 doc_id=9027 sentence=2,59F2309E1124C9D2EF8240D9C725E1A9377CED43AE34A13F222C7C42D40D8167
149,NOT_ACCURATE,ACCURATE,"Moreover, a study examining the relation between increase the in gene expression of ACE 2 and TMPRSS 2 is related to increased symptoms severity in COVID-19, in the meantime African Americans show and increased gene expression of ACE2 and TRPSS2 putting them at a higher risk with COVID-19 infections (<|cit|>).","[d22005#0] Conclusions: Higher expression of ACE2 and TMPRSS2 in males, African Americans, and patients with diabetes mellitus provides rationale for monitoring these asthma subgroups for poor COVID-19 outcomes. || [d22053#2] In this subgroup analysis, we found no difference between ACE2 or TMPRSS2 sputum gene expression measures between subjects (Figure E2). || [d22054#0] ACE2 and TMPRSS2 expression mediate SARS-CoV-2 infection of host lung cells (3), and it is reasonable to infer that increases in their expression in lung cells will increase susceptibility to SARS-CoV-2 infection or lead to more severe COVID-19 disease.","[d22056#3] The higher expression of ACE2 in African Americans is also noteworthy, because COVID-19 outcomes in African Americans, Africans, or other persons of African descent have not yet been reported in any detail.",是,,待核：定位可回溯，但仅凭机械比对不能确认语义证据是否适用,是,,待核：定位可回溯，但仅凭机械比对不能确认语义证据是否适用,corpus.jsonl:L7696 doc_id=22056 sentence=3,59F2309E1124C9D2EF8240D9C725E1A9377CED43AE34A13F222C7C42D40D8167
528,NOT_ACCURATE,ACCURATE,"In the absence of TREX1, HIV infection triggers a robust type I IFN response strictly dependent upon the cytosolic DNA sensing pathway, including the endoplasmic reticulum (ER) localized adaptor stimulator of interferon genes (STING), TANK-binding kinase 1 (TBK1), and the transcription factor interferon regulatory factor 3 (IRF3) (<|cit|>)","[d3001#5] TREX1 bound to cytosolic HIV DNA and digested excess HIV DNA that would otherwise activate IFN expression via a TBK1, STING and IRF3 dependent pathway. || [d3001#6] HIV-stimulated IFN production in cells deficient in TREX1 did not involve known nucleic acid sensors.","[d3003#9] TREX1 binds to transfected immunostimulatory DNA (ISD), and Trex1−/− cells accumulate cytoplasmic DNA derived from endogenous retroelements, which activates interferon regulatory factor 3 (IRF3)-dependent IFN expression6,7.",是,,待核：定位可回溯，但仅凭机械比对不能确认语义证据是否适用,是,,待核：定位可回溯，但仅凭机械比对不能确认语义证据是否适用,corpus.jsonl:L8339 doc_id=3003 sentence=9,59F2309E1124C9D2EF8240D9C725E1A9377CED43AE34A13F222C7C42D40D8167
533,NOT_ACCURATE,ACCURATE,"a significant proportion of participants, over forty percent, did agree with at least one mistrust item, and one in four participants agreed or strongly agreed that information about coronavirus was being withheld from the public, which was also common among Black Americans living with HIV [<|cit|>]","[d37006#0] Nearly all participants (97%) endorsed at least one general COVID-19 mistrust belief, and more than half endorsed at least one COVID-19 vaccine or treatment hesitancy belief.","[d37006#0] Nearly all participants (97%) endorsed at least one general COVID-19 mistrust belief, and more than half endorsed at least one COVID-19 vaccine or treatment hesitancy belief.",是,是,已确认：模型证据句与至少一条金标准证据句完全一致,是,是,已确认：模型证据句与至少一条金标准证据句完全一致,corpus.jsonl:L8405 doc_id=37006 sentence=0,59F2309E1124C9D2EF8240D9C725E1A9377CED43AE34A13F222C7C42D40D8167
592,NOT_ACCURATE,ACCURATE,"A recently published Italian study found that the intakes of potato chips, red meat, and sugary drinks increased significantly during the lockdown [<|cit|>].","[d33004#0] There were no changes in reported vegetable intake; fruit intake increased (P = 0.055) during the lockdown. || [d33004#1] By contrast, potato chip, red meat, and sugary drink intakes increased significantly during the lockdown (P value range, 0.005 to < 0.001). || [d33000#0] Effects of COVID‐19 Lockdown on Lifestyle Behaviors in Children with Obesity Living in Verona, Italy: A Longitudinal Study","[d33035#3] Potato chips, red meat, and sugary drink intakes all increased significantly (P = 0.005 to < 0.001) during the lockdown.",是,,待核：定位可回溯，但仅凭机械比对不能确认语义证据是否适用,是,,待核：定位可回溯，但仅凭机械比对不能确认语义证据是否适用,corpus.jsonl:L8499 doc_id=33035 sentence=3,59F2309E1124C9D2EF8240D9C725E1A9377CED43AE34A13F222C7C42D40D8167
245,NOT_ACCURATE,NOT_ACCURATE,"More than two thirds of the participants reported increasing their sedentary behavior during shelter-in-place, a finding replicated in the U.S. [<|multi_cit|>]","[d32038#0] In total, 12,476 individuals provided consent, and 7,753 individuals completed the first COVID‐19 question and were therefore included in the analysis (Figure 1). || [d32038#1] Individuals primarily resided in the US (n = 4,890), the UK (n = 1,839), Australia (n = 497), and Canada (n = 154), which together composed 95.2% of the sample.","[d32029#4] The topics included the following: breakfast skipping; consuming less than two fruits and vegetables per day; eating four or more meals from a sit‐down or takeout restaurant; eating fast food two or more times; eating fried foods; eating sweets, and desserts; and drinking more than 16 ounces of sugar‐sweetened beverages.",是,,待核：定位可回溯，但仅凭机械比对不能确认语义证据是否适用,是,,待核：定位可回溯，但仅凭机械比对不能确认语义证据是否适用,corpus.jsonl:L7810 doc_id=32029 sentence=4,59F2309E1124C9D2EF8240D9C725E1A9377CED43AE34A13F222C7C42D40D8167
335,NOT_ACCURATE,ACCURATE,"rapamycin reduces soluble Aβ and tau pathology and the associated early cognitive deficits in 6-month-old transgenic mice <|multi_cit|>,","[d2018#3] At 4 mo, hAPP(J20) PDAPP mice [9], [10], [11], [29], [30], [31], [32] show high Aβ levels and synaptic dysfunction[11], [32], but no Aβ plaques or spatial memory impairments. || [d2018#4] At the end of treatment (7 mo), learning and memory were tested using the Morris water maze [11], [31], [33], [34]. || [d2024#4] Rapamycin administration and behavioral experiments involving PDAPP mice were conducted at the Buck Institute for Age Research, Novato, CA. || [d2024#5] Experimental groups were: control-fed non-Tg, n = 10; rapamycin- fed non-Tg, n = 10; control-fed Tg, n = 12; rapamycin-fed Tg, n = 12, all animals were males and 7 month-old at the time of testing.",[d2000#0] # Inhibition of mTOR by Rapamycin Abolishes Cognitive Deficits and Reduces Amyloid-β Levels in a Mouse Model of Alzheimer's Disease,是,,待核：定位可回溯，但仅凭机械比对不能确认语义证据是否适用,是,,待核：定位可回溯，但仅凭机械比对不能确认语义证据是否适用,corpus.jsonl:L7933 doc_id=2000 sentence=0,59F2309E1124C9D2EF8240D9C725E1A9377CED43AE34A13F222C7C42D40D8167
347,NOT_ACCURATE,ACCURATE,"In two independent mouse models of AD, rapamycin, through inhibition of mTOR signaling, rescued cognitive deficits by suppressing extracellular Aβ deposition and intracellular tau accumulation [<|multi_cit|>].","[d2019#5] In addition, the reduction in Aβ42 did not likely arise from increased degradation, since levels of the two major Aβ-degrading activities, neprilysin (NEP)[35], and insulin-degrading enzyme (IDE)[38] were unchanged in brains of control- and rapamycin-fed PDAPP mice as well ( Fig. 2f, j–k ). || [d2019#6] Aβ deposition was not determined since no Aβ plaques are detectable in PDAPP mice at 7 mo.",[d2000#0] # Inhibition of mTOR by Rapamycin Abolishes Cognitive Deficits and Reduces Amyloid-β Levels in a Mouse Model of Alzheimer's Disease,是,,待核：定位可回溯，但仅凭机械比对不能确认语义证据是否适用,是,,待核：定位可回溯，但仅凭机械比对不能确认语义证据是否适用,corpus.jsonl:L7933 doc_id=2000 sentence=0,59F2309E1124C9D2EF8240D9C725E1A9377CED43AE34A13F222C7C42D40D8167
342,NOT_ACCURATE,NOT_ACCURATE,recent publications indicate that pharmacological stimulation of autophagy can be beneficial and reduce Aβ mediated toxicity <|multi_cit|>.,"[d2010#6] Consistent with this hypothesis, inhibition of mTOR by rapamycin had no effect on endogenous mouse Aβ levels in non- transgenic brains, in which the autophagic response was not activated. || [d2010#7] Thus, our data suggest that inhibition of mTOR by rapamycin, an intervention that extends lifespan in mice, can lower Aβ levels and slow or block AD progression in a transgenic mouse model of the disease, possibly by stimulating autophagy.",[d2003#2] These data indicate that inhibition of the mTOR pathway can reduce Aβ42 levels in vivo and block or delay AD in mice.,是,,待核：定位可回溯，但仅凭机械比对不能确认语义证据是否适用,是,,待核：定位可回溯，但仅凭机械比对不能确认语义证据是否适用,corpus.jsonl:L7936 doc_id=2003 sentence=2,59F2309E1124C9D2EF8240D9C725E1A9377CED43AE34A13F222C7C42D40D8167
164,NOT_ACCURATE,NOT_ACCURATE,"SARS-CoV-2 receptors are elevated in situations of COPD, as well as diabetes and male gender [<|multi_cit|>]","[d22004#1] Among patients with asthma, male sex, African American race, and history of diabetes mellitus were associated with higher expression of ACE2 and TMPRSS2. || [d22060#5] Second, for the corticosteroid results reported here, the data were not generated in a randomized, prospective, or placebo-controlled study. || [d22060#6] Third, it is not confirmed that mRNA expression reflects protein levels, which need to be validated.","[d22059#3] Non–asthma-related factors, such as male sex, African American race, and metabolic disease (diabetes mellitus), may be more important and more generalizable risks for susceptibility to SARS-CoV-2 infection and more severe COVID-19 morbidity.",是,,待核：定位可回溯，但仅凭机械比对不能确认语义证据是否适用,是,,待核：定位可回溯，但仅凭机械比对不能确认语义证据是否适用,corpus.jsonl:L7699 doc_id=22059 sentence=3,59F2309E1124C9D2EF8240D9C725E1A9377CED43AE34A13F222C7C42D40D8167
16,IRRELEVANT,NOT_ACCURATE,"All variants classified as “likely pathogenic” or with an “unknown pathogenicity”, and some “non-pathogenic” variants were genotyped in 961 sporadic AD cases, 1,346 unrelated elderly non-demented controls <|multi_cit|>","[d4000#0] # Common variants in MS4A4/MS4A6E, CD2uAP, CD33, and EPHA1 are associated with late-onset Alzheimer’s disease","[d4005#5] For both approaches, we also examined an extended model of covariate adjustment that adjusted for age (age at onset or death in cases; age at exam or death in controls), sex, and number of APOE ε4 alleles (0, 1, or 2).",是,,待核：定位可回溯，但仅凭机械比对不能确认语义证据是否适用,是,,待核：定位可回溯，但仅凭机械比对不能确认语义证据是否适用,corpus.jsonl:L7256 doc_id=4005 sentence=5,59F2309E1124C9D2EF8240D9C725E1A9377CED43AE34A13F222C7C42D40D8167
166,IRRELEVANT,NOT_ACCURATE,"The two polymorphisms rs112132031 and rs75603675 identified in 10.67 and 4.85% of our cohort, respectively, may be relevant for COVID-19 Cytokine Release syndrome and conjunctival infection according to earlier reports (<|cit|>).",,"[d22056#5] To our knowledge, little is known about polymorphisms that may affect ACE2.",是,证据不适用,已确认：金标准证据为空，保留为证据不适用,是,证据不适用,已确认：金标准证据为空，保留为证据不适用,corpus.jsonl:L7696 doc_id=22056 sentence=5,59F2309E1124C9D2EF8240D9C725E1A9377CED43AE34A13F222C7C42D40D8167
548,IRRELEVANT,NOT_ACCURATE,Previous influenza vaccination was the most common determinant associated with lower vaccine hesitancy (n = 28) [<|multi_cit|>].,,[d37014#3] A national US survey of a mostly White sample found that belief in COVID-19 conspiracies was associated with lower vaccine intentions.37,是,证据不适用,已确认：金标准证据为空，保留为证据不适用,是,证据不适用,已确认：金标准证据为空，保留为证据不适用,corpus.jsonl:L8413 doc_id=37014 sentence=3,59F2309E1124C9D2EF8240D9C725E1A9377CED43AE34A13F222C7C42D40D8167
314,IRRELEVANT,NOT_ACCURATE,"Since its appearance at the end of 2019, coronavirus disease 2019 (COVID-19) has immediately shown a high rate of transmission, forcing the World Health Organization (WHO) to declare in March 2020 that this unknown coronavirus, named severe acute respiratory syndrome coronavirus 2 (SARS CoV-2), can be characterized as a pandemic [<|multi_cit|>].",,"[d30003#0] COVID-19 is a respiratory disease caused by the novel coronavirus, SARS-CoV-2, that has reached pandemic status.",是,证据不适用,已确认：金标准证据为空，保留为证据不适用,是,证据不适用,已确认：金标准证据为空，保留为证据不适用,corpus.jsonl:L7925 doc_id=30003 sentence=0,59F2309E1124C9D2EF8240D9C725E1A9377CED43AE34A13F222C7C42D40D8167
477,IRRELEVANT,ACCURATE,"Remdesivir is a nucleotide analog antiviral medication that has activity against SARS-CoV and MERS-CoV, as well as other RNA viruses. It is a broad-spectrum agent which is an ideal starting therapy. In vitro studies demonstrate inhibitory activity toward cell entry of SARS-CoV-2.[<|multi_cit|>]",,"[d35005#0] Remdesivir (RDV, GS-5734) is a broad-spectrum antiviral nucleotide prodrug with potent in vitro antiviral activity against a diverse panel of RNA viruses such as Ebola virus (EBOV), Marburg, MERS-CoV, SARS-CoV, respiratory syncytial virus (RSV), Nipah virus (NiV), and Hendra virus16–18.",是,证据不适用,已确认：金标准证据为空，保留为证据不适用,是,证据不适用,已确认：金标准证据为空，保留为证据不适用,corpus.jsonl:L8228 doc_id=35005 sentence=0,59F2309E1124C9D2EF8240D9C725E1A9377CED43AE34A13F222C7C42D40D8167
390,IRRELEVANT,ACCURATE,We first assessed S1-RBD–specific serum antibodies to confirm that the patients with IBD in our study had the serological defects noted in other publications (<|multi_cit|>).,,"[d34078#0] In addition, most of our data suggest the possibility that TNF antagonist therapy may have a protective effect against the development of severe COVID-19 relative to other IBD therapies.",是,证据不适用,已确认：金标准证据为空，保留为证据不适用,是,证据不适用,已确认：金标准证据为空，保留为证据不适用,corpus.jsonl:L8073 doc_id=34078 sentence=0,59F2309E1124C9D2EF8240D9C725E1A9377CED43AE34A13F222C7C42D40D8167
